ubi,465615,1,20180611,20171218,1,"1275,946","152,042"
ubi,459224,1,20190211,20160528,2,"660,631","1010,391"
ubi,341433,4,20190204,20170426,0,"616,506","1758,618"
ubi,287458,3,20180216,20160115,1,"386,467","891,990"
ubi,403013,4,20181229,20170101,1,"899,603","1099,384"
ubi,399765,5,20160325,20160726,,"508,258","12,998"
ubi,413656,2,20160815,20180816,2,"1726,530","1689,789"
ubi,465615,1,20151003,20170223,,"1876,045","639,114"
ubi,417812,1,20170103,20151103,,"1802,303","485,514"
ubi,433291,,20180413,20180223,0,"713,140","1365,833"
ubi,403013,1,20170118,20151014,1,"644,808","1623,498"
ubi,438349,4,20170208,20171130,2,"812,580","59,413"
ubi,413656,3,20151122,20180309,1,"704,113","1626,024"
ubi,459224,5,20180405,20180201,1,"890,420","1882,505"
ubi,403013,3,20160730,20181105,2,"697,812","775,540"
ubi,413656,4,20160102,20171218,0,"1015,770","514,531"
ubi,465615,1,20181006,20151213,0,"1179,513","1779,229"
ubi,341433,2,20161021,20160526,2,"1922,021","1690,206"
ubi,351437,1,20190319,20190410,,"492,793","1520,565"
ubi,413656,,20181031,20171215,,"1686,263","215,114"
ubi,438349,1,20171121,20180812,2,"1759,449","1625,696"
ubi,399765,,20180523,20170910,0,"1842,082","1030,935"
ubi,504331,4,20160104,20190220,0,"691,721","535,339"
ubi,287458,1,20180114,20180818,2,"673,439","1035,054"
ubi,392376,2,20180313,20170113,,"1658,144","231,893"
ubi,433291,3,20160316,20171007,1,"406,168","1851,570"
ubi,403013,2,20180616,20151203,,"1316,502","199,262"
ubi,459224,,20170629,20190517,1,"255,890","1731,740"
ubi,413656,1,20180824,20160517,0,"163,934","727,070"
ubi,397559,3,20151028,20180121,,"674,383","755,984"
ubi,397559,,20150809,20160620,0,"888,488","1629,590"
ubi,287458,,20190105,20150817,0,"1985,693","330,187"
ubi,438349,3,20160618,20190120,0,"560,029","1135,705"
ubi,397559,2,20161221,20171216,0,"1138,349","1691,544"
ubi,399765,1,20190128,20190201,0,"683,500","1589,084"
ubi,459224,5,20170730,20150928,1,"759,668","1978,636"
ubi,417812,4,20161111,20151018,2,"847,931","1133,563"
ubi,465615,4,20190526,20161014,0,"1248,485","124,077"
ubi,341433,3,20181125,20160327,2,"1273,846","531,800"
ubi,417812,1,20160318,20190310,1,"1025,553","283,025"
ubi,413656,,20190429,20160601,,"1821,706","204,728"
ubi,392376,5,20180625,20150814,0,"725,409","1601,415"
ubi,459358,5,20150905,20160217,1,"319,169","1413,649"
ubi,403013,3,20170922,20180201,,"1833,545","339,792"
ubi,388690,1,20181213,20190305,,"733,646","432,359"
ubi,433291,,20151120,20180831,2,"187,529","605,915"
ubi,459358,3,20151026,20160622,0,"749,872","615,583"
ubi,341433,3,20180525,20170214,,"12,598","816,531"
ubi,403013,3,20170112,20160907,2,"784,780","649,383"
ubi,341433,4,20181023,20170427,0,"1333,426","1281,817"
ubi,399765,4,20160130,20180409,,"744,043","293,514"
ubi,341433,4,20160624,20170726,0,"405,674","1415,655"
ubi,351437,5,20160927,20170921,,"824,790","1701,593"
ubi,310968,4,20180719,20181024,1,"818,777","1072,169"
ubi,298236,4,20180603,20160629,,"1385,744","1762,133"
ubi,459358,,20150825,20181017,0,"1560,325","1727,146"
ubi,392376,3,20190305,20160527,0,"1047,397","1081,421"
ubi,459224,5,20170909,20170725,2,"10,259","591,610"
ubi,351437,2,20170429,20160219,2,"1334,296","642,752"
ubi,438349,5,20190508,20180529,0,"1601,883","1719,040"
ubi,465615,3,20150629,20190128,1,"299,872","1973,191"
ubi,403013,5,20180902,20180919,2,"65,202","1083,299"
ubi,341433,2,20171126,20150815,0,"1225,032","1824,345"
ubi,310968,1,20170725,20180305,0,"411,272","802,658"
ubi,392376,1,20190319,20160816,0,"924,803","25,180"
ubi,341433,2,20160707,20160607,0,"481,773","1728,548"
ubi,397559,1,20171227,20161216,0,"754,831","1772,983"
ubi,465615,,20170505,20150714,,"1403,954","319,370"
ubi,417812,1,20160124,20170415,1,"135,196","142,948"
ubi,413656,1,20190321,20190120,1,"718,614","321,519"
ubi,392376,,20181119,20170718,2,"957,165","1040,739"
ubi,397559,4,20151124,20180903,1,"990,306","968,472"
ubi,459358,1,20181101,20161130,2,"1683,768","546,314"
ubi,459224,2,20160830,20180924,2,"1551,605","487,925"
ubi,399765,,20180422,20180620,0,"341,587","1732,057"
ubi,504331,,20150722,20160114,0,"1114,545","1797,888"
ubi,397559,5,20180824,20150601,,"824,616","1621,140"
ubi,310059,5,20161007,20161031,1,"1683,826","302,799"
ubi,403013,2,20151226,20190526,2,"268,576","1114,442"
ubi,388690,2,20151013,20151101,1,"1379,995","1739,430"
ubi,417812,,20180129,20180713,1,"443,792","712,070"
ubi,310968,2,20181014,20190111,,"168,304","915,726"
ubi,287458,3,20160830,20151205,0,"1196,239","153,988"
ubi,417812,3,20160506,20151108,1,"1232,777","1677,851"
ubi,388690,1,20190124,20151022,0,"1547,619","902,467"
ubi,413656,5,20180914,20170128,,"1454,481","40,059"
ubi,459358,3,20190508,20180513,2,"995,299","569,884"
ubi,287458,4,20160114,20151111,,"60,358","519,931"
ubi,399765,5,20160521,20180728,1,"1851,239","1,789"
ubi,465615,1,20180728,20150807,1,"890,730","1964,719"
ubi,403013,3,20171012,20190419,1,"1604,168","1549,713"
ubi,310059,5,20161118,20160520,0,"1519,463","1230,840"
ubi,504331,2,20190312,20171019,0,"994,046","612,482"
ubi,310059,2,20161006,20171007,2,"1941,128","1409,974"
ubi,459224,4,20180328,20160422,,"330,096","836,593"
ubi,399765,1,20160526,20180117,1,"588,438","1770,098"
ubi,310968,2,20161114,20170228,0,"1296,661","984,900"
ubi,351437,1,20151210,20160730,,"295,921","242,229"
ubi,504331,2,20150731,20171025,1,"1694,065","584,049"
ubi,459358,2,20171204,20161011,0,"429,529","1867,658"
ubi,295156,3,20181008,20160605,0,"1029,024","1893,280"
ubi,310059,2,20160922,20160108,,"275,505","567,050"
ubi,504331,1,20150813,20180330,0,"1630,771","75,504"
ubi,465615,3,20181006,20190405,,"1472,374","1111,504"
ubi,504331,5,20160721,20160907,,"1965,153","1579,553"
ubi,399765,3,20181220,20190421,,"1649,047","1764,639"
ubi,504331,1,20160320,20180301,1,"730,285","1202,704"
ubi,388690,4,20170804,20170625,,"1519,239","1063,974"
ubi,388690,5,20190214,20160923,1,"1376,372","742,700"
ubi,459224,2,20151021,20180505,2,"1867,923","649,505"
ubi,310059,3,20180122,20180406,0,"1348,553","1326,447"
ubi,351437,3,20180110,20151213,,"257,713","426,240"
ubi,295156,1,20160626,20160729,1,"348,329","521,104"
ubi,399765,2,20151015,20160203,2,"1928,938","1862,041"
ubi,433291,4,20160912,20181125,,"188,056","1223,831"
ubi,392376,5,20170629,20151014,2,"1675,625","1123,477"
ubi,388690,5,20160910,20180107,2,"1766,225","55,643"
ubi,399765,1,20171127,20180326,,"1220,591","907,025"
ubi,399765,2,20181203,20181108,,"412,395","1331,191"
ubi,399765,1,20180806,20170204,1,"1625,205","541,400"
ubi,295156,1,20160726,20180514,1,"462,037","1517,321"
ubi,438349,1,20171122,20170124,0,"247,379","1049,523"
ubi,504331,1,20190301,20170423,0,"1166,582","825,633"
ubi,504331,5,20181110,20180321,1,"1416,318","821,794"
ubi,392376,,20181008,20151111,2,"55,229","734,061"
ubi,388690,1,20150920,20150910,0,"826,691","242,661"
ubi,399765,4,20170106,20151210,0,"381,380","677,153"
ubi,295156,4,20150701,20161206,1,"1805,800","1573,179"
ubi,504331,5,20170410,20170611,0,"532,039","177,542"
ubi,399765,1,20180210,20170509,,"1151,307","1013,074"
ubi,351437,5,20150713,20180505,0,"731,508","273,312"
ubi,438349,1,20160309,20150709,,"1501,424","988,461"
ubi,388690,5,20180907,20160124,,"1242,929","686,494"
ubi,433291,2,20171222,20161116,1,"450,448","90,773"
ubi,341433,5,20180203,20170716,0,"959,790","663,970"
ubi,465615,1,20181118,20170805,,"1991,412","175,943"
ubi,310059,5,20161108,20160801,2,"1915,765","1429,468"
ubi,504331,4,20190511,20170124,,"759,105","136,663"
ubi,413656,5,20170505,20150804,1,"1326,901","1416,863"
ubi,504331,4,20160215,20180619,2,"655,765","1852,698"
ubi,351437,3,20170527,20151103,2,"410,891","953,213"
ubi,341433,2,20160320,20160521,0,"486,741","384,125"
ubi,287458,3,20190304,20171230,2,"761,683","533,112"
ubi,397559,1,20151018,20160620,2,"1207,738","12,540"
ubi,465615,,20160306,20150715,2,"749,187","787,382"
ubi,438349,5,20170108,20160203,,"1163,085","1477,998"
ubi,433291,2,20150813,20160623,,"1806,122","584,114"
ubi,413656,2,20160519,20160926,0,"1733,231","438,328"
ubi,433291,2,20190324,20150921,1,"32,986","1618,873"
ubi,287458,5,20180621,20180427,2,"319,694","262,356"
ubi,459224,5,20170820,20170508,,"1953,092","213,147"
ubi,351437,3,20160225,20160708,0,"702,110","16,322"
ubi,351437,,20170726,20180217,2,"1727,444","1929,096"
ubi,392376,1,20160817,20190313,0,"1666,005","270,656"
ubi,310968,3,20181027,20170813,0,"1085,354","1866,296"
ubi,417812,3,20171012,20190412,1,"1307,760","22,592"
ubi,310968,4,20160616,20170908,2,"1259,670","1475,399"
ubi,298236,3,20190213,20180920,0,"1232,924","1758,960"
ubi,298236,4,20161210,20160208,1,"820,713","622,069"
ubi,433291,,20181224,20160411,1,"1993,835","914,488"
ubi,433291,5,20171103,20170212,1,"321,353","1366,528"
ubi,438349,4,20160305,20150605,0,"1447,091","356,607"
ubi,397559,2,20161001,20190210,2,"20,311","520,511"
ubi,465615,,20171201,20181218,0,"498,662","1144,422"
ubi,295156,1,20160618,20160111,,"82,220","750,181"
ubi,465615,4,20170909,20180520,0,"787,878","489,138"
ubi,417812,3,20190125,20150824,2,"1980,724","325,689"
ubi,341433,4,20171007,20161101,2,"1125,193","1226,158"
ubi,413656,3,20161027,20171027,0,"1358,037","442,093"
ubi,351437,1,20190226,20160324,0,"250,878","1577,180"
ubi,310968,1,20180303,20170119,1,"792,870","1419,183"
ubi,388690,1,20170126,20160731,2,"226,001","539,192"
ubi,392376,3,20180715,20170627,2,"1575,326","354,640"
ubi,413656,,20160502,20180220,0,"1303,217","172,617"
ubi,399765,3,20160102,20170926,0,"1211,147","1475,433"
ubi,413656,,20190416,20180116,1,"1286,377","1546,125"
ubi,388690,,20151231,20180718,,"1080,475","361,611"
ubi,295156,3,20170312,20180813,1,"1465,031","189,309"
ubi,298236,3,20181126,20160702,1,"1318,218","339,800"
ubi,310059,4,20180729,20190421,,"888,078","891,653"
ubi,295156,3,20160307,20170415,1,"215,580","962,607"
ubi,397559,5,20181203,20190416,,"1887,779","431,345"
ubi,459358,,20161019,20170927,1,"1472,523","231,823"
ubi,465615,3,20160918,20170924,2,"1341,020","687,483"
ubi,388690,,20170310,20161019,1,"975,831","514,262"
ubi,459358,1,20170611,20160101,2,"1483,249","804,549"
ubi,295156,2,20171113,20150604,2,"1979,963","1374,543"
ubi,459358,2,20151225,20160417,,"1992,495","399,883"
ubi,413656,5,20161227,20180802,2,"905,999","733,407"
ubi,392376,,20151001,20160402,1,"793,932","1747,216"
ubi,438349,,20190416,20150823,0,"74,855","1663,661"
ubi,310968,,20150903,20170822,0,"1597,945","1997,482"
ubi,392376,,20160304,20150622,2,"486,230","985,637"
ubi,310968,4,20190328,20181122,1,"1575,836","497,901"
ubi,397559,1,20161126,20180915,,"423,061","57,314"
ubi,341433,,20160601,20170308,1,"869,675","284,319"
ubi,417812,5,20161101,20160727,2,"1290,327","158,698"
ubi,295156,3,20160215,20170517,1,"1559,909","122,949"
ubi,403013,5,20160326,20160223,2,"1830,608","1629,044"
ubi,298236,2,20190118,20160806,1,"1024,753","53,660"
ubi,399765,2,20160428,20150718,0,"285,749","368,477"
ubi,388690,2,20180707,20170703,2,"1476,428","5,551"
ubi,504331,2,20170410,20161208,,"1961,805","46,747"
ubi,465615,4,20171228,20180612,1,"662,253","1487,773"
ubi,459358,2,20190409,20190326,1,"1257,193","1429,440"
ubi,417812,,20171205,20180501,1,"260,351","1319,971"
ubi,351437,5,20170126,20160922,,"1887,665","545,599"
ubi,399765,,20170318,20160410,0,"375,388","386,571"
ubi,413656,2,20171220,20170809,2,"754,349","240,187"
ubi,310059,1,20180928,20150610,1,"1144,355","852,630"
ubi,433291,,20180216,20160516,,"107,145","1328,944"
ubi,438349,4,20181012,20170915,0,"1044,122","1364,804"
ubi,351437,1,20180513,20190527,,"1821,987","1422,750"
ubi,310968,2,20160623,20171029,1,"1815,136","1959,288"
ubi,433291,5,20180830,20190106,,"1295,196","1175,705"
ubi,310059,,20160228,20190217,1,"1777,926","1673,856"
ubi,465615,4,20181130,20180816,0,"1074,672","1886,636"
ubi,388690,1,20180814,20151010,0,"1955,113","1198,870"
ubi,392376,,20160505,20190423,2,"1993,407","985,048"
ubi,413656,3,20160827,20160926,2,"984,220","290,367"
ubi,310968,3,20150721,20160218,,"1148,212","1830,143"
ubi,438349,4,20150720,20160813,,"1255,646","1681,840"
ubi,287458,3,20170123,20180907,2,"646,307","50,579"
ubi,295156,3,20170810,20190429,2,"801,309","1497,214"
ubi,399765,3,20180115,20181203,0,"1323,611","127,270"
ubi,403013,,20190501,20170721,,"484,796","1231,165"
ubi,438349,,20170717,20170524,,"1073,471","747,506"
ubi,341433,1,20181124,20151020,,"153,707","1298,308"
ubi,287458,,20160425,20180201,1,"153,689","32,127"
ubi,287458,3,20160928,20171105,1,"572,370","1325,212"
ubi,417812,5,20180628,20171109,1,"1163,239","792,303"
ubi,351437,5,20160102,20180613,,"642,044","515,328"
ubi,351437,,20190115,20160730,,"69,435","433,300"
ubi,287458,1,20170519,20190321,,"943,605","786,153"
ubi,392376,,20151116,20171116,,"1681,727","1290,969"
ubi,310968,1,20160923,20190522,1,"1751,564","1803,954"
ubi,417812,4,20180609,20190220,2,"313,108","339,286"
ubi,392376,2,20151114,20170301,0,"1883,449","405,937"
ubi,310968,3,20170526,20190418,0,"1177,086","673,415"
ubi,351437,,20180609,20160520,0,"428,014","301,599"
ubi,310968,1,20190426,20180418,0,"869,887","83,096"
ubi,459358,,20181018,20160123,0,"1577,072","586,316"
ubi,399765,3,20161118,20170118,1,"382,676","1214,142"
ubi,465615,5,20180702,20181007,0,"803,609","1132,279"
ubi,433291,4,20180615,20170803,2,"1293,741","1112,869"
ubi,459358,1,20190527,20151111,0,"455,520","1007,977"
ubi,397559,2,20160705,20151022,0,"1271,174","1565,194"
ubi,287458,,20181120,20160927,0,"978,934","1728,887"
ubi,438349,3,20171107,20180703,1,"1939,830","1585,518"
ubi,413656,5,20180730,20160114,0,"729,951","687,788"
ubi,298236,1,20160321,20160629,1,"357,668","1060,002"
ubi,295156,2,20180924,20190125,0,"862,630","1998,333"
ubi,433291,3,20160331,20180430,1,"1195,856","1394,390"
ubi,351437,2,20161021,20180823,,"218,959","487,592"
ubi,413656,2,20151125,20180204,1,"1417,739","75,459"
ubi,397559,2,20170427,20181103,2,"856,259","745,002"
ubi,413656,5,20150731,20180414,1,"1721,378","1045,607"
ubi,341433,1,20190205,20171215,2,"418,873","1401,836"
ubi,399765,,20180729,20170427,2,"594,394","1678,140"
ubi,397559,5,20151210,20190124,2,"1801,855","864,091"
ubi,438349,,20180226,20151029,,"1836,515","1598,185"
ubi,465615,,20160410,20171012,0,"1282,957","199,129"
ubi,295156,2,20160317,20181113,0,"41,927","281,131"
ubi,438349,2,20150911,20151113,,"1461,543","240,079"
ubi,413656,,20150607,20151120,1,"242,239","1924,966"
ubi,465615,3,20161104,20170819,2,"1062,427","874,920"
ubi,465615,1,20151015,20180217,0,"187,379","361,706"
ubi,388690,,20161226,20150617,,"1587,924","646,731"
ubi,459358,1,20180215,20150910,1,"822,224","1119,669"
ubi,413656,1,20180728,20170224,1,"325,094","511,005"
ubi,310968,3,20160823,20161225,2,"1521,718","634,779"
ubi,438349,1,20170508,20151013,1,"854,843","1000,674"
ubi,417812,,20161119,20160531,0,"86,589","1143,722"
ubi,438349,4,20170717,20171015,0,"676,063","1361,129"
ubi,403013,3,20180904,20160222,2,"755,799","1609,408"
ubi,310968,,20170218,20190228,0,"1442,591","386,689"
ubi,392376,,20171204,20180402,0,"427,299","1904,220"
ubi,417812,3,20170916,20190509,0,"153,735","1231,489"
ubi,295156,,20181009,20181002,1,"36,824","313,132"
ubi,388690,1,20180330,20160223,2,"1231,301","1113,021"
ubi,388690,2,20170428,20151101,,"1102,107","1698,754"
ubi,403013,1,20180504,20160831,,"577,725","1507,517"
ubi,351437,1,20150731,20181108,0,"130,473","120,599"
ubi,287458,4,20190528,20190303,0,"532,210","555,672"
ubi,417812,,20170803,20170517,0,"1479,886","1346,834"
ubi,310968,4,20181203,20170212,1,"36,735","1212,821"
ubi,433291,4,20170928,20180531,,"1480,512","1378,099"
ubi,397559,2,20190206,20190311,1,"210,942","629,308"
ubi,399765,3,20180228,20160914,1,"116,156","1339,806"
ubi,459358,2,20151229,20160601,,"48,319","183,017"
ubi,438349,3,20180221,20171103,2,"891,391","1775,928"
ubi,504331,,20180424,20151228,1,"817,104","1840,690"
ubi,433291,4,20150607,20190304,0,"37,370","1065,177"
ubi,459224,2,20171112,20170530,0,"1655,584","1493,071"
ubi,310059,2,20160607,20150707,0,"114,726","1878,712"
ubi,310059,2,20150826,20150822,0,"889,431","1381,334"
ubi,433291,4,20160924,20171107,,"1881,010","430,068"
ubi,399765,1,20171126,20170420,1,"1569,834","188,656"
ubi,459358,,20171001,20190120,2,"189,571","527,176"
ubi,459224,4,20150609,20170405,1,"208,225","1561,968"
ubi,351437,4,20160928,20160221,2,"821,956","549,753"
ubi,459224,2,20171107,20181223,0,"1021,495","1748,485"
ubi,399765,,20150814,20171114,,"456,538","1552,303"
ubi,310968,5,20160927,20180722,2,"482,498","1842,890"
ubi,504331,2,20190206,20161224,1,"496,447","919,881"
ubi,403013,3,20181129,20190311,1,"753,360","27,804"
ubi,295156,,20150702,20190520,2,"849,073","1367,038"
ubi,310968,2,20171027,20180501,1,"120,718","382,935"
ubi,438349,4,20160825,20180317,0,"956,904","556,895"
ubi,351437,5,20160309,20160331,1,"872,973","1412,431"
ubi,310059,5,20160427,20150824,1,"1662,194","1613,749"
ubi,298236,2,20170627,20181105,0,"406,680","1209,460"
ubi,351437,4,20180919,20180928,1,"737,621","13,422"
ubi,295156,4,20170222,20170821,1,"546,374","1788,368"
ubi,287458,1,20190216,20180103,0,"1815,649","106,021"
ubi,465615,1,20160810,20171112,2,"839,579","1504,390"
ubi,413656,1,20181007,20170910,1,"393,271","38,507"
ubi,459358,,20170510,20170612,2,"1037,671","259,133"
ubi,438349,3,20160126,20180211,1,"1403,810","1478,054"
ubi,298236,,20160301,20160109,2,"143,473","1053,991"
ubi,413656,3,20190106,20160823,1,"337,910","12,303"
ubi,341433,3,20180926,20170826,,"282,464","266,485"
ubi,388690,1,20151024,20190417,2,"1088,336","1749,345"
ubi,295156,3,20180720,20151128,2,"1463,744","629,623"
ubi,403013,,20190118,20170716,,"1817,292","1715,454"
ubi,388690,1,20180928,20160401,1,"620,897","302,820"
ubi,403013,2,20151022,20170210,1,"635,702","166,509"
ubi,298236,1,20190223,20180307,1,"1284,428","1137,843"
ubi,287458,,20170219,20180813,,"1457,064","93,239"
ubi,459358,3,20150629,20190119,0,"620,764","1231,331"
ubi,417812,5,20170328,20190408,0,"1412,718","1012,753"
ubi,397559,3,20190218,20181225,,"1058,320","8,161"
ubi,310968,2,20150919,20180308,0,"1753,602","1280,212"
ubi,438349,4,20170307,20150630,0,"100,262","990,791"
ubi,459358,3,20161118,20190104,0,"327,697","1892,850"
ubi,433291,,20161112,20150604,1,"1554,584","1819,529"
ubi,459358,,20160608,20161215,1,"578,898","1272,073"
ubi,403013,5,20180805,20170915,2,"402,600","79,607"
ubi,287458,2,20170117,20171101,2,"1608,616","1557,401"
ubi,459358,4,20150613,20180314,1,"129,756","575,635"
ubi,433291,3,20170608,20161119,1,"886,999","1793,842"
ubi,459358,3,20151109,20160409,,"689,903","1806,832"
ubi,310968,4,20170215,20150717,0,"842,993","1300,916"
ubi,459224,,20181231,20180701,2,"1763,681","1256,670"
ubi,459358,4,20170922,20180726,2,"1439,715","1308,933"
ubi,403013,1,20150706,20170410,0,"1922,644","1155,783"
ubi,295156,4,20180109,20170602,2,"963,910","39,721"
ubi,433291,,20160723,20180310,0,"1954,590","894,867"
ubi,465615,1,20171026,20160526,0,"57,692","1688,209"
ubi,298236,1,20161009,20190331,,"1171,133","1476,869"
ubi,413656,3,20161022,20170305,1,"687,272","1598,207"
ubi,417812,3,20181103,20160410,,"1731,782","172,347"
ubi,298236,4,20160309,20180504,1,"302,263","1916,646"
ubi,310968,2,20161115,20180912,0,"1527,672","1186,617"
ubi,438349,2,20150617,20190421,1,"1946,772","567,206"
ubi,295156,3,20181229,20150814,2,"1868,628","433,339"
ubi,417812,5,20170918,20161128,,"1972,272","1390,447"
ubi,438349,2,20150902,20161230,0,"1761,307","1167,904"
ubi,433291,5,20190123,20160804,,"886,143","1005,001"
ubi,351437,3,20181231,20160215,,"1149,719","1952,751"
ubi,413656,3,20181219,20151214,,"1830,652","1692,802"
ubi,465615,1,20180617,20181130,0,"743,655","883,737"
ubi,388690,4,20190308,20161023,2,"460,727","1435,247"
ubi,310968,,20170819,20161205,1,"904,772","621,664"
ubi,392376,,20161122,20170119,2,"367,805","713,933"
ubi,433291,,20160913,20180510,2,"1694,653","1319,128"
ubi,295156,3,20150917,20170410,,"1499,675","1289,181"
ubi,388690,5,20180805,20190412,,"494,225","637,067"
ubi,341433,1,20161021,20181028,0,"785,288","375,556"
ubi,351437,4,20180204,20160317,,"470,361","356,193"
ubi,351437,3,20180103,20161126,2,"1922,597","912,363"
ubi,392376,3,20170829,20180425,,"1990,582","156,860"
ubi,399765,,20161031,20160417,2,"233,247","650,138"
ubi,465615,1,20180321,20150719,1,"1070,044","468,638"
ubi,310059,2,20170221,20150823,0,"297,970","836,258"
ubi,465615,,20181230,20180709,,"1650,742","568,090"
ubi,351437,4,20160808,20170905,2,"215,665","281,990"
ubi,403013,3,20150616,20180705,0,"1617,248","1597,307"
ubi,459224,,20170711,20161028,0,"218,044","1204,844"
ubi,438349,3,20170713,20170414,2,"525,816","40,150"
ubi,459358,2,20181116,20160905,,"1782,087","990,369"
ubi,392376,5,20161102,20170413,1,"696,268","1821,404"
ubi,399765,1,20161002,20151231,1,"1568,880","1623,112"
ubi,459358,3,20160308,20180225,2,"1861,485","335,419"
ubi,310968,2,20190312,20160701,1,"184,673","1550,328"
ubi,438349,4,20150926,20170227,0,"1162,703","464,725"
ubi,433291,,20190225,20150614,1,"288,857","1913,840"
ubi,298236,5,20180813,20161228,2,"1201,417","33,116"
ubi,388690,,20160401,20180913,,"981,343","744,247"
ubi,504331,,20160125,20151005,1,"27,422","1696,865"
ubi,341433,2,20180627,20160428,2,"636,787","1740,331"
ubi,465615,4,20160824,20170719,,"1564,194","1265,158"
ubi,459358,,20171120,20171228,0,"1444,593","1027,231"
ubi,417812,1,20180801,20180505,0,"1159,765","358,294"
ubi,392376,5,20190221,20150716,0,"1455,046","1451,526"
ubi,459358,1,20180322,20170714,2,"1943,898","703,937"
ubi,392376,5,20151219,20161127,0,"1449,523","1826,387"
ubi,392376,3,20151210,20171023,2,"1354,453","1322,657"
ubi,438349,2,20171202,20171013,0,"1462,198","1499,508"
ubi,310968,,20151012,20180519,,"1411,786","201,047"
ubi,413656,1,20170405,20160717,0,"687,557","817,756"
ubi,295156,4,20151208,20151007,,"215,861","55,008"
ubi,465615,5,20180920,20181122,1,"1762,149","636,073"
ubi,310968,2,20151205,20161109,1,"656,581","1111,445"
ubi,399765,,20171230,20151104,0,"751,389","337,506"
ubi,413656,1,20160116,20181210,2,"271,386","476,280"
ubi,310968,5,20170404,20171112,,"787,236","78,740"
ubi,504331,3,20160908,20180314,2,"1799,247","194,383"
ubi,403013,2,20160222,20161127,2,"967,509","267,203"
ubi,417812,,20161216,20171122,2,"732,239","1931,794"
ubi,341433,,20171206,20160901,2,"581,270","337,209"
ubi,438349,4,20171207,20150615,2,"1546,409","942,798"
ubi,504331,1,20151102,20170825,0,"1108,474","1715,289"
ubi,459358,4,20181017,20180606,2,"217,378","327,161"
ubi,295156,4,20190422,20190326,0,"1810,147","1735,362"
ubi,310968,3,20190322,20170825,1,"1001,623","658,826"
ubi,310968,4,20180706,20180522,1,"924,242","167,882"
ubi,397559,5,20180328,20171231,0,"371,276","51,641"
ubi,298236,5,20151105,20161221,2,"1594,103","769,964"
ubi,295156,2,20180813,20170516,2,"1196,594","688,019"
ubi,504331,1,20180603,20180519,,"584,703","934,889"
ubi,310968,,20180803,20160809,,"1706,166","608,649"
ubi,351437,2,20160806,20181228,1,"1439,344","357,254"
ubi,438349,1,20181123,20151127,,"801,073","1546,292"
ubi,295156,3,20171212,20151202,2,"217,062","550,922"
ubi,413656,5,20171129,20171127,2,"1099,435","446,666"
ubi,287458,5,20170727,20170411,2,"371,511","1174,076"
ubi,459224,3,20180626,20171202,1,"855,971","1489,050"
ubi,310059,1,20170117,20160817,2,"690,073","487,175"
ubi,298236,4,20180828,20180925,0,"472,187","962,588"
ubi,341433,5,20151030,20170608,0,"1245,625","1362,730"
ubi,459224,5,20160613,20170205,0,"1945,716","1059,665"
ubi,310968,5,20150816,20170622,,"575,196","1610,725"
ubi,397559,5,20170910,20190527,1,"1999,252","688,951"
ubi,341433,5,20190511,20180330,,"144,654","116,904"
ubi,459358,,20180419,20161114,0,"165,500","1900,675"
ubi,465615,1,20161117,20170806,2,"221,616","128,526"
ubi,351437,3,20150927,20190101,2,"29,631","1111,567"
ubi,397559,4,20181019,20180129,0,"721,684","1735,824"
ubi,392376,3,20161213,20170714,0,"193,537","861,877"
ubi,417812,2,20170430,20180414,,"1610,860","1940,887"
ubi,504331,3,20160211,20150904,0,"724,134","268,675"
ubi,397559,3,20170622,20161103,2,"843,239","1919,356"
ubi,341433,3,20180606,20180314,0,"509,982","811,632"
ubi,465615,2,20190228,20170329,0,"435,160","1821,723"
ubi,298236,5,20170719,20180819,1,"1621,959","628,028"
ubi,403013,4,20170816,20180407,2,"533,783","1741,466"
ubi,399765,2,20160410,20180330,,"563,800","629,092"
ubi,392376,,20170320,20190205,1,"1545,894","1526,503"
ubi,417812,1,20190526,20180403,,"1605,197","1578,481"
ubi,298236,5,20160924,20181220,0,"525,216","765,709"
ubi,310059,3,20170527,20151008,0,"1402,804","1277,103"
ubi,465615,5,20180608,20170726,1,"973,293","568,182"
ubi,504331,3,20170630,20161030,,"1365,076","66,375"
ubi,388690,2,20180611,20161219,,"649,646","791,367"
ubi,504331,2,20171018,20180114,0,"874,147","1889,024"
ubi,397559,2,20180316,20170125,,"1090,564","1953,257"
ubi,310968,1,20190515,20160521,,"1935,120","1242,306"
ubi,310059,,20170919,20170708,2,"529,214","512,496"
ubi,287458,5,20170819,20151108,0,"501,526","159,117"
ubi,413656,1,20150623,20160619,1,"233,458","921,406"
ubi,287458,1,20161026,20160501,,"1483,888","996,240"
ubi,399765,3,20160816,20190529,,"967,398","1771,854"
ubi,403013,4,20180316,20150721,,"370,974","149,801"
ubi,399765,1,20170728,20151027,,"1939,603","1804,243"
ubi,399765,4,20161202,20180618,,"605,482","1536,341"
ubi,388690,4,20170904,20160423,,"500,591","1975,530"
ubi,392376,3,20180806,20180604,1,"1757,896","1735,841"
ubi,438349,2,20181130,20180507,0,"569,922","1577,747"
ubi,310059,2,20160429,20181020,1,"537,089","881,969"
ubi,351437,4,20170629,20190124,,"764,323","608,794"
ubi,399765,1,20171113,20180322,0,"909,484","691,071"
ubi,465615,1,20151203,20170426,0,"1259,887","443,014"
ubi,459358,1,20190330,20180322,0,"1889,548","212,832"
ubi,310059,,20160802,20160305,2,"1059,738","1668,843"
ubi,310968,4,20171223,20151203,,"1516,924","1685,458"
ubi,459358,1,20160312,20170123,2,"1236,902","1686,268"
ubi,397559,2,20190103,20170307,0,"729,850","420,598"
ubi,504331,,20181011,20181120,1,"355,390","1573,233"
ubi,397559,3,20170304,20160116,1,"1189,802","1427,770"
ubi,295156,5,20150908,20190304,1,"1420,489","96,581"
ubi,351437,2,20151015,20181210,2,"1138,398","1838,388"
ubi,310059,4,20170328,20150812,1,"1365,117","521,817"
ubi,310059,3,20170607,20161207,0,"1730,316","135,869"
ubi,459224,,20180327,20170714,2,"1234,801","909,516"
ubi,413656,2,20180925,20150827,,"1975,340","521,986"
ubi,417812,4,20180507,20150805,2,"1172,424","1086,182"
ubi,397559,4,20171119,20161202,1,"418,887","838,164"
ubi,417812,,20150628,20170923,1,"1963,108","1162,497"
ubi,397559,4,20150908,20171229,,"700,151","1646,626"
ubi,392376,4,20160921,20160323,2,"1029,845","1585,997"
ubi,392376,2,20180322,20151126,0,"1229,080","1812,229"
ubi,438349,,20181128,20161225,1,"1828,353","1159,878"
ubi,399765,1,20180915,20170127,0,"1504,962","1301,131"
ubi,433291,1,20171006,20181017,0,"1561,753","736,566"
ubi,504331,,20170829,20160303,0,"1256,931","388,059"
ubi,287458,5,20151114,20160203,1,"1833,057","1324,772"
ubi,295156,3,20170702,20151228,1,"1281,019","1164,937"
ubi,459358,5,20160501,20150820,1,"1056,137","829,385"
ubi,341433,,20160404,20190424,1,"314,199","1555,063"
