ubi,399765,cod_cr_399765,20180201,20180216,SOFF,20180221,status_uscita2018-02-21 11:35:05.424399,20180303,indi_past_due_399765,indi_impr_priv_399765
ubi,433291,cod_cr_433291,20170314,20170329,INADPRO,20170403,status_uscita2017-04-03 15:26:16.759106,20170413,indi_past_due_433291,indi_impr_priv_433291
bpm,295156,cod_cr_295156,20170512,20170527,other,20170601,status_uscita2017-06-01 20:05:15.132723,20170611,indi_past_due_295156,indi_impr_priv_295156
bpm,298236,cod_cr_298236,20160719,20160803,PASTDUE,20160808,status_uscita2016-08-08 11:00:26.766316,20160818,indi_past_due_298236,indi_impr_priv_298236
ubi,465615,cod_cr_465615,20170622,20170707,SOFF,20170712,status_uscita2017-07-12 00:29:05.588615,20170722,indi_past_due_465615,indi_impr_priv_465615
bpm,459224,cod_cr_459224,20161022,20161106,other,20161111,status_uscita2016-11-11 13:43:45.204052,20161121,indi_past_due_459224,indi_impr_priv_459224
ubi,397559,cod_cr_397559,20160905,20160920,PASTDUE,20160925,status_uscita2016-09-25 10:31:11.675007,20161005,indi_past_due_397559,indi_impr_priv_397559
ubi,399765,cod_cr_399765,20151206,20151221,SOFF,20151226,status_uscita2015-12-26 10:33:23.960069,20160105,indi_past_due_399765,indi_impr_priv_399765
ubi,341433,cod_cr_341433,20180124,20180208,SOFF,20180213,status_uscita2018-02-13 23:29:21.205268,20180223,indi_past_due_341433,indi_impr_priv_341433
ubi,310059,cod_cr_310059,20180613,20180628,RISTR,20180703,status_uscita2018-07-03 01:27:49.663777,20180713,indi_past_due_310059,indi_impr_priv_310059
ubi,465615,cod_cr_465615,20170809,20170824,INADPRO,20170829,status_uscita2017-08-29 10:25:31.240329,20170908,indi_past_due_465615,indi_impr_priv_465615
ubi,403013,cod_cr_403013,20181127,20181212,SOFF,20181217,status_uscita2018-12-17 04:28:20.016025,20181227,indi_past_due_403013,indi_impr_priv_403013
ubi,397559,cod_cr_397559,20170910,20170925,other,20170930,status_uscita2017-09-30 18:13:18.829571,20171010,indi_past_due_397559,indi_impr_priv_397559
ubi,433291,cod_cr_433291,20170430,20170515,INADPRO,20170520,status_uscita2017-05-20 09:24:12.232153,20170530,indi_past_due_433291,indi_impr_priv_433291
ubi,465615,cod_cr_465615,20190122,20190206,INCA,20190211,status_uscita2019-02-11 14:12:45.571284,20190221,indi_past_due_465615,indi_impr_priv_465615
ubi,397559,cod_cr_397559,20181123,20181208,INCA,20181213,status_uscita2018-12-13 00:30:04.810185,20181223,indi_past_due_397559,indi_impr_priv_397559
ubi,399765,cod_cr_399765,20170708,20170723,SOFF,20170728,status_uscita2017-07-28 17:23:10.839918,20170807,indi_past_due_399765,indi_impr_priv_399765
bpm,295156,cod_cr_295156,20190429,20190514,other,20190519,status_uscita2019-05-19 23:05:58.617556,20190529,indi_past_due_295156,indi_impr_priv_295156
ubi,480983,cod_cr_480983,20180302,20180317,INADPRO,20180322,status_uscita2018-03-22 04:31:51.300739,20180401,indi_past_due_480983,indi_impr_priv_480983
ubi,397559,cod_cr_397559,20160606,20160621,INADPRO,20160626,status_uscita2016-06-26 11:53:50.090664,20160706,indi_past_due_397559,indi_impr_priv_397559
ubi,403013,cod_cr_403013,20190306,20190321,INCA,20190326,status_uscita2019-03-26 16:27:04.947733,20190405,indi_past_due_403013,indi_impr_priv_403013
bpm,459224,cod_cr_459224,20150617,20150702,SOFF,20150707,status_uscita2015-07-07 04:51:37.913676,20150717,indi_past_due_459224,indi_impr_priv_459224
bpm,388690,cod_cr_388690,20180615,20180630,INCA,20180705,status_uscita2018-07-05 15:39:52.518124,20180715,indi_past_due_388690,indi_impr_priv_388690
bpm,298236,cod_cr_298236,20160920,20161005,PASTDUE,20161010,status_uscita2016-10-10 21:19:44.581235,20161020,indi_past_due_298236,indi_impr_priv_298236
ubi,351437,cod_cr_351437,20170902,20170917,INADPRO,20170922,status_uscita2017-09-22 08:37:04.249764,20171002,indi_past_due_351437,indi_impr_priv_351437
ubi,310059,cod_cr_310059,20180721,20180805,PASTDUE,20180810,status_uscita2018-08-10 04:36:13.540924,20180820,indi_past_due_310059,indi_impr_priv_310059
ubi,465615,cod_cr_465615,20171215,20171230,PASTDUE,20180104,status_uscita2018-01-04 02:39:08.740967,20180114,indi_past_due_465615,indi_impr_priv_465615
ubi,433291,cod_cr_433291,20190306,20190321,RISTR,20190326,status_uscita2019-03-26 05:17:35.227775,20190405,indi_past_due_433291,indi_impr_priv_433291
ubi,397559,cod_cr_397559,20180107,20180122,RISTR,20180127,status_uscita2018-01-27 13:31:13.402910,20180206,indi_past_due_397559,indi_impr_priv_397559
bpm,392376,cod_cr_392376,20180124,20180208,INADPRO,20180213,status_uscita2018-02-13 10:11:06.103367,20180223,indi_past_due_392376,indi_impr_priv_392376
bpm,392376,cod_cr_392376,20151103,20151118,INADPRO,20151123,status_uscita2015-11-23 01:32:11.512235,20151203,indi_past_due_392376,indi_impr_priv_392376
bpm,298236,cod_cr_298236,20180119,20180203,INCA,20180208,status_uscita2018-02-08 12:40:31.210378,20180218,indi_past_due_298236,indi_impr_priv_298236
ubi,403013,cod_cr_403013,20160316,20160331,other,20160405,status_uscita2016-04-05 00:03:35.329473,20160415,indi_past_due_403013,indi_impr_priv_403013
bpm,392376,cod_cr_392376,20160125,20160209,RISTR,20160214,status_uscita2016-02-14 01:22:36.249519,20160224,indi_past_due_392376,indi_impr_priv_392376
bpm,459224,cod_cr_459224,20160117,20160201,other,20160206,status_uscita2016-02-06 04:35:05.274508,20160216,indi_past_due_459224,indi_impr_priv_459224
ubi,433291,cod_cr_433291,20171117,20171202,other,20171207,status_uscita2017-12-07 17:54:24.210365,20171217,indi_past_due_433291,indi_impr_priv_433291
ubi,341433,cod_cr_341433,20190131,20190215,INCA,20190220,status_uscita2019-02-20 04:15:10.815981,20190302,indi_past_due_341433,indi_impr_priv_341433
ubi,399765,cod_cr_399765,20180722,20180806,INADPRO,20180811,status_uscita2018-08-11 16:01:43.057510,20180821,indi_past_due_399765,indi_impr_priv_399765
bpm,295156,cod_cr_295156,20181029,20181113,SOFF,20181118,status_uscita2018-11-18 20:59:01.822612,20181128,indi_past_due_295156,indi_impr_priv_295156
ubi,341433,cod_cr_341433,20171224,20180108,INCA,20180113,status_uscita2018-01-13 17:16:57.363812,20180123,indi_past_due_341433,indi_impr_priv_341433
ubi,397559,cod_cr_397559,20160906,20160921,PASTDUE,20160926,status_uscita2016-09-26 07:50:01.615644,20161006,indi_past_due_397559,indi_impr_priv_397559
ubi,351437,cod_cr_351437,20171228,20180112,other,20180117,status_uscita2018-01-17 13:59:17.606256,20180127,indi_past_due_351437,indi_impr_priv_351437
bpm,287458,cod_cr_287458,20151121,20151206,other,20151211,status_uscita2015-12-11 23:40:17.013353,20151221,indi_past_due_287458,indi_impr_priv_287458
ubi,465615,cod_cr_465615,20160222,20160308,RISTR,20160313,status_uscita2016-03-13 11:26:04.722593,20160323,indi_past_due_465615,indi_impr_priv_465615
bpm,417812,cod_cr_417812,20171125,20171210,PASTDUE,20171215,status_uscita2017-12-15 05:24:12.516149,20171225,indi_past_due_417812,indi_impr_priv_417812
ubi,310059,cod_cr_310059,20181219,20190103,SOFF,20190108,status_uscita2019-01-08 08:21:04.194239,20190118,indi_past_due_310059,indi_impr_priv_310059
bpm,287458,cod_cr_287458,20170123,20170207,PASTDUE,20170212,status_uscita2017-02-12 16:59:39.830502,20170222,indi_past_due_287458,indi_impr_priv_287458
bpm,295156,cod_cr_295156,20181228,20190112,other,20190117,status_uscita2019-01-17 13:33:00.940813,20190127,indi_past_due_295156,indi_impr_priv_295156
ubi,465615,cod_cr_465615,20180629,20180714,PASTDUE,20180719,status_uscita2018-07-19 15:48:28.115649,20180729,indi_past_due_465615,indi_impr_priv_465615
bpm,295156,cod_cr_295156,20161031,20161115,PASTDUE,20161120,status_uscita2016-11-20 06:01:24.169527,20161130,indi_past_due_295156,indi_impr_priv_295156
bpm,459224,cod_cr_459224,20190405,20190420,SOFF,20190425,status_uscita2019-04-25 23:26:50.535855,20190505,indi_past_due_459224,indi_impr_priv_459224
bpm,295156,cod_cr_295156,20180305,20180320,other,20180325,status_uscita2018-03-25 12:17:44.696872,20180404,indi_past_due_295156,indi_impr_priv_295156
ubi,480983,cod_cr_480983,20150730,20150814,other,20150819,status_uscita2015-08-19 14:54:17.516152,20150829,indi_past_due_480983,indi_impr_priv_480983
bpm,413656,cod_cr_413656,20180820,20180904,other,20180909,status_uscita2018-09-09 07:21:20.865842,20180919,indi_past_due_413656,indi_impr_priv_413656
bpm,310968,cod_cr_310968,20170321,20170405,SOFF,20170410,status_uscita2017-04-10 09:12:10.358950,20170420,indi_past_due_310968,indi_impr_priv_310968
bpm,287458,cod_cr_287458,20160819,20160903,PASTDUE,20160908,status_uscita2016-09-08 03:26:41.732813,20160918,indi_past_due_287458,indi_impr_priv_287458
ubi,351437,cod_cr_351437,20181129,20181214,INADPRO,20181219,status_uscita2018-12-19 12:16:03.986107,20181229,indi_past_due_351437,indi_impr_priv_351437
ubi,433291,cod_cr_433291,20170626,20170711,INADPRO,20170716,status_uscita2017-07-16 00:22:37.081081,20170726,indi_past_due_433291,indi_impr_priv_433291
ubi,480983,cod_cr_480983,20160212,20160227,SOFF,20160303,status_uscita2016-03-03 13:18:45.101838,20160313,indi_past_due_480983,indi_impr_priv_480983
ubi,403013,cod_cr_403013,20171015,20171030,PASTDUE,20171104,status_uscita2017-11-04 08:15:55.477291,20171114,indi_past_due_403013,indi_impr_priv_403013
ubi,399765,cod_cr_399765,20190422,20190507,other,20190512,status_uscita2019-05-12 03:29:30.866918,20190522,indi_past_due_399765,indi_impr_priv_399765
ubi,465615,cod_cr_465615,20180313,20180328,INADPRO,20180402,status_uscita2018-04-02 11:24:46.718402,20180412,indi_past_due_465615,indi_impr_priv_465615
bpm,295156,cod_cr_295156,20180826,20180910,PASTDUE,20180915,status_uscita2018-09-15 03:30:52.325125,20180925,indi_past_due_295156,indi_impr_priv_295156
bpm,413656,cod_cr_413656,20170619,20170704,INCA,20170709,status_uscita2017-07-09 03:08:16.930784,20170719,indi_past_due_413656,indi_impr_priv_413656
ubi,351437,cod_cr_351437,20170327,20170411,other,20170416,status_uscita2017-04-16 07:35:04.319653,20170426,indi_past_due_351437,indi_impr_priv_351437
bpm,295156,cod_cr_295156,20180530,20180614,other,20180619,status_uscita2018-06-19 06:56:19.601461,20180629,indi_past_due_295156,indi_impr_priv_295156
bpm,392376,cod_cr_392376,20171017,20171101,INADPRO,20171106,status_uscita2017-11-06 17:23:25.128881,20171116,indi_past_due_392376,indi_impr_priv_392376
ubi,399765,cod_cr_399765,20171227,20180111,PASTDUE,20180116,status_uscita2018-01-16 15:27:07.374538,20180126,indi_past_due_399765,indi_impr_priv_399765
ubi,341433,cod_cr_341433,20150711,20150726,INCA,20150731,status_uscita2015-07-31 21:24:07.812279,20150810,indi_past_due_341433,indi_impr_priv_341433
ubi,397559,cod_cr_397559,20180429,20180514,RISTR,20180519,status_uscita2018-05-19 22:59:18.479186,20180529,indi_past_due_397559,indi_impr_priv_397559
ubi,351437,cod_cr_351437,20180703,20180718,SOFF,20180723,status_uscita2018-07-23 08:49:44.767767,20180802,indi_past_due_351437,indi_impr_priv_351437
bpm,392376,cod_cr_392376,20160802,20160817,INADPRO,20160822,status_uscita2016-08-22 07:54:30.611288,20160901,indi_past_due_392376,indi_impr_priv_392376
bpm,287458,cod_cr_287458,20150806,20150821,PASTDUE,20150826,status_uscita2015-08-26 14:16:53.170534,20150905,indi_past_due_287458,indi_impr_priv_287458
ubi,433291,cod_cr_433291,20170105,20170120,PASTDUE,20170125,status_uscita2017-01-25 03:58:14.698996,20170204,indi_past_due_433291,indi_impr_priv_433291
bpm,459224,cod_cr_459224,20180203,20180218,INADPRO,20180223,status_uscita2018-02-23 16:30:16.443986,20180305,indi_past_due_459224,indi_impr_priv_459224
bpm,388690,cod_cr_388690,20160131,20160215,RISTR,20160220,status_uscita2016-02-20 22:35:51.151665,20160301,indi_past_due_388690,indi_impr_priv_388690
bpm,392376,cod_cr_392376,20180131,20180215,INCA,20180220,status_uscita2018-02-20 04:57:47.326091,20180302,indi_past_due_392376,indi_impr_priv_392376
ubi,504331,cod_cr_504331,20170608,20170623,other,20170628,status_uscita2017-06-28 01:19:11.805195,20170708,indi_past_due_504331,indi_impr_priv_504331
ubi,465615,cod_cr_465615,20190312,20190327,INCA,20190401,status_uscita2019-04-01 01:55:47.213147,20190411,indi_past_due_465615,indi_impr_priv_465615
bpm,417812,cod_cr_417812,20170306,20170321,SOFF,20170326,status_uscita2017-03-26 18:42:33.687962,20170405,indi_past_due_417812,indi_impr_priv_417812
ubi,341433,cod_cr_341433,20150803,20150818,INCA,20150823,status_uscita2015-08-23 07:53:15.655286,20150902,indi_past_due_341433,indi_impr_priv_341433
bpm,413656,cod_cr_413656,20170812,20170827,PASTDUE,20170901,status_uscita2017-09-01 04:20:28.545169,20170911,indi_past_due_413656,indi_impr_priv_413656
bpm,298236,cod_cr_298236,20151021,20151105,other,20151110,status_uscita2015-11-10 02:41:55.603105,20151120,indi_past_due_298236,indi_impr_priv_298236
ubi,341433,cod_cr_341433,20181122,20181207,SOFF,20181212,status_uscita2018-12-12 10:08:20.127712,20181222,indi_past_due_341433,indi_impr_priv_341433
bpm,417812,cod_cr_417812,20180725,20180809,PASTDUE,20180814,status_uscita2018-08-14 01:32:39.300550,20180824,indi_past_due_417812,indi_impr_priv_417812
ubi,397559,cod_cr_397559,20161231,20170115,INCA,20170120,status_uscita2017-01-20 02:30:47.192433,20170130,indi_past_due_397559,indi_impr_priv_397559
bpm,287458,cod_cr_287458,20170422,20170507,INADPRO,20170512,status_uscita2017-05-12 03:49:49.407793,20170522,indi_past_due_287458,indi_impr_priv_287458
bpm,298236,cod_cr_298236,20151108,20151123,SOFF,20151128,status_uscita2015-11-28 09:14:57.098166,20151208,indi_past_due_298236,indi_impr_priv_298236
bpm,459224,cod_cr_459224,20181208,20181223,RISTR,20181228,status_uscita2018-12-28 12:29:50.445451,20190107,indi_past_due_459224,indi_impr_priv_459224
ubi,399765,cod_cr_399765,20160723,20160807,PASTDUE,20160812,status_uscita2016-08-12 23:08:58.838283,20160822,indi_past_due_399765,indi_impr_priv_399765
ubi,465615,cod_cr_465615,20190501,20190516,other,20190521,status_uscita2019-05-21 04:16:58.439621,20190531,indi_past_due_465615,indi_impr_priv_465615
ubi,504331,cod_cr_504331,20190131,20190215,SOFF,20190220,status_uscita2019-02-20 07:26:28.398037,20190302,indi_past_due_504331,indi_impr_priv_504331
bpm,388690,cod_cr_388690,20180214,20180301,INCA,20180306,status_uscita2018-03-06 09:00:51.168864,20180316,indi_past_due_388690,indi_impr_priv_388690
ubi,504331,cod_cr_504331,20170220,20170307,INADPRO,20170312,status_uscita2017-03-12 03:33:10.670893,20170322,indi_past_due_504331,indi_impr_priv_504331
ubi,433291,cod_cr_433291,20150908,20150923,INADPRO,20150928,status_uscita2015-09-28 06:57:34.315567,20151008,indi_past_due_433291,indi_impr_priv_433291
bpm,459224,cod_cr_459224,20170310,20170325,RISTR,20170330,status_uscita2017-03-30 09:34:21.986233,20170409,indi_past_due_459224,indi_impr_priv_459224
bpm,413656,cod_cr_413656,20170317,20170401,INADPRO,20170406,status_uscita2017-04-06 02:50:58.740907,20170416,indi_past_due_413656,indi_impr_priv_413656
ubi,480983,cod_cr_480983,20150921,20151006,INADPRO,20151011,status_uscita2015-10-11 17:31:41.373113,20151021,indi_past_due_480983,indi_impr_priv_480983
bpm,388690,cod_cr_388690,20171223,20180107,other,20180112,status_uscita2018-01-12 08:59:59.031689,20180122,indi_past_due_388690,indi_impr_priv_388690
bpm,287458,cod_cr_287458,20180911,20180926,SOFF,20181001,status_uscita2018-10-01 10:26:15.858603,20181011,indi_past_due_287458,indi_impr_priv_287458
bpm,459358,cod_cr_459358,20181127,20181212,INADPRO,20181217,status_uscita2018-12-17 15:18:15.579472,20181227,indi_past_due_459358,indi_impr_priv_459358
ubi,504331,cod_cr_504331,20161231,20170115,PASTDUE,20170120,status_uscita2017-01-20 11:38:50.759919,20170130,indi_past_due_504331,indi_impr_priv_504331
bpm,388690,cod_cr_388690,20171230,20180114,INADPRO,20180119,status_uscita2018-01-19 03:26:12.008550,20180129,indi_past_due_388690,indi_impr_priv_388690
ubi,399765,cod_cr_399765,20180322,20180406,RISTR,20180411,status_uscita2018-04-11 23:51:27.659294,20180421,indi_past_due_399765,indi_impr_priv_399765
bpm,388690,cod_cr_388690,20180828,20180912,SOFF,20180917,status_uscita2018-09-17 08:47:48.141905,20180927,indi_past_due_388690,indi_impr_priv_388690
bpm,459224,cod_cr_459224,20170804,20170819,INCA,20170824,status_uscita2017-08-24 19:25:02.041229,20170903,indi_past_due_459224,indi_impr_priv_459224
bpm,388690,cod_cr_388690,20171111,20171126,SOFF,20171201,status_uscita2017-12-01 14:55:00.419092,20171211,indi_past_due_388690,indi_impr_priv_388690
bpm,417812,cod_cr_417812,20161203,20161218,INADPRO,20161223,status_uscita2016-12-23 11:34:41.896972,20170102,indi_past_due_417812,indi_impr_priv_417812
bpm,417812,cod_cr_417812,20170806,20170821,SOFF,20170826,status_uscita2017-08-26 20:36:06.547709,20170905,indi_past_due_417812,indi_impr_priv_417812
ubi,433291,cod_cr_433291,20170215,20170302,INADPRO,20170307,status_uscita2017-03-07 22:41:33.751113,20170317,indi_past_due_433291,indi_impr_priv_433291
ubi,504331,cod_cr_504331,20161123,20161208,SOFF,20161213,status_uscita2016-12-13 07:09:02.455185,20161223,indi_past_due_504331,indi_impr_priv_504331
ubi,480983,cod_cr_480983,20151103,20151118,RISTR,20151123,status_uscita2015-11-23 02:59:53.645289,20151203,indi_past_due_480983,indi_impr_priv_480983
bpm,459358,cod_cr_459358,20160219,20160305,RISTR,20160310,status_uscita2016-03-10 14:29:39.136042,20160320,indi_past_due_459358,indi_impr_priv_459358
bpm,459224,cod_cr_459224,20190323,20190407,RISTR,20190412,status_uscita2019-04-12 17:15:01.125345,20190422,indi_past_due_459224,indi_impr_priv_459224
ubi,310059,cod_cr_310059,20160302,20160317,INCA,20160322,status_uscita2016-03-22 15:07:29.947400,20160401,indi_past_due_310059,indi_impr_priv_310059
ubi,351437,cod_cr_351437,20160309,20160324,PASTDUE,20160329,status_uscita2016-03-29 05:30:03.463824,20160408,indi_past_due_351437,indi_impr_priv_351437
bpm,417812,cod_cr_417812,20170430,20170515,other,20170520,status_uscita2017-05-20 04:31:13.663555,20170530,indi_past_due_417812,indi_impr_priv_417812
bpm,459224,cod_cr_459224,20161002,20161017,PASTDUE,20161022,status_uscita2016-10-22 00:09:13.358817,20161101,indi_past_due_459224,indi_impr_priv_459224
bpm,459224,cod_cr_459224,20190217,20190304,INCA,20190309,status_uscita2019-03-09 21:58:35.533435,20190319,indi_past_due_459224,indi_impr_priv_459224
bpm,459224,cod_cr_459224,20170128,20170212,SOFF,20170217,status_uscita2017-02-17 11:00:36.443590,20170227,indi_past_due_459224,indi_impr_priv_459224
bpm,459358,cod_cr_459358,20161012,20161027,INADPRO,20161101,status_uscita2016-11-01 04:24:51.130834,20161111,indi_past_due_459358,indi_impr_priv_459358
ubi,403013,cod_cr_403013,20170810,20170825,PASTDUE,20170830,status_uscita2017-08-30 10:58:13.485628,20170909,indi_past_due_403013,indi_impr_priv_403013
bpm,388690,cod_cr_388690,20180416,20180501,PASTDUE,20180506,status_uscita2018-05-06 23:10:59.042804,20180516,indi_past_due_388690,indi_impr_priv_388690
bpm,388690,cod_cr_388690,20180511,20180526,INCA,20180531,status_uscita2018-05-31 20:38:35.306267,20180610,indi_past_due_388690,indi_impr_priv_388690
ubi,351437,cod_cr_351437,20190529,20190613,INADPRO,20190618,status_uscita2019-06-18 13:36:09.907921,20190628,indi_past_due_351437,indi_impr_priv_351437
bpm,417812,cod_cr_417812,20180506,20180521,INCA,20180526,status_uscita2018-05-26 17:51:11.177894,20180605,indi_past_due_417812,indi_impr_priv_417812
bpm,459224,cod_cr_459224,20190113,20190128,other,20190202,status_uscita2019-02-02 18:31:00.364715,20190212,indi_past_due_459224,indi_impr_priv_459224
bpm,459358,cod_cr_459358,20160920,20161005,INADPRO,20161010,status_uscita2016-10-10 00:19:20.638084,20161020,indi_past_due_459358,indi_impr_priv_459358
bpm,388690,cod_cr_388690,20180813,20180828,RISTR,20180902,status_uscita2018-09-02 22:02:19.606645,20180912,indi_past_due_388690,indi_impr_priv_388690
bpm,459224,cod_cr_459224,20190413,20190428,RISTR,20190503,status_uscita2019-05-03 09:55:02.873744,20190513,indi_past_due_459224,indi_impr_priv_459224
ubi,480983,cod_cr_480983,20180827,20180911,INADPRO,20180916,status_uscita2018-09-16 15:40:28.898712,20180926,indi_past_due_480983,indi_impr_priv_480983
ubi,403013,cod_cr_403013,20181211,20181226,SOFF,20181231,status_uscita2018-12-31 16:04:06.920578,20190110,indi_past_due_403013,indi_impr_priv_403013
bpm,417812,cod_cr_417812,20170502,20170517,INADPRO,20170522,status_uscita2017-05-22 22:46:32.229087,20170601,indi_past_due_417812,indi_impr_priv_417812
ubi,310059,cod_cr_310059,20190403,20190418,INADPRO,20190423,status_uscita2019-04-23 08:56:45.947997,20190503,indi_past_due_310059,indi_impr_priv_310059
bpm,295156,cod_cr_295156,20151101,20151116,RISTR,20151121,status_uscita2015-11-21 19:41:17.811050,20151201,indi_past_due_295156,indi_impr_priv_295156
ubi,399765,cod_cr_399765,20160522,20160606,INCA,20160611,status_uscita2016-06-11 03:14:34.552391,20160621,indi_past_due_399765,indi_impr_priv_399765
ubi,504331,cod_cr_504331,20161011,20161026,INCA,20161031,status_uscita2016-10-31 21:10:06.497218,20161110,indi_past_due_504331,indi_impr_priv_504331
bpm,388690,cod_cr_388690,20180715,20180730,INCA,20180804,status_uscita2018-08-04 10:27:00.818281,20180814,indi_past_due_388690,indi_impr_priv_388690
ubi,397559,cod_cr_397559,20180812,20180827,INCA,20180901,status_uscita2018-09-01 03:49:02.259776,20180911,indi_past_due_397559,indi_impr_priv_397559
bpm,388690,cod_cr_388690,20170513,20170528,PASTDUE,20170602,status_uscita2017-06-02 16:36:32.824664,20170612,indi_past_due_388690,indi_impr_priv_388690
ubi,480983,cod_cr_480983,20170504,20170519,PASTDUE,20170524,status_uscita2017-05-24 14:47:36.068123,20170603,indi_past_due_480983,indi_impr_priv_480983
bpm,295156,cod_cr_295156,20150602,20150617,other,20150622,status_uscita2015-06-22 22:50:40.390788,20150702,indi_past_due_295156,indi_impr_priv_295156
bpm,298236,cod_cr_298236,20190316,20190331,PASTDUE,20190405,status_uscita2019-04-05 22:09:00.363057,20190415,indi_past_due_298236,indi_impr_priv_298236
bpm,392376,cod_cr_392376,20190311,20190326,PASTDUE,20190331,status_uscita2019-03-31 12:19:53.041510,20190410,indi_past_due_392376,indi_impr_priv_392376
ubi,399765,cod_cr_399765,20160606,20160621,PASTDUE,20160626,status_uscita2016-06-26 14:00:31.866576,20160706,indi_past_due_399765,indi_impr_priv_399765
ubi,403013,cod_cr_403013,20160211,20160226,RISTR,20160302,status_uscita2016-03-02 15:30:52.900600,20160312,indi_past_due_403013,indi_impr_priv_403013
ubi,310059,cod_cr_310059,20161104,20161119,SOFF,20161124,status_uscita2016-11-24 15:39:21.704602,20161204,indi_past_due_310059,indi_impr_priv_310059
ubi,397559,cod_cr_397559,20150803,20150818,other,20150823,status_uscita2015-08-23 21:54:02.003832,20150902,indi_past_due_397559,indi_impr_priv_397559
ubi,310059,cod_cr_310059,20180510,20180525,INCA,20180530,status_uscita2018-05-30 00:38:19.040347,20180609,indi_past_due_310059,indi_impr_priv_310059
bpm,298236,cod_cr_298236,20150714,20150729,other,20150803,status_uscita2015-08-03 02:57:47.380121,20150813,indi_past_due_298236,indi_impr_priv_298236
ubi,433291,cod_cr_433291,20190104,20190119,RISTR,20190124,status_uscita2019-01-24 08:44:05.858871,20190203,indi_past_due_433291,indi_impr_priv_433291
ubi,480983,cod_cr_480983,20181206,20181221,PASTDUE,20181226,status_uscita2018-12-26 21:53:38.109734,20190105,indi_past_due_480983,indi_impr_priv_480983
ubi,480983,cod_cr_480983,20161013,20161028,PASTDUE,20161102,status_uscita2016-11-02 05:18:18.258092,20161112,indi_past_due_480983,indi_impr_priv_480983
ubi,351437,cod_cr_351437,20150923,20151008,PASTDUE,20151013,status_uscita2015-10-13 05:07:39.491361,20151023,indi_past_due_351437,indi_impr_priv_351437
bpm,413656,cod_cr_413656,20151218,20160102,SOFF,20160107,status_uscita2016-01-07 00:47:41.077251,20160117,indi_past_due_413656,indi_impr_priv_413656
ubi,341433,cod_cr_341433,20160320,20160404,RISTR,20160409,status_uscita2016-04-09 23:22:59.966904,20160419,indi_past_due_341433,indi_impr_priv_341433
bpm,413656,cod_cr_413656,20170507,20170522,RISTR,20170527,status_uscita2017-05-27 00:12:35.411507,20170606,indi_past_due_413656,indi_impr_priv_413656
bpm,310968,cod_cr_310968,20180405,20180420,RISTR,20180425,status_uscita2018-04-25 13:39:09.360564,20180505,indi_past_due_310968,indi_impr_priv_310968
bpm,310968,cod_cr_310968,20180202,20180217,INADPRO,20180222,status_uscita2018-02-22 18:47:07.762355,20180304,indi_past_due_310968,indi_impr_priv_310968
ubi,310059,cod_cr_310059,20180311,20180326,INCA,20180331,status_uscita2018-03-31 16:41:50.297270,20180410,indi_past_due_310059,indi_impr_priv_310059
ubi,310059,cod_cr_310059,20180620,20180705,other,20180710,status_uscita2018-07-10 10:12:01.486820,20180720,indi_past_due_310059,indi_impr_priv_310059
ubi,403013,cod_cr_403013,20160107,20160122,INADPRO,20160127,status_uscita2016-01-27 07:16:53.238480,20160206,indi_past_due_403013,indi_impr_priv_403013
bpm,392376,cod_cr_392376,20160303,20160318,RISTR,20160323,status_uscita2016-03-23 11:54:38.849340,20160402,indi_past_due_392376,indi_impr_priv_392376
ubi,399765,cod_cr_399765,20160923,20161008,INADPRO,20161013,status_uscita2016-10-13 11:11:05.651620,20161023,indi_past_due_399765,indi_impr_priv_399765
bpm,459358,cod_cr_459358,20160823,20160907,other,20160912,status_uscita2016-09-12 06:16:32.431291,20160922,indi_past_due_459358,indi_impr_priv_459358
ubi,399765,cod_cr_399765,20160131,20160215,RISTR,20160220,status_uscita2016-02-20 20:46:09.778903,20160301,indi_past_due_399765,indi_impr_priv_399765
ubi,341433,cod_cr_341433,20151012,20151027,RISTR,20151101,status_uscita2015-11-01 00:54:00.423460,20151111,indi_past_due_341433,indi_impr_priv_341433
bpm,295156,cod_cr_295156,20160413,20160428,INADPRO,20160503,status_uscita2016-05-03 23:30:25.568931,20160513,indi_past_due_295156,indi_impr_priv_295156
ubi,397559,cod_cr_397559,20170118,20170202,INCA,20170207,status_uscita2017-02-07 17:36:44.896422,20170217,indi_past_due_397559,indi_impr_priv_397559
ubi,480983,cod_cr_480983,20170905,20170920,INCA,20170925,status_uscita2017-09-25 01:58:25.116701,20171005,indi_past_due_480983,indi_impr_priv_480983
bpm,413656,cod_cr_413656,20180612,20180627,RISTR,20180702,status_uscita2018-07-02 07:14:18.184968,20180712,indi_past_due_413656,indi_impr_priv_413656
bpm,417812,cod_cr_417812,20160704,20160719,INADPRO,20160724,status_uscita2016-07-24 10:30:41.034487,20160803,indi_past_due_417812,indi_impr_priv_417812
ubi,351437,cod_cr_351437,20160626,20160711,INADPRO,20160716,status_uscita2016-07-16 18:17:46.678786,20160726,indi_past_due_351437,indi_impr_priv_351437
ubi,397559,cod_cr_397559,20170119,20170203,INCA,20170208,status_uscita2017-02-08 11:09:50.363598,20170218,indi_past_due_397559,indi_impr_priv_397559
bpm,459224,cod_cr_459224,20180424,20180509,PASTDUE,20180514,status_uscita2018-05-14 13:56:27.228968,20180524,indi_past_due_459224,indi_impr_priv_459224
ubi,397559,cod_cr_397559,20171123,20171208,RISTR,20171213,status_uscita2017-12-13 11:47:59.886885,20171223,indi_past_due_397559,indi_impr_priv_397559
bpm,417812,cod_cr_417812,20151031,20151115,RISTR,20151120,status_uscita2015-11-20 09:31:01.795495,20151130,indi_past_due_417812,indi_impr_priv_417812
bpm,459358,cod_cr_459358,20170515,20170530,INCA,20170604,status_uscita2017-06-04 23:31:31.212634,20170614,indi_past_due_459358,indi_impr_priv_459358
bpm,310968,cod_cr_310968,20180716,20180731,SOFF,20180805,status_uscita2018-08-05 19:48:03.039954,20180815,indi_past_due_310968,indi_impr_priv_310968
ubi,504331,cod_cr_504331,20180109,20180124,RISTR,20180129,status_uscita2018-01-29 06:51:34.388219,20180208,indi_past_due_504331,indi_impr_priv_504331
bpm,459358,cod_cr_459358,20180501,20180516,PASTDUE,20180521,status_uscita2018-05-21 17:28:10.891927,20180531,indi_past_due_459358,indi_impr_priv_459358
bpm,392376,cod_cr_392376,20161127,20161212,INCA,20161217,status_uscita2016-12-17 20:18:54.163698,20161227,indi_past_due_392376,indi_impr_priv_392376
bpm,287458,cod_cr_287458,20150925,20151010,INADPRO,20151015,status_uscita2015-10-15 18:16:10.290717,20151025,indi_past_due_287458,indi_impr_priv_287458
ubi,399765,cod_cr_399765,20171227,20180111,other,20180116,status_uscita2018-01-16 13:18:20.291903,20180126,indi_past_due_399765,indi_impr_priv_399765
bpm,417812,cod_cr_417812,20181029,20181113,other,20181118,status_uscita2018-11-18 15:30:47.760152,20181128,indi_past_due_417812,indi_impr_priv_417812
bpm,287458,cod_cr_287458,20180514,20180529,INADPRO,20180603,status_uscita2018-06-03 14:41:53.191810,20180613,indi_past_due_287458,indi_impr_priv_287458
bpm,459358,cod_cr_459358,20180228,20180315,RISTR,20180320,status_uscita2018-03-20 22:39:39.065580,20180330,indi_past_due_459358,indi_impr_priv_459358
bpm,287458,cod_cr_287458,20190330,20190414,PASTDUE,20190419,status_uscita2019-04-19 03:12:39.117835,20190429,indi_past_due_287458,indi_impr_priv_287458
ubi,397559,cod_cr_397559,20170430,20170515,RISTR,20170520,status_uscita2017-05-20 20:53:18.610102,20170530,indi_past_due_397559,indi_impr_priv_397559
ubi,351437,cod_cr_351437,20161028,20161112,PASTDUE,20161117,status_uscita2016-11-17 11:19:44.913409,20161127,indi_past_due_351437,indi_impr_priv_351437
ubi,403013,cod_cr_403013,20190424,20190509,RISTR,20190514,status_uscita2019-05-14 03:11:59.904461,20190524,indi_past_due_403013,indi_impr_priv_403013
bpm,413656,cod_cr_413656,20160803,20160818,PASTDUE,20160823,status_uscita2016-08-23 14:08:06.060268,20160902,indi_past_due_413656,indi_impr_priv_413656
ubi,351437,cod_cr_351437,20181225,20190109,RISTR,20190114,status_uscita2019-01-14 09:24:22.300196,20190124,indi_past_due_351437,indi_impr_priv_351437
bpm,413656,cod_cr_413656,20160306,20160321,SOFF,20160326,status_uscita2016-03-26 10:27:03.385292,20160405,indi_past_due_413656,indi_impr_priv_413656
bpm,392376,cod_cr_392376,20170206,20170221,other,20170226,status_uscita2017-02-26 05:24:32.093377,20170308,indi_past_due_392376,indi_impr_priv_392376
bpm,295156,cod_cr_295156,20160808,20160823,SOFF,20160828,status_uscita2016-08-28 22:25:45.504449,20160907,indi_past_due_295156,indi_impr_priv_295156
ubi,341433,cod_cr_341433,20180222,20180309,PASTDUE,20180314,status_uscita2018-03-14 20:03:44.331022,20180324,indi_past_due_341433,indi_impr_priv_341433
bpm,459358,cod_cr_459358,20151205,20151220,RISTR,20151225,status_uscita2015-12-25 17:35:00.898931,20160104,indi_past_due_459358,indi_impr_priv_459358
ubi,465615,cod_cr_465615,20170619,20170704,INCA,20170709,status_uscita2017-07-09 11:09:40.606200,20170719,indi_past_due_465615,indi_impr_priv_465615
bpm,310968,cod_cr_310968,20160525,20160609,INCA,20160614,status_uscita2016-06-14 14:10:19.198732,20160624,indi_past_due_310968,indi_impr_priv_310968
bpm,459224,cod_cr_459224,20170828,20170912,SOFF,20170917,status_uscita2017-09-17 21:36:13.678791,20170927,indi_past_due_459224,indi_impr_priv_459224
bpm,417812,cod_cr_417812,20170611,20170626,SOFF,20170701,status_uscita2017-07-01 21:34:07.462992,20170711,indi_past_due_417812,indi_impr_priv_417812
bpm,388690,cod_cr_388690,20161216,20161231,PASTDUE,20170105,status_uscita2017-01-05 14:29:00.720697,20170115,indi_past_due_388690,indi_impr_priv_388690
ubi,399765,cod_cr_399765,20170830,20170914,other,20170919,status_uscita2017-09-19 18:19:14.022455,20170929,indi_past_due_399765,indi_impr_priv_399765
bpm,287458,cod_cr_287458,20170901,20170916,SOFF,20170921,status_uscita2017-09-21 22:12:58.107802,20171001,indi_past_due_287458,indi_impr_priv_287458
ubi,341433,cod_cr_341433,20180204,20180219,PASTDUE,20180224,status_uscita2018-02-24 14:46:56.431293,20180306,indi_past_due_341433,indi_impr_priv_341433
ubi,480983,cod_cr_480983,20150710,20150725,PASTDUE,20150730,status_uscita2015-07-30 12:47:47.189812,20150809,indi_past_due_480983,indi_impr_priv_480983
bpm,459224,cod_cr_459224,20171229,20180113,INADPRO,20180118,status_uscita2018-01-18 19:25:59.668412,20180128,indi_past_due_459224,indi_impr_priv_459224
ubi,397559,cod_cr_397559,20180807,20180822,other,20180827,status_uscita2018-08-27 13:21:25.005392,20180906,indi_past_due_397559,indi_impr_priv_397559
ubi,504331,cod_cr_504331,20180218,20180305,INCA,20180310,status_uscita2018-03-10 17:09:28.080566,20180320,indi_past_due_504331,indi_impr_priv_504331
ubi,310059,cod_cr_310059,20180816,20180831,PASTDUE,20180905,status_uscita2018-09-05 04:58:33.446399,20180915,indi_past_due_310059,indi_impr_priv_310059
ubi,403013,cod_cr_403013,20180412,20180427,SOFF,20180502,status_uscita2018-05-02 18:32:56.722948,20180512,indi_past_due_403013,indi_impr_priv_403013
ubi,480983,cod_cr_480983,20181028,20181112,INADPRO,20181117,status_uscita2018-11-17 00:37:29.844968,20181127,indi_past_due_480983,indi_impr_priv_480983
bpm,413656,cod_cr_413656,20150728,20150812,other,20150817,status_uscita2015-08-17 21:26:57.234609,20150827,indi_past_due_413656,indi_impr_priv_413656
ubi,310059,cod_cr_310059,20190319,20190403,INADPRO,20190408,status_uscita2019-04-08 14:14:41.222521,20190418,indi_past_due_310059,indi_impr_priv_310059
ubi,504331,cod_cr_504331,20171219,20180103,RISTR,20180108,status_uscita2018-01-08 22:50:59.510078,20180118,indi_past_due_504331,indi_impr_priv_504331
ubi,399765,cod_cr_399765,20170516,20170531,RISTR,20170605,status_uscita2017-06-05 21:11:56.307458,20170615,indi_past_due_399765,indi_impr_priv_399765
bpm,417812,cod_cr_417812,20170702,20170717,other,20170722,status_uscita2017-07-22 14:08:07.792051,20170801,indi_past_due_417812,indi_impr_priv_417812
ubi,351437,cod_cr_351437,20160530,20160614,INCA,20160619,status_uscita2016-06-19 01:12:51.311948,20160629,indi_past_due_351437,indi_impr_priv_351437
ubi,397559,cod_cr_397559,20180329,20180413,RISTR,20180418,status_uscita2018-04-18 20:10:38.699120,20180428,indi_past_due_397559,indi_impr_priv_397559
bpm,413656,cod_cr_413656,20180605,20180620,RISTR,20180625,status_uscita2018-06-25 21:24:16.103587,20180705,indi_past_due_413656,indi_impr_priv_413656
ubi,403013,cod_cr_403013,20171209,20171224,RISTR,20171229,status_uscita2017-12-29 20:17:31.526091,20180108,indi_past_due_403013,indi_impr_priv_403013
bpm,298236,cod_cr_298236,20170503,20170518,INCA,20170523,status_uscita2017-05-23 04:30:39.992356,20170602,indi_past_due_298236,indi_impr_priv_298236
bpm,459358,cod_cr_459358,20151212,20151227,INADPRO,20160101,status_uscita2016-01-01 10:50:53.206969,20160111,indi_past_due_459358,indi_impr_priv_459358
bpm,459224,cod_cr_459224,20180309,20180324,SOFF,20180329,status_uscita2018-03-29 05:34:08.250585,20180408,indi_past_due_459224,indi_impr_priv_459224
ubi,465615,cod_cr_465615,20190103,20190118,INADPRO,20190123,status_uscita2019-01-23 07:47:22.744822,20190202,indi_past_due_465615,indi_impr_priv_465615
ubi,403013,cod_cr_403013,20160614,20160629,INADPRO,20160704,status_uscita2016-07-04 20:00:29.865878,20160714,indi_past_due_403013,indi_impr_priv_403013
bpm,295156,cod_cr_295156,20160611,20160626,SOFF,20160701,status_uscita2016-07-01 18:15:05.208920,20160711,indi_past_due_295156,indi_impr_priv_295156
bpm,298236,cod_cr_298236,20150610,20150625,INCA,20150630,status_uscita2015-06-30 21:30:50.372847,20150710,indi_past_due_298236,indi_impr_priv_298236
bpm,298236,cod_cr_298236,20171109,20171124,RISTR,20171129,status_uscita2017-11-29 16:57:11.565370,20171209,indi_past_due_298236,indi_impr_priv_298236
ubi,341433,cod_cr_341433,20160701,20160716,INCA,20160721,status_uscita2016-07-21 14:57:53.884867,20160731,indi_past_due_341433,indi_impr_priv_341433
ubi,480983,cod_cr_480983,20190314,20190329,INADPRO,20190403,status_uscita2019-04-03 07:17:18.449291,20190413,indi_past_due_480983,indi_impr_priv_480983
ubi,480983,cod_cr_480983,20170726,20170810,INADPRO,20170815,status_uscita2017-08-15 15:41:46.779311,20170825,indi_past_due_480983,indi_impr_priv_480983
bpm,298236,cod_cr_298236,20170809,20170824,INADPRO,20170829,status_uscita2017-08-29 20:02:50.651004,20170908,indi_past_due_298236,indi_impr_priv_298236
ubi,351437,cod_cr_351437,20161004,20161019,INCA,20161024,status_uscita2016-10-24 02:20:41.870161,20161103,indi_past_due_351437,indi_impr_priv_351437
bpm,413656,cod_cr_413656,20180905,20180920,other,20180925,status_uscita2018-09-25 09:35:20.339396,20181005,indi_past_due_413656,indi_impr_priv_413656
ubi,341433,cod_cr_341433,20180320,20180404,other,20180409,status_uscita2018-04-09 14:46:37.345859,20180419,indi_past_due_341433,indi_impr_priv_341433
ubi,351437,cod_cr_351437,20180905,20180920,SOFF,20180925,status_uscita2018-09-25 15:41:03.529314,20181005,indi_past_due_351437,indi_impr_priv_351437
bpm,413656,cod_cr_413656,20171007,20171022,SOFF,20171027,status_uscita2017-10-27 20:29:28.621644,20171106,indi_past_due_413656,indi_impr_priv_413656
ubi,480983,cod_cr_480983,20170331,20170415,RISTR,20170420,status_uscita2017-04-20 11:43:03.627088,20170430,indi_past_due_480983,indi_impr_priv_480983
bpm,413656,cod_cr_413656,20180123,20180207,INCA,20180212,status_uscita2018-02-12 01:49:58.362006,20180222,indi_past_due_413656,indi_impr_priv_413656
bpm,287458,cod_cr_287458,20180407,20180422,INCA,20180427,status_uscita2018-04-27 07:58:47.108522,20180507,indi_past_due_287458,indi_impr_priv_287458
bpm,459224,cod_cr_459224,20160629,20160714,INADPRO,20160719,status_uscita2016-07-19 03:22:27.544945,20160729,indi_past_due_459224,indi_impr_priv_459224
ubi,399765,cod_cr_399765,20161217,20170101,other,20170106,status_uscita2017-01-06 10:47:23.266494,20170116,indi_past_due_399765,indi_impr_priv_399765
ubi,310059,cod_cr_310059,20151230,20160114,INCA,20160119,status_uscita2016-01-19 15:29:30.115168,20160129,indi_past_due_310059,indi_impr_priv_310059
bpm,287458,cod_cr_287458,20161209,20161224,INADPRO,20161229,status_uscita2016-12-29 13:23:26.165918,20170108,indi_past_due_287458,indi_impr_priv_287458
bpm,392376,cod_cr_392376,20170514,20170529,INADPRO,20170603,status_uscita2017-06-03 23:06:46.311067,20170613,indi_past_due_392376,indi_impr_priv_392376
bpm,298236,cod_cr_298236,20190512,20190527,INCA,20190601,status_uscita2019-06-01 11:12:40.541015,20190611,indi_past_due_298236,indi_impr_priv_298236
ubi,403013,cod_cr_403013,20160815,20160830,SOFF,20160904,status_uscita2016-09-04 18:21:42.699535,20160914,indi_past_due_403013,indi_impr_priv_403013
ubi,397559,cod_cr_397559,20180811,20180826,INCA,20180831,status_uscita2018-08-31 00:06:59.137560,20180910,indi_past_due_397559,indi_impr_priv_397559
bpm,310968,cod_cr_310968,20160330,20160414,PASTDUE,20160419,status_uscita2016-04-19 07:38:28.879022,20160429,indi_past_due_310968,indi_impr_priv_310968
bpm,459358,cod_cr_459358,20160726,20160810,INADPRO,20160815,status_uscita2016-08-15 11:48:29.083357,20160825,indi_past_due_459358,indi_impr_priv_459358
ubi,310059,cod_cr_310059,20181029,20181113,SOFF,20181118,status_uscita2018-11-18 07:58:11.294705,20181128,indi_past_due_310059,indi_impr_priv_310059
ubi,480983,cod_cr_480983,20171019,20171103,INCA,20171108,status_uscita2017-11-08 02:28:44.471290,20171118,indi_past_due_480983,indi_impr_priv_480983
ubi,397559,cod_cr_397559,20171010,20171025,other,20171030,status_uscita2017-10-30 15:56:29.240547,20171109,indi_past_due_397559,indi_impr_priv_397559
bpm,392376,cod_cr_392376,20151120,20151205,RISTR,20151210,status_uscita2015-12-10 11:27:11.299490,20151220,indi_past_due_392376,indi_impr_priv_392376
ubi,397559,cod_cr_397559,20180418,20180503,other,20180508,status_uscita2018-05-08 17:33:38.643543,20180518,indi_past_due_397559,indi_impr_priv_397559
bpm,295156,cod_cr_295156,20160202,20160217,RISTR,20160222,status_uscita2016-02-22 09:08:00.925262,20160303,indi_past_due_295156,indi_impr_priv_295156
bpm,459224,cod_cr_459224,20170714,20170729,PASTDUE,20170803,status_uscita2017-08-03 16:27:59.919338,20170813,indi_past_due_459224,indi_impr_priv_459224
bpm,392376,cod_cr_392376,20161108,20161123,SOFF,20161128,status_uscita2016-11-28 17:02:45.170063,20161208,indi_past_due_392376,indi_impr_priv_392376
ubi,403013,cod_cr_403013,20160925,20161010,RISTR,20161015,status_uscita2016-10-15 12:21:57.023303,20161025,indi_past_due_403013,indi_impr_priv_403013
ubi,399765,cod_cr_399765,20181126,20181211,INCA,20181216,status_uscita2018-12-16 11:15:13.283851,20181226,indi_past_due_399765,indi_impr_priv_399765
bpm,459358,cod_cr_459358,20160422,20160507,INCA,20160512,status_uscita2016-05-12 21:44:04.026313,20160522,indi_past_due_459358,indi_impr_priv_459358
ubi,403013,cod_cr_403013,20180908,20180923,INADPRO,20180928,status_uscita2018-09-28 03:24:55.999309,20181008,indi_past_due_403013,indi_impr_priv_403013
ubi,397559,cod_cr_397559,20170128,20170212,INADPRO,20170217,status_uscita2017-02-17 21:45:27.084432,20170227,indi_past_due_397559,indi_impr_priv_397559
ubi,399765,cod_cr_399765,20160219,20160305,RISTR,20160310,status_uscita2016-03-10 11:08:39.359387,20160320,indi_past_due_399765,indi_impr_priv_399765
ubi,399765,cod_cr_399765,20161026,20161110,other,20161115,status_uscita2016-11-15 02:16:58.440065,20161125,indi_past_due_399765,indi_impr_priv_399765
bpm,417812,cod_cr_417812,20170807,20170822,RISTR,20170827,status_uscita2017-08-27 18:32:01.204267,20170906,indi_past_due_417812,indi_impr_priv_417812
bpm,287458,cod_cr_287458,20171214,20171229,PASTDUE,20180103,status_uscita2018-01-03 11:26:42.107507,20180113,indi_past_due_287458,indi_impr_priv_287458
ubi,397559,cod_cr_397559,20190103,20190118,INCA,20190123,status_uscita2019-01-23 23:08:10.907575,20190202,indi_past_due_397559,indi_impr_priv_397559
bpm,413656,cod_cr_413656,20150731,20150815,INCA,20150820,status_uscita2015-08-20 14:35:01.736023,20150830,indi_past_due_413656,indi_impr_priv_413656
ubi,403013,cod_cr_403013,20160718,20160802,INADPRO,20160807,status_uscita2016-08-07 14:14:35.603123,20160817,indi_past_due_403013,indi_impr_priv_403013
ubi,341433,cod_cr_341433,20190208,20190223,INCA,20190228,status_uscita2019-02-28 10:14:39.258338,20190310,indi_past_due_341433,indi_impr_priv_341433
ubi,403013,cod_cr_403013,20170412,20170427,PASTDUE,20170502,status_uscita2017-05-02 04:37:34.098589,20170512,indi_past_due_403013,indi_impr_priv_403013
ubi,465615,cod_cr_465615,20170427,20170512,SOFF,20170517,status_uscita2017-05-17 12:57:53.078060,20170527,indi_past_due_465615,indi_impr_priv_465615
bpm,413656,cod_cr_413656,20160803,20160818,other,20160823,status_uscita2016-08-23 06:34:18.916950,20160902,indi_past_due_413656,indi_impr_priv_413656
ubi,351437,cod_cr_351437,20180218,20180305,other,20180310,status_uscita2018-03-10 21:46:20.691919,20180320,indi_past_due_351437,indi_impr_priv_351437
ubi,341433,cod_cr_341433,20160313,20160328,INCA,20160402,status_uscita2016-04-02 19:26:44.150737,20160412,indi_past_due_341433,indi_impr_priv_341433
bpm,459358,cod_cr_459358,20170507,20170522,PASTDUE,20170527,status_uscita2017-05-27 08:58:49.592428,20170606,indi_past_due_459358,indi_impr_priv_459358
bpm,417812,cod_cr_417812,20170427,20170512,RISTR,20170517,status_uscita2017-05-17 15:15:26.610947,20170527,indi_past_due_417812,indi_impr_priv_417812
bpm,417812,cod_cr_417812,20181122,20181207,INCA,20181212,status_uscita2018-12-12 18:11:33.614814,20181222,indi_past_due_417812,indi_impr_priv_417812
ubi,465615,cod_cr_465615,20161108,20161123,PASTDUE,20161128,status_uscita2016-11-28 20:57:33.855352,20161208,indi_past_due_465615,indi_impr_priv_465615
ubi,480983,cod_cr_480983,20160807,20160822,PASTDUE,20160827,status_uscita2016-08-27 05:24:19.534271,20160906,indi_past_due_480983,indi_impr_priv_480983
bpm,298236,cod_cr_298236,20170131,20170215,SOFF,20170220,status_uscita2017-02-20 17:46:45.710466,20170302,indi_past_due_298236,indi_impr_priv_298236
ubi,341433,cod_cr_341433,20180626,20180711,RISTR,20180716,status_uscita2018-07-16 05:59:10.765679,20180726,indi_past_due_341433,indi_impr_priv_341433
bpm,413656,cod_cr_413656,20150914,20150929,PASTDUE,20151004,status_uscita2015-10-04 23:39:14.840151,20151014,indi_past_due_413656,indi_impr_priv_413656
ubi,310059,cod_cr_310059,20161210,20161225,INADPRO,20161230,status_uscita2016-12-30 12:00:50.702555,20170109,indi_past_due_310059,indi_impr_priv_310059
bpm,392376,cod_cr_392376,20150822,20150906,SOFF,20150911,status_uscita2015-09-11 22:35:34.209653,20150921,indi_past_due_392376,indi_impr_priv_392376
bpm,459224,cod_cr_459224,20170407,20170422,other,20170427,status_uscita2017-04-27 15:17:32.521528,20170507,indi_past_due_459224,indi_impr_priv_459224
bpm,287458,cod_cr_287458,20160318,20160402,SOFF,20160407,status_uscita2016-04-07 16:22:38.866378,20160417,indi_past_due_287458,indi_impr_priv_287458
ubi,403013,cod_cr_403013,20180714,20180729,INADPRO,20180803,status_uscita2018-08-03 02:57:56.250432,20180813,indi_past_due_403013,indi_impr_priv_403013
bpm,388690,cod_cr_388690,20181114,20181129,SOFF,20181204,status_uscita2018-12-04 06:14:05.983001,20181214,indi_past_due_388690,indi_impr_priv_388690
ubi,310059,cod_cr_310059,20160927,20161012,PASTDUE,20161017,status_uscita2016-10-17 13:33:08.602793,20161027,indi_past_due_310059,indi_impr_priv_310059
ubi,433291,cod_cr_433291,20170112,20170127,SOFF,20170201,status_uscita2017-02-01 01:58:36.495517,20170211,indi_past_due_433291,indi_impr_priv_433291
ubi,504331,cod_cr_504331,20171019,20171103,SOFF,20171108,status_uscita2017-11-08 19:34:04.079176,20171118,indi_past_due_504331,indi_impr_priv_504331
ubi,504331,cod_cr_504331,20150802,20150817,SOFF,20150822,status_uscita2015-08-22 23:29:19.505020,20150901,indi_past_due_504331,indi_impr_priv_504331
ubi,310059,cod_cr_310059,20190512,20190527,RISTR,20190601,status_uscita2019-06-01 11:08:20.546250,20190611,indi_past_due_310059,indi_impr_priv_310059
bpm,459224,cod_cr_459224,20180804,20180819,RISTR,20180824,status_uscita2018-08-24 22:44:00.539431,20180903,indi_past_due_459224,indi_impr_priv_459224
bpm,287458,cod_cr_287458,20150622,20150707,PASTDUE,20150712,status_uscita2015-07-12 09:35:49.496209,20150722,indi_past_due_287458,indi_impr_priv_287458
ubi,433291,cod_cr_433291,20171104,20171119,other,20171124,status_uscita2017-11-24 02:37:40.525891,20171204,indi_past_due_433291,indi_impr_priv_433291
ubi,480983,cod_cr_480983,20181020,20181104,RISTR,20181109,status_uscita2018-11-09 04:14:14.593530,20181119,indi_past_due_480983,indi_impr_priv_480983
ubi,433291,cod_cr_433291,20160717,20160801,INADPRO,20160806,status_uscita2016-08-06 07:18:54.853688,20160816,indi_past_due_433291,indi_impr_priv_433291
bpm,459224,cod_cr_459224,20180524,20180608,INCA,20180613,status_uscita2018-06-13 03:18:27.852346,20180623,indi_past_due_459224,indi_impr_priv_459224
bpm,413656,cod_cr_413656,20170723,20170807,RISTR,20170812,status_uscita2017-08-12 04:53:47.479841,20170822,indi_past_due_413656,indi_impr_priv_413656
bpm,388690,cod_cr_388690,20160215,20160301,PASTDUE,20160306,status_uscita2016-03-06 09:13:08.715709,20160316,indi_past_due_388690,indi_impr_priv_388690
ubi,465615,cod_cr_465615,20161209,20161224,PASTDUE,20161229,status_uscita2016-12-29 13:46:18.301006,20170108,indi_past_due_465615,indi_impr_priv_465615
bpm,459358,cod_cr_459358,20180121,20180205,INCA,20180210,status_uscita2018-02-10 01:18:13.779652,20180220,indi_past_due_459358,indi_impr_priv_459358
bpm,413656,cod_cr_413656,20190501,20190516,SOFF,20190521,status_uscita2019-05-21 13:07:20.636187,20190531,indi_past_due_413656,indi_impr_priv_413656
ubi,403013,cod_cr_403013,20170121,20170205,INADPRO,20170210,status_uscita2017-02-10 19:35:05.119270,20170220,indi_past_due_403013,indi_impr_priv_403013
ubi,480983,cod_cr_480983,20190428,20190513,INADPRO,20190518,status_uscita2019-05-18 17:30:49.624784,20190528,indi_past_due_480983,indi_impr_priv_480983
ubi,504331,cod_cr_504331,20150722,20150806,SOFF,20150811,status_uscita2015-08-11 01:35:31.884657,20150821,indi_past_due_504331,indi_impr_priv_504331
bpm,310968,cod_cr_310968,20160216,20160302,PASTDUE,20160307,status_uscita2016-03-07 17:06:05.065910,20160317,indi_past_due_310968,indi_impr_priv_310968
ubi,480983,cod_cr_480983,20181125,20181210,PASTDUE,20181215,status_uscita2018-12-15 09:51:58.247462,20181225,indi_past_due_480983,indi_impr_priv_480983
bpm,459358,cod_cr_459358,20180209,20180224,RISTR,20180301,status_uscita2018-03-01 00:13:52.400259,20180311,indi_past_due_459358,indi_impr_priv_459358
bpm,298236,cod_cr_298236,20160621,20160706,SOFF,20160711,status_uscita2016-07-11 06:25:02.479511,20160721,indi_past_due_298236,indi_impr_priv_298236
ubi,399765,cod_cr_399765,20190225,20190312,other,20190317,status_uscita2019-03-17 22:39:43.300146,20190327,indi_past_due_399765,indi_impr_priv_399765
ubi,397559,cod_cr_397559,20161019,20161103,INADPRO,20161108,status_uscita2016-11-08 23:48:22.436365,20161118,indi_past_due_397559,indi_impr_priv_397559
bpm,287458,cod_cr_287458,20180623,20180708,RISTR,20180713,status_uscita2018-07-13 04:21:57.832041,20180723,indi_past_due_287458,indi_impr_priv_287458
ubi,403013,cod_cr_403013,20160808,20160823,INCA,20160828,status_uscita2016-08-28 18:58:59.239398,20160907,indi_past_due_403013,indi_impr_priv_403013
bpm,310968,cod_cr_310968,20180911,20180926,INADPRO,20181001,status_uscita2018-10-01 09:24:42.875904,20181011,indi_past_due_310968,indi_impr_priv_310968
ubi,397559,cod_cr_397559,20170527,20170611,SOFF,20170616,status_uscita2017-06-16 16:57:13.282147,20170626,indi_past_due_397559,indi_impr_priv_397559
bpm,295156,cod_cr_295156,20181029,20181113,SOFF,20181118,status_uscita2018-11-18 04:33:55.151824,20181128,indi_past_due_295156,indi_impr_priv_295156
bpm,417812,cod_cr_417812,20180222,20180309,other,20180314,status_uscita2018-03-14 15:27:43.312622,20180324,indi_past_due_417812,indi_impr_priv_417812
bpm,459358,cod_cr_459358,20170202,20170217,PASTDUE,20170222,status_uscita2017-02-22 21:26:05.987085,20170304,indi_past_due_459358,indi_impr_priv_459358
ubi,465615,cod_cr_465615,20170603,20170618,INADPRO,20170623,status_uscita2017-06-23 14:33:53.155617,20170703,indi_past_due_465615,indi_impr_priv_465615
bpm,417812,cod_cr_417812,20150917,20151002,other,20151007,status_uscita2015-10-07 15:03:42.187883,20151017,indi_past_due_417812,indi_impr_priv_417812
ubi,465615,cod_cr_465615,20160125,20160209,PASTDUE,20160214,status_uscita2016-02-14 21:36:34.690934,20160224,indi_past_due_465615,indi_impr_priv_465615
bpm,310968,cod_cr_310968,20170807,20170822,SOFF,20170827,status_uscita2017-08-27 19:23:18.042896,20170906,indi_past_due_310968,indi_impr_priv_310968
bpm,298236,cod_cr_298236,20150611,20150626,SOFF,20150701,status_uscita2015-07-01 18:49:48.753827,20150711,indi_past_due_298236,indi_impr_priv_298236
bpm,287458,cod_cr_287458,20180409,20180424,PASTDUE,20180429,status_uscita2018-04-29 22:30:40.059147,20180509,indi_past_due_287458,indi_impr_priv_287458
ubi,341433,cod_cr_341433,20161127,20161212,INADPRO,20161217,status_uscita2016-12-17 09:52:44.689608,20161227,indi_past_due_341433,indi_impr_priv_341433
bpm,392376,cod_cr_392376,20161118,20161203,INADPRO,20161208,status_uscita2016-12-08 00:17:42.139473,20161218,indi_past_due_392376,indi_impr_priv_392376
bpm,413656,cod_cr_413656,20160702,20160717,other,20160722,status_uscita2016-07-22 17:31:21.274033,20160801,indi_past_due_413656,indi_impr_priv_413656
ubi,403013,cod_cr_403013,20160922,20161007,INADPRO,20161012,status_uscita2016-10-12 08:31:37.643425,20161022,indi_past_due_403013,indi_impr_priv_403013
bpm,287458,cod_cr_287458,20160713,20160728,PASTDUE,20160802,status_uscita2016-08-02 20:42:58.090448,20160812,indi_past_due_287458,indi_impr_priv_287458
ubi,310059,cod_cr_310059,20180611,20180626,INADPRO,20180701,status_uscita2018-07-01 20:27:19.663207,20180711,indi_past_due_310059,indi_impr_priv_310059
bpm,287458,cod_cr_287458,20190211,20190226,PASTDUE,20190303,status_uscita2019-03-03 04:50:54.387027,20190313,indi_past_due_287458,indi_impr_priv_287458
ubi,465615,cod_cr_465615,20190204,20190219,other,20190224,status_uscita2019-02-24 19:50:56.082683,20190306,indi_past_due_465615,indi_impr_priv_465615
bpm,298236,cod_cr_298236,20180216,20180303,other,20180308,status_uscita2018-03-08 19:26:57.783328,20180318,indi_past_due_298236,indi_impr_priv_298236
bpm,287458,cod_cr_287458,20181229,20190113,other,20190118,status_uscita2019-01-18 04:27:39.300219,20190128,indi_past_due_287458,indi_impr_priv_287458
ubi,310059,cod_cr_310059,20160325,20160409,other,20160414,status_uscita2016-04-14 22:34:26.338478,20160424,indi_past_due_310059,indi_impr_priv_310059
bpm,287458,cod_cr_287458,20160815,20160830,INADPRO,20160904,status_uscita2016-09-04 02:46:47.408488,20160914,indi_past_due_287458,indi_impr_priv_287458
bpm,413656,cod_cr_413656,20151003,20151018,INADPRO,20151023,status_uscita2015-10-23 10:21:21.269177,20151102,indi_past_due_413656,indi_impr_priv_413656
ubi,433291,cod_cr_433291,20170103,20170118,PASTDUE,20170123,status_uscita2017-01-23 11:42:19.491887,20170202,indi_past_due_433291,indi_impr_priv_433291
bpm,287458,cod_cr_287458,20180413,20180428,INCA,20180503,status_uscita2018-05-03 09:36:13.491123,20180513,indi_past_due_287458,indi_impr_priv_287458
ubi,465615,cod_cr_465615,20170118,20170202,INADPRO,20170207,status_uscita2017-02-07 19:58:57.929147,20170217,indi_past_due_465615,indi_impr_priv_465615
bpm,459358,cod_cr_459358,20170208,20170223,SOFF,20170228,status_uscita2017-02-28 21:35:51.210182,20170310,indi_past_due_459358,indi_impr_priv_459358
ubi,310059,cod_cr_310059,20151122,20151207,RISTR,20151212,status_uscita2015-12-12 17:19:41.849783,20151222,indi_past_due_310059,indi_impr_priv_310059
ubi,399765,cod_cr_399765,20180405,20180420,SOFF,20180425,status_uscita2018-04-25 07:58:14.998807,20180505,indi_past_due_399765,indi_impr_priv_399765
bpm,310968,cod_cr_310968,20160730,20160814,PASTDUE,20160819,status_uscita2016-08-19 10:03:52.490006,20160829,indi_past_due_310968,indi_impr_priv_310968
ubi,397559,cod_cr_397559,20160102,20160117,INCA,20160122,status_uscita2016-01-22 11:59:15.694997,20160201,indi_past_due_397559,indi_impr_priv_397559
ubi,341433,cod_cr_341433,20181006,20181021,other,20181026,status_uscita2018-10-26 18:12:12.062144,20181105,indi_past_due_341433,indi_impr_priv_341433
bpm,310968,cod_cr_310968,20161021,20161105,INCA,20161110,status_uscita2016-11-10 23:08:39.516964,20161120,indi_past_due_310968,indi_impr_priv_310968
bpm,413656,cod_cr_413656,20190319,20190403,SOFF,20190408,status_uscita2019-04-08 09:06:30.289514,20190418,indi_past_due_413656,indi_impr_priv_413656
ubi,403013,cod_cr_403013,20181031,20181115,other,20181120,status_uscita2018-11-20 18:43:53.797481,20181130,indi_past_due_403013,indi_impr_priv_403013
bpm,459358,cod_cr_459358,20171121,20171206,other,20171211,status_uscita2017-12-11 19:48:03.673620,20171221,indi_past_due_459358,indi_impr_priv_459358
ubi,341433,cod_cr_341433,20180523,20180607,INADPRO,20180612,status_uscita2018-06-12 20:14:10.451782,20180622,indi_past_due_341433,indi_impr_priv_341433
ubi,403013,cod_cr_403013,20160104,20160119,other,20160124,status_uscita2016-01-24 09:11:32.965910,20160203,indi_past_due_403013,indi_impr_priv_403013
ubi,310059,cod_cr_310059,20180114,20180129,other,20180203,status_uscita2018-02-03 09:05:34.360840,20180213,indi_past_due_310059,indi_impr_priv_310059
ubi,480983,cod_cr_480983,20180313,20180328,other,20180402,status_uscita2018-04-02 00:34:19.387183,20180412,indi_past_due_480983,indi_impr_priv_480983
ubi,397559,cod_cr_397559,20160316,20160331,INADPRO,20160405,status_uscita2016-04-05 20:16:44.837383,20160415,indi_past_due_397559,indi_impr_priv_397559
ubi,399765,cod_cr_399765,20180616,20180701,other,20180706,status_uscita2018-07-06 12:07:55.128260,20180716,indi_past_due_399765,indi_impr_priv_399765
bpm,417812,cod_cr_417812,20170629,20170714,INCA,20170719,status_uscita2017-07-19 02:41:22.182328,20170729,indi_past_due_417812,indi_impr_priv_417812
bpm,413656,cod_cr_413656,20180824,20180908,PASTDUE,20180913,status_uscita2018-09-13 12:06:44.331305,20180923,indi_past_due_413656,indi_impr_priv_413656
ubi,351437,cod_cr_351437,20151028,20151112,INCA,20151117,status_uscita2015-11-17 08:31:46.578753,20151127,indi_past_due_351437,indi_impr_priv_351437
ubi,310059,cod_cr_310059,20150809,20150824,INCA,20150829,status_uscita2015-08-29 02:28:51.774989,20150908,indi_past_due_310059,indi_impr_priv_310059
bpm,459358,cod_cr_459358,20190105,20190120,INCA,20190125,status_uscita2019-01-25 08:16:27.195201,20190204,indi_past_due_459358,indi_impr_priv_459358
bpm,417812,cod_cr_417812,20160618,20160703,PASTDUE,20160708,status_uscita2016-07-08 10:47:51.196657,20160718,indi_past_due_417812,indi_impr_priv_417812
bpm,295156,cod_cr_295156,20161221,20170105,other,20170110,status_uscita2017-01-10 23:24:33.826651,20170120,indi_past_due_295156,indi_impr_priv_295156
ubi,480983,cod_cr_480983,20190128,20190212,RISTR,20190217,status_uscita2019-02-17 16:28:29.497469,20190227,indi_past_due_480983,indi_impr_priv_480983
ubi,480983,cod_cr_480983,20170730,20170814,INADPRO,20170819,status_uscita2017-08-19 23:43:58.271580,20170829,indi_past_due_480983,indi_impr_priv_480983
ubi,351437,cod_cr_351437,20161111,20161126,other,20161201,status_uscita2016-12-01 02:35:30.494128,20161211,indi_past_due_351437,indi_impr_priv_351437
bpm,459224,cod_cr_459224,20190526,20190610,INADPRO,20190615,status_uscita2019-06-15 21:12:38.842635,20190625,indi_past_due_459224,indi_impr_priv_459224
ubi,399765,cod_cr_399765,20181125,20181210,PASTDUE,20181215,status_uscita2018-12-15 06:02:25.543794,20181225,indi_past_due_399765,indi_impr_priv_399765
ubi,504331,cod_cr_504331,20160318,20160402,INCA,20160407,status_uscita2016-04-07 05:33:55.258960,20160417,indi_past_due_504331,indi_impr_priv_504331
ubi,399765,cod_cr_399765,20190429,20190514,SOFF,20190519,status_uscita2019-05-19 11:31:10.206443,20190529,indi_past_due_399765,indi_impr_priv_399765
ubi,480983,cod_cr_480983,20180625,20180710,PASTDUE,20180715,status_uscita2018-07-15 02:33:22.424520,20180725,indi_past_due_480983,indi_impr_priv_480983
ubi,465615,cod_cr_465615,20150905,20150920,INADPRO,20150925,status_uscita2015-09-25 13:39:40.042743,20151005,indi_past_due_465615,indi_impr_priv_465615
ubi,433291,cod_cr_433291,20170922,20171007,other,20171012,status_uscita2017-10-12 07:43:12.233612,20171022,indi_past_due_433291,indi_impr_priv_433291
ubi,403013,cod_cr_403013,20181213,20181228,RISTR,20190102,status_uscita2019-01-02 18:07:16.392942,20190112,indi_past_due_403013,indi_impr_priv_403013
bpm,287458,cod_cr_287458,20151120,20151205,INCA,20151210,status_uscita2015-12-10 14:04:05.685659,20151220,indi_past_due_287458,indi_impr_priv_287458
ubi,351437,cod_cr_351437,20151026,20151110,RISTR,20151115,status_uscita2015-11-15 01:08:27.943753,20151125,indi_past_due_351437,indi_impr_priv_351437
bpm,459224,cod_cr_459224,20180525,20180609,SOFF,20180614,status_uscita2018-06-14 17:39:30.123807,20180624,indi_past_due_459224,indi_impr_priv_459224
bpm,287458,cod_cr_287458,20170112,20170127,SOFF,20170201,status_uscita2017-02-01 23:52:04.529886,20170211,indi_past_due_287458,indi_impr_priv_287458
bpm,413656,cod_cr_413656,20181023,20181107,other,20181112,status_uscita2018-11-12 02:24:07.618228,20181122,indi_past_due_413656,indi_impr_priv_413656
ubi,403013,cod_cr_403013,20160130,20160214,PASTDUE,20160219,status_uscita2016-02-19 13:21:48.586219,20160229,indi_past_due_403013,indi_impr_priv_403013
ubi,310059,cod_cr_310059,20160624,20160709,RISTR,20160714,status_uscita2016-07-14 03:02:31.753832,20160724,indi_past_due_310059,indi_impr_priv_310059
bpm,310968,cod_cr_310968,20160927,20161012,INCA,20161017,status_uscita2016-10-17 17:09:57.699816,20161027,indi_past_due_310968,indi_impr_priv_310968
bpm,417812,cod_cr_417812,20180719,20180803,other,20180808,status_uscita2018-08-08 15:00:18.442242,20180818,indi_past_due_417812,indi_impr_priv_417812
bpm,388690,cod_cr_388690,20180603,20180618,INADPRO,20180623,status_uscita2018-06-23 12:33:08.838020,20180703,indi_past_due_388690,indi_impr_priv_388690
bpm,295156,cod_cr_295156,20150825,20150909,RISTR,20150914,status_uscita2015-09-14 18:53:44.326296,20150924,indi_past_due_295156,indi_impr_priv_295156
ubi,399765,cod_cr_399765,20190305,20190320,PASTDUE,20190325,status_uscita2019-03-25 05:34:19.005238,20190404,indi_past_due_399765,indi_impr_priv_399765
bpm,287458,cod_cr_287458,20170909,20170924,INADPRO,20170929,status_uscita2017-09-29 01:38:00.022376,20171009,indi_past_due_287458,indi_impr_priv_287458
ubi,341433,cod_cr_341433,20170429,20170514,PASTDUE,20170519,status_uscita2017-05-19 00:53:22.455594,20170529,indi_past_due_341433,indi_impr_priv_341433
ubi,351437,cod_cr_351437,20190508,20190523,RISTR,20190528,status_uscita2019-05-28 19:30:58.160965,20190607,indi_past_due_351437,indi_impr_priv_351437
bpm,287458,cod_cr_287458,20150629,20150714,SOFF,20150719,status_uscita2015-07-19 10:26:52.065248,20150729,indi_past_due_287458,indi_impr_priv_287458
ubi,351437,cod_cr_351437,20180902,20180917,other,20180922,status_uscita2018-09-22 16:58:13.998921,20181002,indi_past_due_351437,indi_impr_priv_351437
ubi,351437,cod_cr_351437,20171126,20171211,RISTR,20171216,status_uscita2017-12-16 01:11:21.391530,20171226,indi_past_due_351437,indi_impr_priv_351437
ubi,403013,cod_cr_403013,20170725,20170809,SOFF,20170814,status_uscita2017-08-14 08:19:17.754087,20170824,indi_past_due_403013,indi_impr_priv_403013
bpm,413656,cod_cr_413656,20190319,20190403,other,20190408,status_uscita2019-04-08 13:58:25.287199,20190418,indi_past_due_413656,indi_impr_priv_413656
ubi,397559,cod_cr_397559,20160707,20160722,RISTR,20160727,status_uscita2016-07-27 22:52:41.477513,20160806,indi_past_due_397559,indi_impr_priv_397559
bpm,459358,cod_cr_459358,20171227,20180111,SOFF,20180116,status_uscita2018-01-16 07:38:49.314593,20180126,indi_past_due_459358,indi_impr_priv_459358
ubi,399765,cod_cr_399765,20170505,20170520,INCA,20170525,status_uscita2017-05-25 02:13:24.685191,20170604,indi_past_due_399765,indi_impr_priv_399765
bpm,413656,cod_cr_413656,20160124,20160208,PASTDUE,20160213,status_uscita2016-02-13 18:42:15.169874,20160223,indi_past_due_413656,indi_impr_priv_413656
bpm,459224,cod_cr_459224,20190321,20190405,SOFF,20190410,status_uscita2019-04-10 09:45:50.374778,20190420,indi_past_due_459224,indi_impr_priv_459224
ubi,397559,cod_cr_397559,20181119,20181204,other,20181209,status_uscita2018-12-09 02:05:12.715429,20181219,indi_past_due_397559,indi_impr_priv_397559
bpm,413656,cod_cr_413656,20151124,20151209,PASTDUE,20151214,status_uscita2015-12-14 17:46:02.141494,20151224,indi_past_due_413656,indi_impr_priv_413656
bpm,388690,cod_cr_388690,20181101,20181116,other,20181121,status_uscita2018-11-21 09:23:33.476194,20181201,indi_past_due_388690,indi_impr_priv_388690
ubi,465615,cod_cr_465615,20160830,20160914,SOFF,20160919,status_uscita2016-09-19 17:25:43.905861,20160929,indi_past_due_465615,indi_impr_priv_465615
ubi,341433,cod_cr_341433,20180422,20180507,SOFF,20180512,status_uscita2018-05-12 01:41:56.517388,20180522,indi_past_due_341433,indi_impr_priv_341433
bpm,295156,cod_cr_295156,20150722,20150806,SOFF,20150811,status_uscita2015-08-11 23:50:22.051042,20150821,indi_past_due_295156,indi_impr_priv_295156
ubi,403013,cod_cr_403013,20180824,20180908,SOFF,20180913,status_uscita2018-09-13 12:36:58.856877,20180923,indi_past_due_403013,indi_impr_priv_403013
bpm,388690,cod_cr_388690,20161007,20161022,INADPRO,20161027,status_uscita2016-10-27 01:52:34.744981,20161106,indi_past_due_388690,indi_impr_priv_388690
bpm,287458,cod_cr_287458,20151226,20160110,RISTR,20160115,status_uscita2016-01-15 06:09:09.441457,20160125,indi_past_due_287458,indi_impr_priv_287458
bpm,459358,cod_cr_459358,20151013,20151028,other,20151102,status_uscita2015-11-02 08:50:41.438716,20151112,indi_past_due_459358,indi_impr_priv_459358
bpm,413656,cod_cr_413656,20180129,20180213,PASTDUE,20180218,status_uscita2018-02-18 23:18:48.260480,20180228,indi_past_due_413656,indi_impr_priv_413656
bpm,413656,cod_cr_413656,20181014,20181029,INADPRO,20181103,status_uscita2018-11-03 17:18:24.705921,20181113,indi_past_due_413656,indi_impr_priv_413656
bpm,392376,cod_cr_392376,20160830,20160914,INCA,20160919,status_uscita2016-09-19 17:07:33.331419,20160929,indi_past_due_392376,indi_impr_priv_392376
bpm,310968,cod_cr_310968,20160506,20160521,SOFF,20160526,status_uscita2016-05-26 15:08:48.087609,20160605,indi_past_due_310968,indi_impr_priv_310968
bpm,459358,cod_cr_459358,20190124,20190208,INADPRO,20190213,status_uscita2019-02-13 18:53:10.409306,20190223,indi_past_due_459358,indi_impr_priv_459358
bpm,388690,cod_cr_388690,20180914,20180929,INCA,20181004,status_uscita2018-10-04 21:15:08.847389,20181014,indi_past_due_388690,indi_impr_priv_388690
bpm,413656,cod_cr_413656,20190508,20190523,other,20190528,status_uscita2019-05-28 21:56:33.879937,20190607,indi_past_due_413656,indi_impr_priv_413656
ubi,480983,cod_cr_480983,20160114,20160129,SOFF,20160203,status_uscita2016-02-03 10:08:38.442802,20160213,indi_past_due_480983,indi_impr_priv_480983
ubi,403013,cod_cr_403013,20160521,20160605,INCA,20160610,status_uscita2016-06-10 21:46:22.112867,20160620,indi_past_due_403013,indi_impr_priv_403013
bpm,459358,cod_cr_459358,20180728,20180812,SOFF,20180817,status_uscita2018-08-17 22:54:56.308846,20180827,indi_past_due_459358,indi_impr_priv_459358
ubi,397559,cod_cr_397559,20171012,20171027,INCA,20171101,status_uscita2017-11-01 20:17:05.000631,20171111,indi_past_due_397559,indi_impr_priv_397559
bpm,298236,cod_cr_298236,20161118,20161203,INADPRO,20161208,status_uscita2016-12-08 16:01:04.050225,20161218,indi_past_due_298236,indi_impr_priv_298236
ubi,433291,cod_cr_433291,20190312,20190327,INADPRO,20190401,status_uscita2019-04-01 15:30:37.714527,20190411,indi_past_due_433291,indi_impr_priv_433291
ubi,504331,cod_cr_504331,20161006,20161021,INCA,20161026,status_uscita2016-10-26 15:26:29.975056,20161105,indi_past_due_504331,indi_impr_priv_504331
bpm,310968,cod_cr_310968,20180328,20180412,RISTR,20180417,status_uscita2018-04-17 07:50:58.512597,20180427,indi_past_due_310968,indi_impr_priv_310968
bpm,295156,cod_cr_295156,20160526,20160610,SOFF,20160615,status_uscita2016-06-15 18:29:15.200890,20160625,indi_past_due_295156,indi_impr_priv_295156
ubi,433291,cod_cr_433291,20161114,20161129,INCA,20161204,status_uscita2016-12-04 12:21:35.942883,20161214,indi_past_due_433291,indi_impr_priv_433291
bpm,413656,cod_cr_413656,20151210,20151225,PASTDUE,20151230,status_uscita2015-12-30 02:55:31.154806,20160109,indi_past_due_413656,indi_impr_priv_413656
bpm,392376,cod_cr_392376,20150731,20150815,other,20150820,status_uscita2015-08-20 02:30:11.668638,20150830,indi_past_due_392376,indi_impr_priv_392376
bpm,295156,cod_cr_295156,20171204,20171219,RISTR,20171224,status_uscita2017-12-24 14:56:38.487517,20180103,indi_past_due_295156,indi_impr_priv_295156
bpm,287458,cod_cr_287458,20181008,20181023,other,20181028,status_uscita2018-10-28 05:51:51.315477,20181107,indi_past_due_287458,indi_impr_priv_287458
ubi,399765,cod_cr_399765,20160922,20161007,PASTDUE,20161012,status_uscita2016-10-12 06:48:12.647558,20161022,indi_past_due_399765,indi_impr_priv_399765
ubi,480983,cod_cr_480983,20150813,20150828,PASTDUE,20150902,status_uscita2015-09-02 19:14:10.625094,20150912,indi_past_due_480983,indi_impr_priv_480983
bpm,392376,cod_cr_392376,20181006,20181021,INCA,20181026,status_uscita2018-10-26 18:30:00.210349,20181105,indi_past_due_392376,indi_impr_priv_392376
ubi,351437,cod_cr_351437,20160721,20160805,INCA,20160810,status_uscita2016-08-10 13:20:12.666561,20160820,indi_past_due_351437,indi_impr_priv_351437
ubi,341433,cod_cr_341433,20181220,20190104,INCA,20190109,status_uscita2019-01-09 22:38:50.759587,20190119,indi_past_due_341433,indi_impr_priv_341433
bpm,388690,cod_cr_388690,20160320,20160404,SOFF,20160409,status_uscita2016-04-09 10:17:09.139759,20160419,indi_past_due_388690,indi_impr_priv_388690
bpm,392376,cod_cr_392376,20170804,20170819,INCA,20170824,status_uscita2017-08-24 18:20:14.129980,20170903,indi_past_due_392376,indi_impr_priv_392376
bpm,295156,cod_cr_295156,20190214,20190301,PASTDUE,20190306,status_uscita2019-03-06 12:00:50.342998,20190316,indi_past_due_295156,indi_impr_priv_295156
ubi,399765,cod_cr_399765,20151021,20151105,RISTR,20151110,status_uscita2015-11-10 11:10:49.042353,20151120,indi_past_due_399765,indi_impr_priv_399765
bpm,310968,cod_cr_310968,20180122,20180206,RISTR,20180211,status_uscita2018-02-11 22:07:59.189523,20180221,indi_past_due_310968,indi_impr_priv_310968
ubi,465615,cod_cr_465615,20180110,20180125,other,20180130,status_uscita2018-01-30 04:48:57.831550,20180209,indi_past_due_465615,indi_impr_priv_465615
bpm,459224,cod_cr_459224,20160626,20160711,PASTDUE,20160716,status_uscita2016-07-16 18:10:00.931048,20160726,indi_past_due_459224,indi_impr_priv_459224
ubi,351437,cod_cr_351437,20151015,20151030,RISTR,20151104,status_uscita2015-11-04 02:28:14.691295,20151114,indi_past_due_351437,indi_impr_priv_351437
ubi,341433,cod_cr_341433,20160912,20160927,PASTDUE,20161002,status_uscita2016-10-02 13:06:31.788460,20161012,indi_past_due_341433,indi_impr_priv_341433
bpm,310968,cod_cr_310968,20170629,20170714,INADPRO,20170719,status_uscita2017-07-19 15:04:23.618028,20170729,indi_past_due_310968,indi_impr_priv_310968
ubi,504331,cod_cr_504331,20160910,20160925,RISTR,20160930,status_uscita2016-09-30 08:36:23.834946,20161010,indi_past_due_504331,indi_impr_priv_504331
ubi,399765,cod_cr_399765,20171127,20171212,RISTR,20171217,status_uscita2017-12-17 01:13:08.944773,20171227,indi_past_due_399765,indi_impr_priv_399765
bpm,388690,cod_cr_388690,20181203,20181218,INADPRO,20181223,status_uscita2018-12-23 13:49:46.950865,20190102,indi_past_due_388690,indi_impr_priv_388690
bpm,417812,cod_cr_417812,20180806,20180821,PASTDUE,20180826,status_uscita2018-08-26 06:07:44.980313,20180905,indi_past_due_417812,indi_impr_priv_417812
bpm,388690,cod_cr_388690,20160726,20160810,INCA,20160815,status_uscita2016-08-15 02:07:45.448467,20160825,indi_past_due_388690,indi_impr_priv_388690
bpm,392376,cod_cr_392376,20171122,20171207,PASTDUE,20171212,status_uscita2017-12-12 23:30:14.929837,20171222,indi_past_due_392376,indi_impr_priv_392376
bpm,413656,cod_cr_413656,20190301,20190316,INCA,20190321,status_uscita2019-03-21 03:44:57.836057,20190331,indi_past_due_413656,indi_impr_priv_413656
ubi,504331,cod_cr_504331,20181110,20181125,INADPRO,20181130,status_uscita2018-11-30 22:34:55.756078,20181210,indi_past_due_504331,indi_impr_priv_504331
bpm,298236,cod_cr_298236,20181008,20181023,INCA,20181028,status_uscita2018-10-28 16:04:43.374098,20181107,indi_past_due_298236,indi_impr_priv_298236
ubi,397559,cod_cr_397559,20150920,20151005,INCA,20151010,status_uscita2015-10-10 05:29:45.093268,20151020,indi_past_due_397559,indi_impr_priv_397559
bpm,298236,cod_cr_298236,20170106,20170121,RISTR,20170126,status_uscita2017-01-26 05:25:40.604728,20170205,indi_past_due_298236,indi_impr_priv_298236
bpm,459224,cod_cr_459224,20150701,20150716,SOFF,20150721,status_uscita2015-07-21 02:38:52.488064,20150731,indi_past_due_459224,indi_impr_priv_459224
ubi,465615,cod_cr_465615,20170410,20170425,PASTDUE,20170430,status_uscita2017-04-30 23:00:40.070278,20170510,indi_past_due_465615,indi_impr_priv_465615
bpm,459224,cod_cr_459224,20180210,20180225,INCA,20180302,status_uscita2018-03-02 12:35:02.568213,20180312,indi_past_due_459224,indi_impr_priv_459224
bpm,459224,cod_cr_459224,20150713,20150728,INCA,20150802,status_uscita2015-08-02 15:24:32.500682,20150812,indi_past_due_459224,indi_impr_priv_459224
bpm,417812,cod_cr_417812,20160309,20160324,SOFF,20160329,status_uscita2016-03-29 06:35:43.359797,20160408,indi_past_due_417812,indi_impr_priv_417812
ubi,351437,cod_cr_351437,20180907,20180922,RISTR,20180927,status_uscita2018-09-27 23:53:56.526455,20181007,indi_past_due_351437,indi_impr_priv_351437
ubi,403013,cod_cr_403013,20171222,20180106,other,20180111,status_uscita2018-01-11 02:23:01.096874,20180121,indi_past_due_403013,indi_impr_priv_403013
ubi,504331,cod_cr_504331,20180203,20180218,RISTR,20180223,status_uscita2018-02-23 03:57:23.398009,20180305,indi_past_due_504331,indi_impr_priv_504331
ubi,480983,cod_cr_480983,20181118,20181203,INCA,20181208,status_uscita2018-12-08 06:54:28.172828,20181218,indi_past_due_480983,indi_impr_priv_480983
bpm,459224,cod_cr_459224,20161108,20161123,PASTDUE,20161128,status_uscita2016-11-28 16:39:50.252656,20161208,indi_past_due_459224,indi_impr_priv_459224
ubi,399765,cod_cr_399765,20190511,20190526,INADPRO,20190531,status_uscita2019-05-31 15:42:24.736158,20190610,indi_past_due_399765,indi_impr_priv_399765
bpm,287458,cod_cr_287458,20170505,20170520,RISTR,20170525,status_uscita2017-05-25 20:22:52.985798,20170604,indi_past_due_287458,indi_impr_priv_287458
ubi,504331,cod_cr_504331,20160215,20160301,SOFF,20160306,status_uscita2016-03-06 04:00:56.794775,20160316,indi_past_due_504331,indi_impr_priv_504331
bpm,413656,cod_cr_413656,20170527,20170611,SOFF,20170616,status_uscita2017-06-16 10:16:32.374672,20170626,indi_past_due_413656,indi_impr_priv_413656
bpm,287458,cod_cr_287458,20160320,20160404,PASTDUE,20160409,status_uscita2016-04-09 09:43:07.911459,20160419,indi_past_due_287458,indi_impr_priv_287458
bpm,392376,cod_cr_392376,20190304,20190319,other,20190324,status_uscita2019-03-24 01:50:03.613798,20190403,indi_past_due_392376,indi_impr_priv_392376
bpm,388690,cod_cr_388690,20151018,20151102,PASTDUE,20151107,status_uscita2015-11-07 01:12:25.608673,20151117,indi_past_due_388690,indi_impr_priv_388690
bpm,392376,cod_cr_392376,20160306,20160321,INADPRO,20160326,status_uscita2016-03-26 18:16:47.251270,20160405,indi_past_due_392376,indi_impr_priv_392376
bpm,459358,cod_cr_459358,20170108,20170123,other,20170128,status_uscita2017-01-28 14:26:48.658744,20170207,indi_past_due_459358,indi_impr_priv_459358
ubi,480983,cod_cr_480983,20150813,20150828,INADPRO,20150902,status_uscita2015-09-02 11:11:11.018744,20150912,indi_past_due_480983,indi_impr_priv_480983
ubi,504331,cod_cr_504331,20160519,20160603,other,20160608,status_uscita2016-06-08 14:14:18.552752,20160618,indi_past_due_504331,indi_impr_priv_504331
ubi,504331,cod_cr_504331,20190324,20190408,other,20190413,status_uscita2019-04-13 21:23:27.208893,20190423,indi_past_due_504331,indi_impr_priv_504331
ubi,433291,cod_cr_433291,20180621,20180706,PASTDUE,20180711,status_uscita2018-07-11 07:44:35.280278,20180721,indi_past_due_433291,indi_impr_priv_433291
ubi,397559,cod_cr_397559,20170820,20170904,PASTDUE,20170909,status_uscita2017-09-09 12:01:02.157613,20170919,indi_past_due_397559,indi_impr_priv_397559
ubi,341433,cod_cr_341433,20160225,20160311,INADPRO,20160316,status_uscita2016-03-16 16:48:55.541212,20160326,indi_past_due_341433,indi_impr_priv_341433
bpm,392376,cod_cr_392376,20170726,20170810,INCA,20170815,status_uscita2017-08-15 19:18:06.410123,20170825,indi_past_due_392376,indi_impr_priv_392376
ubi,341433,cod_cr_341433,20160817,20160901,SOFF,20160906,status_uscita2016-09-06 17:17:08.752562,20160916,indi_past_due_341433,indi_impr_priv_341433
bpm,392376,cod_cr_392376,20181027,20181111,INADPRO,20181116,status_uscita2018-11-16 19:09:29.817347,20181126,indi_past_due_392376,indi_impr_priv_392376
ubi,351437,cod_cr_351437,20171012,20171027,RISTR,20171101,status_uscita2017-11-01 16:30:41.607351,20171111,indi_past_due_351437,indi_impr_priv_351437
ubi,351437,cod_cr_351437,20160616,20160701,other,20160706,status_uscita2016-07-06 13:52:31.692376,20160716,indi_past_due_351437,indi_impr_priv_351437
ubi,403013,cod_cr_403013,20190213,20190228,INCA,20190305,status_uscita2019-03-05 23:12:04.209097,20190315,indi_past_due_403013,indi_impr_priv_403013
bpm,459224,cod_cr_459224,20161210,20161225,INCA,20161230,status_uscita2016-12-30 22:39:08.725984,20170109,indi_past_due_459224,indi_impr_priv_459224
ubi,310059,cod_cr_310059,20181224,20190108,RISTR,20190113,status_uscita2019-01-13 14:24:55.651404,20190123,indi_past_due_310059,indi_impr_priv_310059
bpm,388690,cod_cr_388690,20171103,20171118,RISTR,20171123,status_uscita2017-11-23 04:21:31.961167,20171203,indi_past_due_388690,indi_impr_priv_388690
bpm,298236,cod_cr_298236,20160305,20160320,RISTR,20160325,status_uscita2016-03-25 13:54:29.745839,20160404,indi_past_due_298236,indi_impr_priv_298236
bpm,459358,cod_cr_459358,20161001,20161016,PASTDUE,20161021,status_uscita2016-10-21 09:07:32.217400,20161031,indi_past_due_459358,indi_impr_priv_459358
bpm,287458,cod_cr_287458,20171201,20171216,SOFF,20171221,status_uscita2017-12-21 07:59:43.057699,20171231,indi_past_due_287458,indi_impr_priv_287458
bpm,295156,cod_cr_295156,20160618,20160703,RISTR,20160708,status_uscita2016-07-08 19:51:40.807491,20160718,indi_past_due_295156,indi_impr_priv_295156
