ubi,334095,20180601,20180706,20180608,20180615,20180622,20180629,c_key_334095,2,3,RAE,10,CO,AN,20180615,,Y,,334095,ubi,cd_collegamento,,20170117
bancamarche,287879,20160507,20160611,20160514,20160521,20160528,20160604,c_key_287879,1,3,RAE,01,CO,PU,20160521,,Y,,287879,bancamarche,cd_collegamento,,20171226
bpm,486194,20170725,20170829,20170801,20170808,20170815,20170822,c_key_486194,1,1,RAE,02,PF,AN,20170808,,Y,,486194,bpm,cd_collegamento,,20151209
ubi,486194,20171110,20171215,20171117,20171124,20171201,20171208,c_key_486194,2,3,RAE,21,DIP,MI,20171124,,Y,,486194,ubi,cd_collegamento,,20160417
bpm,504858,20160913,20161018,20160920,20160927,20161004,20161011,c_key_504858,1,3,rae,10,CO,MI,20160927,,Y,,504858,bpm,cd_collegamento,,20180516
bpm,295528,20190522,20190626,20190529,20190605,20190612,20190619,c_key_295528,3,2,RAE,10,DIP,CO,20190605,,Y,,295528,bpm,cd_collegamento,,20190304
bpm,287879,20181031,20181205,20181107,20181114,20181121,20181128,c_key_287879,2,1,rae,01,DIP,CO,20181114,,Y,,287879,bpm,cd_collegamento,,20170529
bancamarche,431531,20150821,20150925,20150828,20150904,20150911,20150918,c_key_431531,3,1,RAE,02,CO,AN,20150904,,Y,,431531,bancamarche,cd_collegamento,,20170420
bpm,486194,20170303,20170407,20170310,20170317,20170324,20170331,c_key_486194,2,2,rae,10,CO,CO,20170317,,Y,,486194,bpm,cd_collegamento,,20170117
bancamarche,432906,20190426,20190531,20190503,20190510,20190517,20190524,c_key_432906,2,2,RAE,03,CO,CO,20190510,,N,,432906,bancamarche,cd_collegamento,,20190531
bpm,478307,20181209,20190113,20181216,20181223,20181230,20190106,c_key_478307,2,3,RAE,10,CO,AN,20181223,,N,,478307,bpm,cd_collegamento,,20161012
ubi,287879,20150804,20150908,20150811,20150818,20150825,20150901,c_key_287879,1,3,RAE,02,DIP,MI,20150818,,N,,287879,ubi,cd_collegamento,,20170324
ubi,351199,20180526,20180630,20180602,20180609,20180616,20180623,c_key_351199,1,1,rae,10,CO,CO,20180609,,Y,,351199,ubi,,,20180921
ubi,403995,20170915,20171020,20170922,20170929,20171006,20171013,c_key_403995,2,1,rae,01,CO,CO,20170929,,N,,403995,ubi,,,20171127
bpm,328429,20171201,20180105,20171208,20171215,20171222,20171229,c_key_328429,3,1,RAE,21,PF,PU,20171215,,Y,,328429,bpm,cd_collegamento,,20180224
ubi,440905,20150728,20150901,20150804,20150811,20150818,20150825,c_key_440905,2,2,rae,21,DIP,AN,20150811,,N,,440905,ubi,,,20170511
bpm,295528,20170725,20170829,20170801,20170808,20170815,20170822,c_key_295528,2,1,rae,03,PF,MI,20170808,,N,,295528,bpm,cd_collegamento,,20160603
bancamarche,476314,20160331,20160505,20160407,20160414,20160421,20160428,c_key_476314,3,1,RAE,21,CO,MI,20160414,,Y,,476314,bancamarche,,,20170513
ubi,328429,20161216,20170120,20161223,20161230,20170106,20170113,c_key_328429,3,1,RAE,10,DIP,AN,20161230,,N,,328429,ubi,cd_collegamento,,20170618
bancamarche,486194,20181214,20190118,20181221,20181228,20190104,20190111,c_key_486194,1,3,rae,10,DIP,PU,20181228,,Y,,486194,bancamarche,cd_collegamento,,20170302
bancamarche,504858,20151207,20160111,20151214,20151221,20151228,20160104,c_key_504858,3,3,RAE,01,CO,MI,20151221,,N,,504858,bancamarche,cd_collegamento,,20160822
bpm,476314,20170803,20170907,20170810,20170817,20170824,20170831,c_key_476314,1,1,rae,02,DIP,PU,20170817,,N,,476314,bpm,cd_collegamento,,20170406
bpm,334095,20180521,20180625,20180528,20180604,20180611,20180618,c_key_334095,3,2,RAE,10,PF,PU,20180604,,Y,,334095,bpm,cd_collegamento,,20171212
ubi,284096,20181202,20190106,20181209,20181216,20181223,20181230,c_key_284096,1,3,rae,10,CO,PU,20181216,,N,,284096,ubi,,,20171221
bancamarche,432906,20181205,20190109,20181212,20181219,20181226,20190102,c_key_432906,2,1,RAE,21,PF,CO,20181219,,Y,,432906,bancamarche,cd_collegamento,,20180816
ubi,504858,20170813,20170917,20170820,20170827,20170903,20170910,c_key_504858,1,2,rae,10,PF,AN,20170827,,Y,,504858,ubi,,,20180117
bpm,463259,20160724,20160828,20160731,20160807,20160814,20160821,c_key_463259,3,1,RAE,01,PF,AN,20160807,,Y,,463259,bpm,cd_collegamento,,20160323
bancamarche,494454,20181127,20190101,20181204,20181211,20181218,20181225,c_key_494454,2,2,rae,02,CO,MI,20181211,,N,,494454,bancamarche,,,20190306
bancamarche,431531,20171115,20171220,20171122,20171129,20171206,20171213,c_key_431531,3,1,rae,01,PF,AN,20171129,,N,,431531,bancamarche,cd_collegamento,,20160124
bancamarche,504858,20180508,20180612,20180515,20180522,20180529,20180605,c_key_504858,1,1,rae,03,DIP,CO,20180522,,Y,,504858,bancamarche,cd_collegamento,,20170121
ubi,476314,20161009,20161113,20161016,20161023,20161030,20161106,c_key_476314,3,3,rae,10,PF,AN,20161023,,Y,,476314,ubi,cd_collegamento,,20160530
bpm,284096,20160508,20160612,20160515,20160522,20160529,20160605,c_key_284096,1,3,RAE,21,DIP,PU,20160522,,Y,,284096,bpm,cd_collegamento,,20161224
bancamarche,295528,20160207,20160313,20160214,20160221,20160228,20160306,c_key_295528,3,2,RAE,21,DIP,AN,20160221,,Y,,295528,bancamarche,cd_collegamento,,20180216
bpm,502924,20161010,20161114,20161017,20161024,20161031,20161107,c_key_502924,2,1,RAE,03,CO,MI,20161024,,N,,502924,bpm,cd_collegamento,,20170526
bancamarche,496737,20151230,20160203,20160106,20160113,20160120,20160127,c_key_496737,3,3,rae,01,PF,MI,20160113,,N,,496737,bancamarche,cd_collegamento,,20171020
bancamarche,463259,20171226,20180130,20180102,20180109,20180116,20180123,c_key_463259,2,1,RAE,02,CO,CO,20180109,,Y,,463259,bancamarche,cd_collegamento,,20170111
bancamarche,494454,20170523,20170627,20170530,20170606,20170613,20170620,c_key_494454,3,3,rae,10,CO,PU,20170606,,N,,494454,bancamarche,,,20151226
ubi,295528,20170609,20170714,20170616,20170623,20170630,20170707,c_key_295528,3,2,RAE,02,PF,MI,20170623,,N,,295528,ubi,,,20171021
ubi,440905,20160118,20160222,20160125,20160201,20160208,20160215,c_key_440905,1,2,rae,02,PF,PU,20160201,,Y,,440905,ubi,cd_collegamento,,20160108
bancamarche,284096,20150604,20150709,20150611,20150618,20150625,20150702,c_key_284096,3,3,RAE,03,DIP,MI,20150618,,N,,284096,bancamarche,,,20160628
bpm,431531,20151213,20160117,20151220,20151227,20160103,20160110,c_key_431531,1,1,RAE,02,CO,PU,20151227,,Y,,431531,bpm,,,20160421
bancamarche,466851,20150823,20150927,20150830,20150906,20150913,20150920,c_key_466851,1,2,rae,21,PF,AN,20150906,,N,,466851,bancamarche,cd_collegamento,,20150913
ubi,431531,20171026,20171130,20171102,20171109,20171116,20171123,c_key_431531,3,1,RAE,21,PF,MI,20171109,,Y,,431531,ubi,cd_collegamento,,20160218
ubi,504858,20170621,20170726,20170628,20170705,20170712,20170719,c_key_504858,3,2,rae,02,CO,MI,20170705,,Y,,504858,ubi,cd_collegamento,,20161010
bpm,486194,20180107,20180211,20180114,20180121,20180128,20180204,c_key_486194,1,2,rae,02,DIP,PU,20180121,,Y,,486194,bpm,,,20180825
ubi,440905,20170926,20171031,20171003,20171010,20171017,20171024,c_key_440905,1,3,rae,21,CO,PU,20171010,,Y,,440905,ubi,,,20161214
bpm,403995,20171102,20171207,20171109,20171116,20171123,20171130,c_key_403995,1,1,rae,03,DIP,MI,20171116,,Y,,403995,bpm,cd_collegamento,,20190112
ubi,351199,20150616,20150721,20150623,20150630,20150707,20150714,c_key_351199,3,2,rae,03,CO,MI,20150630,,N,,351199,ubi,,,20180515
bancamarche,403995,20150607,20150712,20150614,20150621,20150628,20150705,c_key_403995,1,1,rae,21,PF,PU,20150621,,Y,,403995,bancamarche,cd_collegamento,,20170902
bancamarche,496737,20180721,20180825,20180728,20180804,20180811,20180818,c_key_496737,3,1,rae,01,PF,AN,20180804,,Y,,496737,bancamarche,,,20190316
ubi,502924,20170113,20170217,20170120,20170127,20170203,20170210,c_key_502924,3,2,RAE,10,DIP,AN,20170127,,N,,502924,ubi,cd_collegamento,,20181122
bpm,496737,20180220,20180327,20180227,20180306,20180313,20180320,c_key_496737,3,1,rae,21,CO,MI,20180306,,Y,,496737,bpm,,,20181221
bancamarche,496737,20151204,20160108,20151211,20151218,20151225,20160101,c_key_496737,3,2,RAE,21,CO,CO,20151218,,N,,496737,bancamarche,cd_collegamento,,20160923
ubi,466851,20180720,20180824,20180727,20180803,20180810,20180817,c_key_466851,1,2,RAE,02,DIP,AN,20180803,,N,,466851,ubi,,,20170625
bancamarche,463259,20151217,20160121,20151224,20151231,20160107,20160114,c_key_463259,1,2,RAE,02,DIP,AN,20151231,,Y,,463259,bancamarche,cd_collegamento,,20181224
bpm,478307,20180826,20180930,20180902,20180909,20180916,20180923,c_key_478307,1,1,rae,03,PF,PU,20180909,,N,,478307,bpm,cd_collegamento,,20160312
bancamarche,440905,20161213,20170117,20161220,20161227,20170103,20170110,c_key_440905,1,1,rae,21,CO,CO,20161227,,Y,,440905,bancamarche,cd_collegamento,,20151120
bancamarche,432906,20160906,20161011,20160913,20160920,20160927,20161004,c_key_432906,2,1,RAE,01,CO,MI,20160920,,Y,,432906,bancamarche,cd_collegamento,,20180812
ubi,496737,20160525,20160629,20160601,20160608,20160615,20160622,c_key_496737,3,3,rae,21,CO,PU,20160608,,N,,496737,ubi,cd_collegamento,,20181121
bancamarche,284096,20171211,20180115,20171218,20171225,20180101,20180108,c_key_284096,2,3,rae,02,DIP,CO,20171225,,N,,284096,bancamarche,cd_collegamento,,20170208
bpm,334095,20190311,20190415,20190318,20190325,20190401,20190408,c_key_334095,2,1,rae,01,CO,AN,20190325,,N,,334095,bpm,cd_collegamento,,20190130
bancamarche,440905,20170610,20170715,20170617,20170624,20170701,20170708,c_key_440905,2,1,rae,01,CO,PU,20170624,,N,,440905,bancamarche,cd_collegamento,,20160306
bancamarche,486194,20170702,20170806,20170709,20170716,20170723,20170730,c_key_486194,3,1,rae,10,CO,MI,20170716,,N,,486194,bancamarche,cd_collegamento,,20150920
bancamarche,334095,20171228,20180201,20180104,20180111,20180118,20180125,c_key_334095,2,3,rae,03,PF,PU,20180111,,Y,,334095,bancamarche,,,20160929
bpm,504858,20161003,20161107,20161010,20161017,20161024,20161031,c_key_504858,1,2,rae,10,DIP,PU,20161017,,Y,,504858,bpm,cd_collegamento,,20160131
bancamarche,431531,20151026,20151130,20151102,20151109,20151116,20151123,c_key_431531,2,2,rae,03,CO,MI,20151109,,Y,,431531,bancamarche,cd_collegamento,,20160328
ubi,504858,20181126,20181231,20181203,20181210,20181217,20181224,c_key_504858,1,3,RAE,01,CO,PU,20181210,,N,,504858,ubi,cd_collegamento,,20161128
bpm,287879,20160218,20160324,20160225,20160303,20160310,20160317,c_key_287879,2,3,RAE,02,PF,CO,20160303,,N,,287879,bpm,cd_collegamento,,20180715
bancamarche,432906,20190305,20190409,20190312,20190319,20190326,20190402,c_key_432906,1,3,rae,03,CO,AN,20190319,,Y,,432906,bancamarche,,,20180226
bpm,440905,20181215,20190119,20181222,20181229,20190105,20190112,c_key_440905,3,3,rae,03,CO,PU,20181229,,Y,,440905,bpm,,,20190115
bpm,440905,20150630,20150804,20150707,20150714,20150721,20150728,c_key_440905,3,2,rae,01,PF,MI,20150714,,N,,440905,bpm,cd_collegamento,,20160801
bpm,328429,20180815,20180919,20180822,20180829,20180905,20180912,c_key_328429,2,2,RAE,21,CO,AN,20180829,,Y,,328429,bpm,cd_collegamento,,20180405
bpm,351199,20190519,20190623,20190526,20190602,20190609,20190616,c_key_351199,2,2,RAE,03,CO,MI,20190602,,N,,351199,bpm,cd_collegamento,,20150802
bancamarche,494454,20160308,20160412,20160315,20160322,20160329,20160405,c_key_494454,3,1,RAE,21,PF,MI,20160322,,Y,,494454,bancamarche,cd_collegamento,,20160515
bpm,504858,20171208,20180112,20171215,20171222,20171229,20180105,c_key_504858,3,3,RAE,03,CO,MI,20171222,,N,,504858,bpm,cd_collegamento,,20170210
ubi,494454,20160730,20160903,20160806,20160813,20160820,20160827,c_key_494454,1,3,rae,02,PF,MI,20160813,,N,,494454,ubi,cd_collegamento,,20161226
bancamarche,504858,20190228,20190404,20190307,20190314,20190321,20190328,c_key_504858,1,3,rae,21,PF,CO,20190314,,N,,504858,bancamarche,cd_collegamento,,20180621
bpm,463259,20190409,20190514,20190416,20190423,20190430,20190507,c_key_463259,3,2,rae,03,DIP,MI,20190423,,N,,463259,bpm,cd_collegamento,,20150612
bancamarche,463259,20180401,20180506,20180408,20180415,20180422,20180429,c_key_463259,2,2,RAE,10,PF,AN,20180415,,Y,,463259,bancamarche,cd_collegamento,,20160908
bancamarche,478307,20171102,20171207,20171109,20171116,20171123,20171130,c_key_478307,2,2,rae,01,DIP,AN,20171116,,N,,478307,bancamarche,cd_collegamento,,20150907
bpm,496737,20170807,20170911,20170814,20170821,20170828,20170904,c_key_496737,2,3,rae,21,CO,MI,20170821,,Y,,496737,bpm,cd_collegamento,,20171029
bancamarche,319180,20180622,20180727,20180629,20180706,20180713,20180720,c_key_319180,3,3,rae,21,DIP,AN,20180706,,N,,319180,bancamarche,cd_collegamento,,20150725
bpm,431531,20180224,20180331,20180303,20180310,20180317,20180324,c_key_431531,2,3,rae,01,DIP,MI,20180310,,N,,431531,bpm,cd_collegamento,,20150926
bpm,403995,20190405,20190510,20190412,20190419,20190426,20190503,c_key_403995,3,3,RAE,01,CO,MI,20190419,,N,,403995,bpm,cd_collegamento,,20190406
bancamarche,287879,20180925,20181030,20181002,20181009,20181016,20181023,c_key_287879,3,1,RAE,01,DIP,PU,20181009,,N,,287879,bancamarche,cd_collegamento,,20190408
bpm,334095,20171118,20171223,20171125,20171202,20171209,20171216,c_key_334095,2,1,RAE,02,CO,CO,20171202,,N,,334095,bpm,cd_collegamento,,20150831
ubi,476314,20160826,20160930,20160902,20160909,20160916,20160923,c_key_476314,2,3,rae,03,DIP,MI,20160909,,N,,476314,ubi,,,20170627
bpm,432906,20170707,20170811,20170714,20170721,20170728,20170804,c_key_432906,3,3,rae,21,CO,MI,20170721,,Y,,432906,bpm,,,20190304
ubi,319180,20171216,20180120,20171223,20171230,20180106,20180113,c_key_319180,3,2,rae,21,DIP,MI,20171230,,N,,319180,ubi,,,20161107
ubi,351199,20161219,20170123,20161226,20170102,20170109,20170116,c_key_351199,3,1,rae,10,CO,CO,20170102,,Y,,351199,ubi,cd_collegamento,,20190426
bancamarche,504858,20190120,20190224,20190127,20190203,20190210,20190217,c_key_504858,2,1,rae,21,CO,CO,20190203,,N,,504858,bancamarche,cd_collegamento,,20170322
bpm,478307,20170914,20171019,20170921,20170928,20171005,20171012,c_key_478307,1,3,RAE,03,CO,MI,20170928,,N,,478307,bpm,cd_collegamento,,20160204
bpm,486194,20161112,20161217,20161119,20161126,20161203,20161210,c_key_486194,3,2,rae,02,DIP,CO,20161126,,N,,486194,bpm,,,20160605
bancamarche,284096,20170711,20170815,20170718,20170725,20170801,20170808,c_key_284096,2,2,rae,02,CO,MI,20170725,,Y,,284096,bancamarche,cd_collegamento,,20181007
bpm,432906,20181209,20190113,20181216,20181223,20181230,20190106,c_key_432906,2,3,rae,21,CO,MI,20181223,,Y,,432906,bpm,cd_collegamento,,20160817
bpm,432906,20170829,20171003,20170905,20170912,20170919,20170926,c_key_432906,2,2,rae,21,PF,AN,20170912,,N,,432906,bpm,,,20160426
bpm,319180,20180406,20180511,20180413,20180420,20180427,20180504,c_key_319180,2,2,RAE,01,CO,AN,20180420,,N,,319180,bpm,cd_collegamento,,20150829
bpm,403995,20161207,20170111,20161214,20161221,20161228,20170104,c_key_403995,3,1,rae,01,DIP,PU,20161221,,Y,,403995,bpm,cd_collegamento,,20161206
ubi,334095,20151106,20151211,20151113,20151120,20151127,20151204,c_key_334095,3,3,RAE,02,DIP,AN,20151120,,Y,,334095,ubi,cd_collegamento,,20160112
bpm,494454,20170120,20170224,20170127,20170203,20170210,20170217,c_key_494454,3,1,RAE,10,PF,CO,20170203,,N,,494454,bpm,cd_collegamento,,20170925
bancamarche,494454,20170723,20170827,20170730,20170806,20170813,20170820,c_key_494454,1,1,RAE,21,PF,CO,20170806,,N,,494454,bancamarche,cd_collegamento,,20170106
bpm,351199,20150729,20150902,20150805,20150812,20150819,20150826,c_key_351199,1,3,rae,02,PF,AN,20150812,,N,,351199,bpm,,,20150831
ubi,432906,20180906,20181011,20180913,20180920,20180927,20181004,c_key_432906,3,2,rae,03,CO,CO,20180920,,Y,,432906,ubi,cd_collegamento,,20170831
bpm,476314,20150830,20151004,20150906,20150913,20150920,20150927,c_key_476314,1,1,RAE,10,DIP,CO,20150913,,Y,,476314,bpm,cd_collegamento,,20161117
bpm,328429,20180201,20180308,20180208,20180215,20180222,20180301,c_key_328429,2,3,RAE,03,PF,CO,20180215,,N,,328429,bpm,cd_collegamento,,20170410
bancamarche,334095,20160317,20160421,20160324,20160331,20160407,20160414,c_key_334095,1,2,RAE,21,PF,AN,20160331,,Y,,334095,bancamarche,cd_collegamento,,20180202
bpm,287879,20160919,20161024,20160926,20161003,20161010,20161017,c_key_287879,1,2,rae,21,PF,MI,20161003,,N,,287879,bpm,cd_collegamento,,20180825
bpm,295528,20150809,20150913,20150816,20150823,20150830,20150906,c_key_295528,3,2,RAE,03,PF,AN,20150823,,N,,295528,bpm,cd_collegamento,,20161009
bancamarche,403995,20170518,20170622,20170525,20170601,20170608,20170615,c_key_403995,3,3,RAE,02,PF,MI,20170601,,Y,,403995,bancamarche,cd_collegamento,,20181011
bpm,319180,20170413,20170518,20170420,20170427,20170504,20170511,c_key_319180,2,1,rae,02,PF,PU,20170427,,N,,319180,bpm,,,20170707
bancamarche,328429,20160313,20160417,20160320,20160327,20160403,20160410,c_key_328429,2,1,rae,10,CO,AN,20160327,,N,,328429,bancamarche,,,20150811
bpm,440905,20160330,20160504,20160406,20160413,20160420,20160427,c_key_440905,3,3,RAE,01,DIP,PU,20160413,,N,,440905,bpm,cd_collegamento,,20151124
ubi,351199,20180627,20180801,20180704,20180711,20180718,20180725,c_key_351199,3,1,RAE,03,CO,CO,20180711,,Y,,351199,ubi,,,20171106
bpm,496737,20160812,20160916,20160819,20160826,20160902,20160909,c_key_496737,3,1,RAE,10,DIP,PU,20160826,,N,,496737,bpm,cd_collegamento,,20170228
ubi,463259,20170110,20170214,20170117,20170124,20170131,20170207,c_key_463259,1,1,RAE,10,DIP,PU,20170124,,Y,,463259,ubi,cd_collegamento,,20180822
bancamarche,504858,20161010,20161114,20161017,20161024,20161031,20161107,c_key_504858,3,1,RAE,10,CO,AN,20161024,,N,,504858,bancamarche,,,20180711
bancamarche,463259,20151112,20151217,20151119,20151126,20151203,20151210,c_key_463259,1,1,RAE,01,PF,MI,20151126,,Y,,463259,bancamarche,cd_collegamento,,20150918
ubi,502924,20161118,20161223,20161125,20161202,20161209,20161216,c_key_502924,2,2,RAE,10,DIP,MI,20161202,,N,,502924,ubi,cd_collegamento,,20170509
bancamarche,319180,20151201,20160105,20151208,20151215,20151222,20151229,c_key_319180,1,3,RAE,02,PF,CO,20151215,,Y,,319180,bancamarche,cd_collegamento,,20160207
bancamarche,432906,20170415,20170520,20170422,20170429,20170506,20170513,c_key_432906,2,1,rae,03,DIP,CO,20170429,,N,,432906,bancamarche,,,20171021
bpm,431531,20170608,20170713,20170615,20170622,20170629,20170706,c_key_431531,3,1,RAE,10,CO,PU,20170622,,N,,431531,bpm,cd_collegamento,,20180829
bancamarche,478307,20181230,20190203,20190106,20190113,20190120,20190127,c_key_478307,1,2,RAE,03,PF,CO,20190113,,Y,,478307,bancamarche,cd_collegamento,,20160521
bancamarche,502924,20180624,20180729,20180701,20180708,20180715,20180722,c_key_502924,3,3,rae,21,CO,AN,20180708,,N,,502924,bancamarche,cd_collegamento,,20190218
ubi,287879,20180525,20180629,20180601,20180608,20180615,20180622,c_key_287879,3,3,rae,01,DIP,CO,20180608,,N,,287879,ubi,cd_collegamento,,20161120
bancamarche,494454,20180110,20180214,20180117,20180124,20180131,20180207,c_key_494454,1,2,rae,10,PF,CO,20180124,,N,,494454,bancamarche,,,20180212
bancamarche,502924,20150831,20151005,20150907,20150914,20150921,20150928,c_key_502924,3,3,rae,01,DIP,MI,20150914,,Y,,502924,bancamarche,cd_collegamento,,20160404
bancamarche,351199,20160828,20161002,20160904,20160911,20160918,20160925,c_key_351199,3,2,RAE,01,PF,PU,20160911,,Y,,351199,bancamarche,cd_collegamento,,20170509
bpm,351199,20151102,20151207,20151109,20151116,20151123,20151130,c_key_351199,2,3,rae,21,DIP,MI,20151116,,Y,,351199,bpm,,,20150827
bancamarche,431531,20160605,20160710,20160612,20160619,20160626,20160703,c_key_431531,3,3,rae,02,CO,MI,20160619,,N,,431531,bancamarche,,,20150812
ubi,478307,20190311,20190415,20190318,20190325,20190401,20190408,c_key_478307,3,3,RAE,21,PF,AN,20190325,,N,,478307,ubi,,,20150922
bpm,478307,20150827,20151001,20150903,20150910,20150917,20150924,c_key_478307,1,3,RAE,10,DIP,MI,20150910,,Y,,478307,bpm,cd_collegamento,,20160619
bancamarche,440905,20170425,20170530,20170502,20170509,20170516,20170523,c_key_440905,3,3,RAE,10,DIP,AN,20170509,,Y,,440905,bancamarche,cd_collegamento,,20160711
bpm,504858,20180922,20181027,20180929,20181006,20181013,20181020,c_key_504858,1,3,rae,01,CO,AN,20181006,,Y,,504858,bpm,cd_collegamento,,20171127
ubi,284096,20170417,20170522,20170424,20170501,20170508,20170515,c_key_284096,2,1,RAE,03,CO,CO,20170501,,N,,284096,ubi,,,20171223
bpm,334095,20150702,20150806,20150709,20150716,20150723,20150730,c_key_334095,1,2,rae,03,CO,MI,20150716,,Y,,334095,bpm,cd_collegamento,,20170423
bpm,504858,20190410,20190515,20190417,20190424,20190501,20190508,c_key_504858,1,3,rae,10,PF,PU,20190424,,N,,504858,bpm,cd_collegamento,,20160503
ubi,334095,20170504,20170608,20170511,20170518,20170525,20170601,c_key_334095,3,3,RAE,02,PF,CO,20170518,,N,,334095,ubi,cd_collegamento,,20170204
ubi,431531,20151005,20151109,20151012,20151019,20151026,20151102,c_key_431531,1,2,rae,02,PF,AN,20151019,,Y,,431531,ubi,cd_collegamento,,20171005
ubi,284096,20150701,20150805,20150708,20150715,20150722,20150729,c_key_284096,3,3,RAE,02,DIP,AN,20150715,,N,,284096,ubi,,,20150920
ubi,496737,20160528,20160702,20160604,20160611,20160618,20160625,c_key_496737,3,2,RAE,03,DIP,PU,20160611,,Y,,496737,ubi,cd_collegamento,,20181229
bpm,496737,20181213,20190117,20181220,20181227,20190103,20190110,c_key_496737,2,1,RAE,01,CO,AN,20181227,,N,,496737,bpm,cd_collegamento,,20170629
ubi,440905,20190409,20190514,20190416,20190423,20190430,20190507,c_key_440905,3,1,rae,03,CO,CO,20190423,,N,,440905,ubi,,,20171016
ubi,440905,20170216,20170323,20170223,20170302,20170309,20170316,c_key_440905,3,3,rae,03,CO,CO,20170302,,N,,440905,ubi,,,20170611
bpm,478307,20161113,20161218,20161120,20161127,20161204,20161211,c_key_478307,3,3,RAE,03,DIP,AN,20161127,,N,,478307,bpm,,,20180829
bpm,432906,20170705,20170809,20170712,20170719,20170726,20170802,c_key_432906,1,2,rae,10,PF,PU,20170719,,N,,432906,bpm,cd_collegamento,,20150608
ubi,328429,20160706,20160810,20160713,20160720,20160727,20160803,c_key_328429,3,3,rae,02,DIP,AN,20160720,,N,,328429,ubi,cd_collegamento,,20181114
bpm,403995,20180612,20180717,20180619,20180626,20180703,20180710,c_key_403995,3,3,rae,10,DIP,CO,20180626,,N,,403995,bpm,,,20190205
bancamarche,463259,20181020,20181124,20181027,20181103,20181110,20181117,c_key_463259,2,1,RAE,21,PF,MI,20181103,,Y,,463259,bancamarche,cd_collegamento,,20180828
ubi,328429,20150908,20151013,20150915,20150922,20150929,20151006,c_key_328429,3,1,RAE,02,DIP,PU,20150922,,Y,,328429,ubi,cd_collegamento,,20170922
ubi,486194,20151119,20151224,20151126,20151203,20151210,20151217,c_key_486194,1,3,RAE,03,DIP,AN,20151203,,N,,486194,ubi,cd_collegamento,,20170502
ubi,431531,20160514,20160618,20160521,20160528,20160604,20160611,c_key_431531,1,2,RAE,21,DIP,PU,20160528,,N,,431531,ubi,,,20180101
bpm,334095,20170312,20170416,20170319,20170326,20170402,20170409,c_key_334095,3,3,rae,10,PF,PU,20170326,,N,,334095,bpm,cd_collegamento,,20170613
ubi,334095,20190215,20190322,20190222,20190301,20190308,20190315,c_key_334095,2,3,RAE,10,CO,PU,20190301,,N,,334095,ubi,cd_collegamento,,20170712
bancamarche,440905,20180526,20180630,20180602,20180609,20180616,20180623,c_key_440905,2,1,RAE,21,PF,CO,20180609,,Y,,440905,bancamarche,cd_collegamento,,20170212
ubi,403995,20180531,20180705,20180607,20180614,20180621,20180628,c_key_403995,3,1,rae,10,CO,MI,20180614,,Y,,403995,ubi,cd_collegamento,,20160720
bpm,494454,20180123,20180227,20180130,20180206,20180213,20180220,c_key_494454,1,1,RAE,02,CO,AN,20180206,,Y,,494454,bpm,cd_collegamento,,20151103
ubi,328429,20190429,20190603,20190506,20190513,20190520,20190527,c_key_328429,3,3,rae,21,CO,CO,20190513,,Y,,328429,ubi,cd_collegamento,,20151108
ubi,496737,20180919,20181024,20180926,20181003,20181010,20181017,c_key_496737,3,1,rae,10,PF,CO,20181003,,Y,,496737,ubi,cd_collegamento,,20170821
bancamarche,504858,20180905,20181010,20180912,20180919,20180926,20181003,c_key_504858,1,1,rae,03,PF,PU,20180919,,N,,504858,bancamarche,cd_collegamento,,20160703
ubi,319180,20180909,20181014,20180916,20180923,20180930,20181007,c_key_319180,2,2,rae,03,PF,MI,20180923,,Y,,319180,ubi,,,20190209
ubi,351199,20180417,20180522,20180424,20180501,20180508,20180515,c_key_351199,3,2,rae,03,DIP,PU,20180501,,N,,351199,ubi,,,20180403
bancamarche,502924,20170116,20170220,20170123,20170130,20170206,20170213,c_key_502924,3,3,RAE,10,DIP,MI,20170130,,Y,,502924,bancamarche,cd_collegamento,,20170516
bpm,431531,20161204,20170108,20161211,20161218,20161225,20170101,c_key_431531,1,3,rae,10,CO,MI,20161218,,Y,,431531,bpm,,,20180815
bancamarche,284096,20190210,20190317,20190217,20190224,20190303,20190310,c_key_284096,2,3,RAE,03,CO,AN,20190224,,N,,284096,bancamarche,cd_collegamento,,20180115
bpm,463259,20180122,20180226,20180129,20180205,20180212,20180219,c_key_463259,1,1,rae,10,PF,CO,20180205,,N,,463259,bpm,,,20161030
ubi,328429,20151122,20151227,20151129,20151206,20151213,20151220,c_key_328429,3,3,rae,01,PF,MI,20151206,,N,,328429,ubi,cd_collegamento,,20151101
ubi,351199,20151016,20151120,20151023,20151030,20151106,20151113,c_key_351199,1,3,rae,03,PF,PU,20151030,,N,,351199,ubi,,,20170105
ubi,319180,20190518,20190622,20190525,20190601,20190608,20190615,c_key_319180,1,2,RAE,10,CO,CO,20190601,,N,,319180,ubi,cd_collegamento,,20150603
bpm,432906,20180328,20180502,20180404,20180411,20180418,20180425,c_key_432906,3,2,RAE,03,DIP,AN,20180411,,Y,,432906,bpm,cd_collegamento,,20171028
ubi,319180,20180331,20180505,20180407,20180414,20180421,20180428,c_key_319180,3,2,RAE,01,PF,PU,20180414,,Y,,319180,ubi,cd_collegamento,,20171130
ubi,463259,20190427,20190601,20190504,20190511,20190518,20190525,c_key_463259,3,2,rae,10,PF,AN,20190511,,N,,463259,ubi,cd_collegamento,,20181004
ubi,463259,20180430,20180604,20180507,20180514,20180521,20180528,c_key_463259,2,1,rae,01,DIP,MI,20180514,,N,,463259,ubi,cd_collegamento,,20171227
ubi,319180,20181128,20190102,20181205,20181212,20181219,20181226,c_key_319180,2,3,rae,10,CO,AN,20181212,,N,,319180,ubi,,,20170407
ubi,284096,20160717,20160821,20160724,20160731,20160807,20160814,c_key_284096,2,3,RAE,03,PF,MI,20160731,,N,,284096,ubi,,,20181209
bpm,502924,20150608,20150713,20150615,20150622,20150629,20150706,c_key_502924,3,2,RAE,21,DIP,PU,20150622,,N,,502924,bpm,,,20151202
bancamarche,431531,20170123,20170227,20170130,20170206,20170213,20170220,c_key_431531,2,1,RAE,10,PF,PU,20170206,,N,,431531,bancamarche,cd_collegamento,,20150810
ubi,504858,20160329,20160503,20160405,20160412,20160419,20160426,c_key_504858,3,3,RAE,10,CO,PU,20160412,,N,,504858,ubi,,,20161013
bancamarche,432906,20160422,20160527,20160429,20160506,20160513,20160520,c_key_432906,2,2,RAE,10,PF,PU,20160506,,N,,432906,bancamarche,cd_collegamento,,20150723
ubi,351199,20170605,20170710,20170612,20170619,20170626,20170703,c_key_351199,1,2,RAE,03,PF,MI,20170619,,Y,,351199,ubi,,,20190527
ubi,319180,20160504,20160608,20160511,20160518,20160525,20160601,c_key_319180,1,2,rae,01,DIP,PU,20160518,,Y,,319180,ubi,cd_collegamento,,20170227
ubi,319180,20161229,20170202,20170105,20170112,20170119,20170126,c_key_319180,1,3,RAE,10,DIP,AN,20170112,,Y,,319180,ubi,,,20160912
ubi,463259,20160119,20160223,20160126,20160202,20160209,20160216,c_key_463259,3,2,rae,01,DIP,CO,20160202,,Y,,463259,ubi,cd_collegamento,,20161120
ubi,504858,20161009,20161113,20161016,20161023,20161030,20161106,c_key_504858,3,3,rae,02,PF,MI,20161023,,N,,504858,ubi,,,20150607
ubi,496737,20190303,20190407,20190310,20190317,20190324,20190331,c_key_496737,2,2,RAE,10,PF,AN,20190317,,N,,496737,ubi,cd_collegamento,,20181115
bpm,496737,20180922,20181027,20180929,20181006,20181013,20181020,c_key_496737,3,3,RAE,21,DIP,AN,20181006,,Y,,496737,bpm,cd_collegamento,,20160701
bancamarche,496737,20181204,20190108,20181211,20181218,20181225,20190101,c_key_496737,2,1,rae,10,PF,CO,20181218,,N,,496737,bancamarche,cd_collegamento,,20181021
bpm,496737,20150919,20151024,20150926,20151003,20151010,20151017,c_key_496737,1,3,rae,21,PF,CO,20151003,,Y,,496737,bpm,cd_collegamento,,20170815
ubi,432906,20170329,20170503,20170405,20170412,20170419,20170426,c_key_432906,1,2,rae,01,CO,CO,20170412,,Y,,432906,ubi,,,20160312
bpm,440905,20180217,20180324,20180224,20180303,20180310,20180317,c_key_440905,1,2,rae,10,PF,AN,20180303,,N,,440905,bpm,,,20160512
bpm,478307,20180314,20180418,20180321,20180328,20180404,20180411,c_key_478307,3,3,RAE,21,PF,MI,20180328,,N,,478307,bpm,,,20160520
bancamarche,432906,20180627,20180801,20180704,20180711,20180718,20180725,c_key_432906,2,2,rae,03,PF,PU,20180711,,Y,,432906,bancamarche,cd_collegamento,,20171215
bancamarche,496737,20180312,20180416,20180319,20180326,20180402,20180409,c_key_496737,1,2,RAE,10,PF,MI,20180326,,Y,,496737,bancamarche,cd_collegamento,,20160211
ubi,486194,20180706,20180810,20180713,20180720,20180727,20180803,c_key_486194,2,2,rae,10,CO,AN,20180720,,N,,486194,ubi,,,20180914
ubi,476314,20180120,20180224,20180127,20180203,20180210,20180217,c_key_476314,1,3,rae,03,DIP,PU,20180203,,N,,476314,ubi,cd_collegamento,,20170207
ubi,431531,20181115,20181220,20181122,20181129,20181206,20181213,c_key_431531,3,2,RAE,01,CO,CO,20181129,,Y,,431531,ubi,cd_collegamento,,20171027
ubi,496737,20160412,20160517,20160419,20160426,20160503,20160510,c_key_496737,3,1,RAE,02,DIP,AN,20160426,,N,,496737,ubi,cd_collegamento,,20190329
bpm,403995,20170909,20171014,20170916,20170923,20170930,20171007,c_key_403995,3,1,rae,02,DIP,PU,20170923,,N,,403995,bpm,,,20150819
bancamarche,403995,20170608,20170713,20170615,20170622,20170629,20170706,c_key_403995,3,3,RAE,02,DIP,AN,20170622,,N,,403995,bancamarche,cd_collegamento,,20161014
bpm,431531,20190222,20190329,20190301,20190308,20190315,20190322,c_key_431531,2,3,rae,21,DIP,MI,20190308,,Y,,431531,bpm,,,20180910
bancamarche,478307,20170106,20170210,20170113,20170120,20170127,20170203,c_key_478307,2,3,RAE,21,CO,MI,20170120,,N,,478307,bancamarche,cd_collegamento,,20160713
bancamarche,476314,20170616,20170721,20170623,20170630,20170707,20170714,c_key_476314,1,3,RAE,01,PF,MI,20170630,,N,,476314,bancamarche,cd_collegamento,,20170717
bpm,334095,20160716,20160820,20160723,20160730,20160806,20160813,c_key_334095,1,2,rae,02,DIP,CO,20160730,,N,,334095,bpm,cd_collegamento,,20171205
bancamarche,494454,20170618,20170723,20170625,20170702,20170709,20170716,c_key_494454,3,2,RAE,10,PF,PU,20170702,,N,,494454,bancamarche,cd_collegamento,,20160223
bancamarche,287879,20150919,20151024,20150926,20151003,20151010,20151017,c_key_287879,2,1,rae,02,PF,MI,20151003,,Y,,287879,bancamarche,,,20160506
bancamarche,463259,20180822,20180926,20180829,20180905,20180912,20180919,c_key_463259,1,2,rae,10,CO,PU,20180905,,Y,,463259,bancamarche,,,20150728
ubi,463259,20180511,20180615,20180518,20180525,20180601,20180608,c_key_463259,3,1,rae,21,DIP,PU,20180525,,N,,463259,ubi,cd_collegamento,,20160126
ubi,502924,20160629,20160803,20160706,20160713,20160720,20160727,c_key_502924,3,3,rae,01,CO,AN,20160713,,Y,,502924,ubi,cd_collegamento,,20180114
ubi,502924,20180916,20181021,20180923,20180930,20181007,20181014,c_key_502924,1,3,RAE,03,PF,AN,20180930,,N,,502924,ubi,cd_collegamento,,20171018
ubi,502924,20181031,20181205,20181107,20181114,20181121,20181128,c_key_502924,1,3,rae,21,CO,AN,20181114,,N,,502924,ubi,cd_collegamento,,20151101
bpm,478307,20151007,20151111,20151014,20151021,20151028,20151104,c_key_478307,3,2,rae,10,PF,PU,20151021,,N,,478307,bpm,cd_collegamento,,20180419
bancamarche,494454,20180623,20180728,20180630,20180707,20180714,20180721,c_key_494454,2,2,RAE,02,DIP,PU,20180707,,Y,,494454,bancamarche,,,20170901
bpm,351199,20180609,20180714,20180616,20180623,20180630,20180707,c_key_351199,3,3,RAE,01,PF,CO,20180623,,N,,351199,bpm,cd_collegamento,,20151224
bpm,478307,20160102,20160206,20160109,20160116,20160123,20160130,c_key_478307,1,1,rae,02,PF,CO,20160116,,N,,478307,bpm,,,20170602
ubi,463259,20180713,20180817,20180720,20180727,20180803,20180810,c_key_463259,2,3,RAE,10,PF,PU,20180727,,Y,,463259,ubi,,,20151111
bancamarche,295528,20160113,20160217,20160120,20160127,20160203,20160210,c_key_295528,1,3,RAE,02,PF,PU,20160127,,Y,,295528,bancamarche,,,20180801
ubi,351199,20170426,20170531,20170503,20170510,20170517,20170524,c_key_351199,1,2,RAE,21,DIP,CO,20170510,,N,,351199,ubi,,,20180630
bpm,502924,20180502,20180606,20180509,20180516,20180523,20180530,c_key_502924,1,2,RAE,02,PF,AN,20180516,,Y,,502924,bpm,cd_collegamento,,20180815
bpm,496737,20160715,20160819,20160722,20160729,20160805,20160812,c_key_496737,1,3,rae,10,PF,PU,20160729,,Y,,496737,bpm,cd_collegamento,,20170529
bpm,504858,20160627,20160801,20160704,20160711,20160718,20160725,c_key_504858,2,3,rae,02,DIP,PU,20160711,,Y,,504858,bpm,,,20190122
bpm,319180,20160518,20160622,20160525,20160601,20160608,20160615,c_key_319180,2,3,rae,21,CO,MI,20160601,,N,,319180,bpm,cd_collegamento,,20180319
bancamarche,440905,20170514,20170618,20170521,20170528,20170604,20170611,c_key_440905,3,1,RAE,21,DIP,MI,20170528,,N,,440905,bancamarche,cd_collegamento,,20170709
bancamarche,494454,20160304,20160408,20160311,20160318,20160325,20160401,c_key_494454,1,3,RAE,01,PF,CO,20160318,,Y,,494454,bancamarche,cd_collegamento,,20180826
bpm,295528,20150724,20150828,20150731,20150807,20150814,20150821,c_key_295528,3,1,RAE,10,CO,CO,20150807,,Y,,295528,bpm,cd_collegamento,,20160316
ubi,328429,20170604,20170709,20170611,20170618,20170625,20170702,c_key_328429,2,3,rae,02,PF,AN,20170618,,Y,,328429,ubi,,,20190317
bancamarche,319180,20180228,20180404,20180307,20180314,20180321,20180328,c_key_319180,2,3,RAE,01,DIP,PU,20180314,,Y,,319180,bancamarche,,,20170323
bpm,502924,20160310,20160414,20160317,20160324,20160331,20160407,c_key_502924,3,2,RAE,03,PF,MI,20160324,,N,,502924,bpm,,,20150701
ubi,319180,20190329,20190503,20190405,20190412,20190419,20190426,c_key_319180,2,3,RAE,02,CO,PU,20190412,,Y,,319180,ubi,cd_collegamento,,20160920
bpm,494454,20180207,20180314,20180214,20180221,20180228,20180307,c_key_494454,2,1,RAE,21,DIP,PU,20180221,,N,,494454,bpm,cd_collegamento,,20160809
bancamarche,478307,20160130,20160305,20160206,20160213,20160220,20160227,c_key_478307,3,2,RAE,02,DIP,MI,20160213,,Y,,478307,bancamarche,cd_collegamento,,20160224
bpm,502924,20170612,20170717,20170619,20170626,20170703,20170710,c_key_502924,3,2,RAE,01,CO,PU,20170626,,N,,502924,bpm,cd_collegamento,,20170715
bancamarche,328429,20170222,20170329,20170301,20170308,20170315,20170322,c_key_328429,3,3,RAE,10,PF,MI,20170308,,N,,328429,bancamarche,cd_collegamento,,20190301
bpm,486194,20160831,20161005,20160907,20160914,20160921,20160928,c_key_486194,2,1,RAE,02,DIP,PU,20160914,,N,,486194,bpm,cd_collegamento,,20160329
ubi,440905,20150718,20150822,20150725,20150801,20150808,20150815,c_key_440905,2,2,RAE,01,CO,PU,20150801,,N,,440905,ubi,,,20180801
ubi,334095,20170222,20170329,20170301,20170308,20170315,20170322,c_key_334095,3,3,RAE,01,DIP,MI,20170308,,Y,,334095,ubi,cd_collegamento,,20181201
bpm,504858,20160526,20160630,20160602,20160609,20160616,20160623,c_key_504858,1,2,RAE,01,CO,PU,20160609,,Y,,504858,bpm,,,20180323
ubi,496737,20160908,20161013,20160915,20160922,20160929,20161006,c_key_496737,3,2,rae,01,CO,MI,20160922,,N,,496737,ubi,cd_collegamento,,20160209
bpm,463259,20151224,20160128,20151231,20160107,20160114,20160121,c_key_463259,1,3,RAE,01,DIP,CO,20160107,,Y,,463259,bpm,cd_collegamento,,20180721
ubi,440905,20160223,20160329,20160301,20160308,20160315,20160322,c_key_440905,1,1,rae,02,PF,CO,20160308,,N,,440905,ubi,cd_collegamento,,20170525
bpm,328429,20170503,20170607,20170510,20170517,20170524,20170531,c_key_328429,1,1,RAE,02,CO,CO,20170517,,N,,328429,bpm,cd_collegamento,,20170810
bancamarche,295528,20170926,20171031,20171003,20171010,20171017,20171024,c_key_295528,1,3,RAE,02,DIP,MI,20171010,,N,,295528,bancamarche,,,20180421
bpm,328429,20150918,20151023,20150925,20151002,20151009,20151016,c_key_328429,1,3,RAE,03,PF,CO,20151002,,Y,,328429,bpm,cd_collegamento,,20170117
ubi,466851,20180704,20180808,20180711,20180718,20180725,20180801,c_key_466851,3,1,rae,03,CO,CO,20180718,,Y,,466851,ubi,cd_collegamento,,20161022
bpm,496737,20180731,20180904,20180807,20180814,20180821,20180828,c_key_496737,3,1,RAE,21,DIP,AN,20180814,,Y,,496737,bpm,cd_collegamento,,20190402
bpm,328429,20160721,20160825,20160728,20160804,20160811,20160818,c_key_328429,2,3,rae,21,PF,MI,20160804,,N,,328429,bpm,cd_collegamento,,20161220
bpm,319180,20171221,20180125,20171228,20180104,20180111,20180118,c_key_319180,1,2,rae,02,PF,AN,20180104,,Y,,319180,bpm,cd_collegamento,,20160403
ubi,328429,20190504,20190608,20190511,20190518,20190525,20190601,c_key_328429,1,2,rae,10,CO,MI,20190518,,Y,,328429,ubi,cd_collegamento,,20160813
bpm,502924,20190410,20190515,20190417,20190424,20190501,20190508,c_key_502924,1,1,rae,01,PF,PU,20190424,,N,,502924,bpm,cd_collegamento,,20151103
bpm,403995,20150904,20151009,20150911,20150918,20150925,20151002,c_key_403995,2,1,rae,10,DIP,PU,20150918,,Y,,403995,bpm,cd_collegamento,,20160611
bpm,328429,20160731,20160904,20160807,20160814,20160821,20160828,c_key_328429,1,1,rae,21,PF,PU,20160814,,N,,328429,bpm,cd_collegamento,,20180301
ubi,463259,20180809,20180913,20180816,20180823,20180830,20180906,c_key_463259,3,1,rae,01,PF,MI,20180823,,N,,463259,ubi,cd_collegamento,,20190128
bancamarche,476314,20170613,20170718,20170620,20170627,20170704,20170711,c_key_476314,2,1,RAE,10,PF,AN,20170627,,N,,476314,bancamarche,cd_collegamento,,20180522
bpm,463259,20170128,20170304,20170204,20170211,20170218,20170225,c_key_463259,2,1,rae,02,PF,AN,20170211,,Y,,463259,bpm,cd_collegamento,,20170213
bancamarche,284096,20180704,20180808,20180711,20180718,20180725,20180801,c_key_284096,3,2,rae,21,PF,AN,20180718,,N,,284096,bancamarche,cd_collegamento,,20170807
ubi,351199,20180517,20180621,20180524,20180531,20180607,20180614,c_key_351199,1,3,rae,03,PF,CO,20180531,,Y,,351199,ubi,,,20160417
bpm,463259,20160328,20160502,20160404,20160411,20160418,20160425,c_key_463259,3,1,RAE,10,PF,MI,20160411,,Y,,463259,bpm,cd_collegamento,,20170806
bpm,440905,20160201,20160307,20160208,20160215,20160222,20160229,c_key_440905,1,3,rae,02,CO,MI,20160215,,Y,,440905,bpm,,,20151030
ubi,476314,20180606,20180711,20180613,20180620,20180627,20180704,c_key_476314,2,2,RAE,21,DIP,CO,20180620,,N,,476314,ubi,cd_collegamento,,20180115
bancamarche,287879,20151125,20151230,20151202,20151209,20151216,20151223,c_key_287879,3,1,RAE,21,DIP,AN,20151209,,Y,,287879,bancamarche,cd_collegamento,,20181206
ubi,466851,20170710,20170814,20170717,20170724,20170731,20170807,c_key_466851,2,2,rae,01,DIP,PU,20170724,,Y,,466851,ubi,cd_collegamento,,20170320
bpm,496737,20180422,20180527,20180429,20180506,20180513,20180520,c_key_496737,3,3,rae,21,CO,PU,20180506,,Y,,496737,bpm,cd_collegamento,,20151215
ubi,328429,20180309,20180413,20180316,20180323,20180330,20180406,c_key_328429,1,1,RAE,10,PF,CO,20180323,,Y,,328429,ubi,cd_collegamento,,20180310
bpm,284096,20170426,20170531,20170503,20170510,20170517,20170524,c_key_284096,1,3,rae,01,PF,MI,20170510,,Y,,284096,bpm,cd_collegamento,,20161003
ubi,486194,20171002,20171106,20171009,20171016,20171023,20171030,c_key_486194,1,1,RAE,02,CO,MI,20171016,,Y,,486194,ubi,cd_collegamento,,20180429
bancamarche,478307,20180731,20180904,20180807,20180814,20180821,20180828,c_key_478307,3,1,rae,02,PF,MI,20180814,,N,,478307,bancamarche,cd_collegamento,,20160612
bancamarche,319180,20160621,20160726,20160628,20160705,20160712,20160719,c_key_319180,1,2,rae,02,CO,CO,20160705,,Y,,319180,bancamarche,cd_collegamento,,20181208
bpm,504858,20160630,20160804,20160707,20160714,20160721,20160728,c_key_504858,3,1,rae,02,CO,AN,20160714,,Y,,504858,bpm,cd_collegamento,,20171205
bancamarche,494454,20160323,20160427,20160330,20160406,20160413,20160420,c_key_494454,3,1,RAE,10,DIP,AN,20160406,,N,,494454,bancamarche,cd_collegamento,,20160919
ubi,319180,20170210,20170317,20170217,20170224,20170303,20170310,c_key_319180,1,3,RAE,21,PF,CO,20170224,,N,,319180,ubi,,,20180301
ubi,502924,20181113,20181218,20181120,20181127,20181204,20181211,c_key_502924,2,3,RAE,03,CO,MI,20181127,,Y,,502924,ubi,cd_collegamento,,20170930
bpm,295528,20161025,20161129,20161101,20161108,20161115,20161122,c_key_295528,3,1,RAE,03,CO,AN,20161108,,N,,295528,bpm,cd_collegamento,,20170503
bancamarche,440905,20190124,20190228,20190131,20190207,20190214,20190221,c_key_440905,3,2,RAE,21,CO,CO,20190207,,N,,440905,bancamarche,cd_collegamento,,20180507
bpm,440905,20180430,20180604,20180507,20180514,20180521,20180528,c_key_440905,2,3,RAE,01,DIP,CO,20180514,,N,,440905,bpm,cd_collegamento,,20150818
bancamarche,502924,20171019,20171123,20171026,20171102,20171109,20171116,c_key_502924,3,1,RAE,10,DIP,CO,20171102,,N,,502924,bancamarche,cd_collegamento,,20170804
bpm,486194,20150814,20150918,20150821,20150828,20150904,20150911,c_key_486194,2,1,rae,03,DIP,PU,20150828,,N,,486194,bpm,,,20180628
ubi,496737,20170404,20170509,20170411,20170418,20170425,20170502,c_key_496737,1,1,RAE,21,PF,CO,20170418,,Y,,496737,ubi,cd_collegamento,,20190324
bpm,496737,20181209,20190113,20181216,20181223,20181230,20190106,c_key_496737,1,1,rae,01,DIP,MI,20181223,,N,,496737,bpm,cd_collegamento,,20181117
ubi,351199,20160811,20160915,20160818,20160825,20160901,20160908,c_key_351199,2,1,RAE,10,DIP,CO,20160825,,Y,,351199,ubi,cd_collegamento,,20160207
bpm,284096,20180224,20180331,20180303,20180310,20180317,20180324,c_key_284096,2,2,RAE,01,PF,AN,20180310,,Y,,284096,bpm,cd_collegamento,,20180729
bancamarche,494454,20190512,20190616,20190519,20190526,20190602,20190609,c_key_494454,3,2,rae,02,CO,PU,20190526,,Y,,494454,bancamarche,cd_collegamento,,20160721
ubi,319180,20171027,20171201,20171103,20171110,20171117,20171124,c_key_319180,3,3,RAE,21,PF,MI,20171110,,N,,319180,ubi,,,20180829
bpm,440905,20160115,20160219,20160122,20160129,20160205,20160212,c_key_440905,2,2,RAE,02,CO,AN,20160129,,N,,440905,bpm,,,20160520
ubi,287879,20180521,20180625,20180528,20180604,20180611,20180618,c_key_287879,2,3,rae,01,DIP,CO,20180604,,N,,287879,ubi,,,20170409
bpm,440905,20181104,20181209,20181111,20181118,20181125,20181202,c_key_440905,3,3,rae,21,PF,MI,20181118,,N,,440905,bpm,cd_collegamento,,20180815
bancamarche,328429,20170719,20170823,20170726,20170802,20170809,20170816,c_key_328429,1,1,rae,01,CO,CO,20170802,,N,,328429,bancamarche,cd_collegamento,,20181031
ubi,502924,20150909,20151014,20150916,20150923,20150930,20151007,c_key_502924,1,1,RAE,10,DIP,MI,20150923,,N,,502924,ubi,cd_collegamento,,20160612
ubi,431531,20180327,20180501,20180403,20180410,20180417,20180424,c_key_431531,1,2,rae,03,DIP,CO,20180410,,N,,431531,ubi,cd_collegamento,,20180705
bpm,351199,20171114,20171219,20171121,20171128,20171205,20171212,c_key_351199,3,3,RAE,01,DIP,AN,20171128,,Y,,351199,bpm,,,20150723
ubi,496737,20151230,20160203,20160106,20160113,20160120,20160127,c_key_496737,3,2,RAE,10,PF,AN,20160113,,N,,496737,ubi,,,20170424
bancamarche,284096,20170319,20170423,20170326,20170402,20170409,20170416,c_key_284096,1,2,RAE,03,DIP,MI,20170402,,Y,,284096,bancamarche,cd_collegamento,,20170325
bpm,502924,20190527,20190701,20190603,20190610,20190617,20190624,c_key_502924,2,1,rae,03,CO,MI,20190610,,Y,,502924,bpm,cd_collegamento,,20170827
bpm,431531,20170510,20170614,20170517,20170524,20170531,20170607,c_key_431531,3,2,RAE,03,CO,CO,20170524,,Y,,431531,bpm,cd_collegamento,,20160730
bpm,319180,20180708,20180812,20180715,20180722,20180729,20180805,c_key_319180,3,1,RAE,03,CO,CO,20180722,,Y,,319180,bpm,cd_collegamento,,20170823
bpm,463259,20180917,20181022,20180924,20181001,20181008,20181015,c_key_463259,1,3,RAE,02,DIP,AN,20181001,,Y,,463259,bpm,cd_collegamento,,20160910
ubi,403995,20161014,20161118,20161021,20161028,20161104,20161111,c_key_403995,1,2,RAE,21,PF,MI,20161028,,Y,,403995,ubi,,,20161224
bancamarche,476314,20150718,20150822,20150725,20150801,20150808,20150815,c_key_476314,1,2,rae,01,PF,PU,20150801,,Y,,476314,bancamarche,cd_collegamento,,20171120
ubi,319180,20180707,20180811,20180714,20180721,20180728,20180804,c_key_319180,1,2,RAE,10,CO,PU,20180721,,N,,319180,ubi,cd_collegamento,,20161217
ubi,463259,20170206,20170313,20170213,20170220,20170227,20170306,c_key_463259,2,1,RAE,21,PF,PU,20170220,,Y,,463259,ubi,cd_collegamento,,20160208
bancamarche,403995,20170923,20171028,20170930,20171007,20171014,20171021,c_key_403995,1,1,RAE,10,DIP,AN,20171007,,N,,403995,bancamarche,cd_collegamento,,20170623
bancamarche,284096,20150804,20150908,20150811,20150818,20150825,20150901,c_key_284096,3,3,rae,02,DIP,MI,20150818,,Y,,284096,bancamarche,,,20171108
ubi,432906,20151209,20160113,20151216,20151223,20151230,20160106,c_key_432906,1,2,rae,01,DIP,PU,20151223,,N,,432906,ubi,,,20151001
bpm,328429,20181012,20181116,20181019,20181026,20181102,20181109,c_key_328429,3,1,RAE,10,CO,MI,20181026,,N,,328429,bpm,,,20150814
ubi,431531,20170523,20170627,20170530,20170606,20170613,20170620,c_key_431531,1,2,RAE,02,CO,MI,20170606,,Y,,431531,ubi,cd_collegamento,,20160221
bancamarche,295528,20180223,20180330,20180302,20180309,20180316,20180323,c_key_295528,3,1,rae,21,PF,AN,20180309,,N,,295528,bancamarche,cd_collegamento,,20181214
bancamarche,476314,20170322,20170426,20170329,20170405,20170412,20170419,c_key_476314,3,1,RAE,03,DIP,PU,20170405,,Y,,476314,bancamarche,cd_collegamento,,20180710
bancamarche,502924,20160605,20160710,20160612,20160619,20160626,20160703,c_key_502924,2,1,rae,21,CO,PU,20160619,,N,,502924,bancamarche,cd_collegamento,,20160101
ubi,496737,20160719,20160823,20160726,20160802,20160809,20160816,c_key_496737,3,2,rae,01,PF,AN,20160802,,N,,496737,ubi,cd_collegamento,,20161012
bancamarche,440905,20170723,20170827,20170730,20170806,20170813,20170820,c_key_440905,1,2,RAE,01,DIP,CO,20170806,,Y,,440905,bancamarche,cd_collegamento,,20160614
bancamarche,287879,20151103,20151208,20151110,20151117,20151124,20151201,c_key_287879,3,3,RAE,10,DIP,AN,20151117,,Y,,287879,bancamarche,cd_collegamento,,20160104
ubi,496737,20180717,20180821,20180724,20180731,20180807,20180814,c_key_496737,2,1,rae,21,PF,CO,20180731,,Y,,496737,ubi,,,20160518
bancamarche,502924,20150806,20150910,20150813,20150820,20150827,20150903,c_key_502924,1,2,RAE,02,DIP,CO,20150820,,Y,,502924,bancamarche,cd_collegamento,,20160408
bpm,432906,20180919,20181024,20180926,20181003,20181010,20181017,c_key_432906,3,3,rae,02,DIP,PU,20181003,,Y,,432906,bpm,,,20160215
ubi,502924,20151013,20151117,20151020,20151027,20151103,20151110,c_key_502924,1,3,RAE,03,DIP,MI,20151027,,N,,502924,ubi,,,20181110
bancamarche,328429,20160814,20160918,20160821,20160828,20160904,20160911,c_key_328429,1,3,RAE,02,PF,PU,20160828,,N,,328429,bancamarche,cd_collegamento,,20171019
bpm,295528,20161203,20170107,20161210,20161217,20161224,20161231,c_key_295528,3,2,RAE,21,PF,AN,20161217,,Y,,295528,bpm,cd_collegamento,,20160813
bpm,440905,20161212,20170116,20161219,20161226,20170102,20170109,c_key_440905,3,2,RAE,03,CO,PU,20161226,,Y,,440905,bpm,cd_collegamento,,20170105
ubi,463259,20180327,20180501,20180403,20180410,20180417,20180424,c_key_463259,2,1,rae,10,DIP,CO,20180410,,Y,,463259,ubi,cd_collegamento,,20180103
bpm,287879,20180128,20180304,20180204,20180211,20180218,20180225,c_key_287879,1,1,RAE,03,PF,CO,20180211,,N,,287879,bpm,cd_collegamento,,20181210
bancamarche,287879,20161201,20170105,20161208,20161215,20161222,20161229,c_key_287879,3,2,rae,03,CO,CO,20161215,,N,,287879,bancamarche,cd_collegamento,,20190117
ubi,440905,20180623,20180728,20180630,20180707,20180714,20180721,c_key_440905,3,3,RAE,01,CO,AN,20180707,,N,,440905,ubi,cd_collegamento,,20150611
ubi,466851,20151224,20160128,20151231,20160107,20160114,20160121,c_key_466851,1,1,RAE,02,CO,CO,20160107,,Y,,466851,ubi,cd_collegamento,,20180516
bpm,478307,20170427,20170601,20170504,20170511,20170518,20170525,c_key_478307,1,1,RAE,01,PF,CO,20170511,,Y,,478307,bpm,,,20150828
ubi,463259,20170309,20170413,20170316,20170323,20170330,20170406,c_key_463259,1,2,rae,02,PF,PU,20170323,,Y,,463259,ubi,cd_collegamento,,20150905
bancamarche,494454,20160813,20160917,20160820,20160827,20160903,20160910,c_key_494454,2,1,rae,10,DIP,CO,20160827,,N,,494454,bancamarche,cd_collegamento,,20180929
ubi,504858,20170116,20170220,20170123,20170130,20170206,20170213,c_key_504858,2,1,rae,02,CO,AN,20170130,,N,,504858,ubi,cd_collegamento,,20180601
bancamarche,440905,20160725,20160829,20160801,20160808,20160815,20160822,c_key_440905,1,2,RAE,10,PF,CO,20160808,,N,,440905,bancamarche,cd_collegamento,,20161219
bpm,466851,20161026,20161130,20161102,20161109,20161116,20161123,c_key_466851,3,1,RAE,01,DIP,CO,20161109,,Y,,466851,bpm,,,20170529
bancamarche,476314,20160922,20161027,20160929,20161006,20161013,20161020,c_key_476314,3,3,RAE,02,DIP,AN,20161006,,N,,476314,bancamarche,cd_collegamento,,20151225
bancamarche,463259,20190318,20190422,20190325,20190401,20190408,20190415,c_key_463259,3,2,rae,10,CO,PU,20190401,,Y,,463259,bancamarche,cd_collegamento,,20161108
bpm,463259,20170128,20170304,20170204,20170211,20170218,20170225,c_key_463259,1,3,rae,02,PF,CO,20170211,,N,,463259,bpm,cd_collegamento,,20190215
bancamarche,403995,20160616,20160721,20160623,20160630,20160707,20160714,c_key_403995,1,3,RAE,02,DIP,PU,20160630,,Y,,403995,bancamarche,cd_collegamento,,20181027
bancamarche,440905,20160515,20160619,20160522,20160529,20160605,20160612,c_key_440905,1,1,RAE,03,DIP,AN,20160529,,Y,,440905,bancamarche,cd_collegamento,,20170811
bpm,478307,20161226,20170130,20170102,20170109,20170116,20170123,c_key_478307,2,3,rae,10,CO,PU,20170109,,N,,478307,bpm,,,20150815
ubi,319180,20150906,20151011,20150913,20150920,20150927,20151004,c_key_319180,2,3,RAE,01,PF,CO,20150920,,Y,,319180,ubi,cd_collegamento,,20151228
bpm,463259,20171231,20180204,20180107,20180114,20180121,20180128,c_key_463259,2,3,RAE,21,DIP,PU,20180114,,Y,,463259,bpm,,,20180316
ubi,295528,20170315,20170419,20170322,20170329,20170405,20170412,c_key_295528,3,1,RAE,01,PF,AN,20170329,,Y,,295528,ubi,cd_collegamento,,20160826
ubi,284096,20190112,20190216,20190119,20190126,20190202,20190209,c_key_284096,2,2,rae,21,DIP,PU,20190126,,N,,284096,ubi,cd_collegamento,,20150919
bancamarche,494454,20190120,20190224,20190127,20190203,20190210,20190217,c_key_494454,3,3,RAE,01,CO,CO,20190203,,Y,,494454,bancamarche,cd_collegamento,,20161013
ubi,284096,20180301,20180405,20180308,20180315,20180322,20180329,c_key_284096,1,1,RAE,02,DIP,AN,20180315,,N,,284096,ubi,cd_collegamento,,20160110
bancamarche,486194,20180214,20180321,20180221,20180228,20180307,20180314,c_key_486194,2,3,RAE,01,PF,MI,20180228,,N,,486194,bancamarche,cd_collegamento,,20180609
bpm,284096,20161120,20161225,20161127,20161204,20161211,20161218,c_key_284096,2,1,rae,01,PF,MI,20161204,,Y,,284096,bpm,cd_collegamento,,20180609
bancamarche,334095,20180816,20180920,20180823,20180830,20180906,20180913,c_key_334095,1,1,RAE,03,PF,PU,20180830,,N,,334095,bancamarche,cd_collegamento,,20170705
bpm,319180,20160403,20160508,20160410,20160417,20160424,20160501,c_key_319180,2,2,rae,03,PF,AN,20160417,,N,,319180,bpm,cd_collegamento,,20190227
ubi,478307,20170717,20170821,20170724,20170731,20170807,20170814,c_key_478307,3,3,RAE,03,PF,MI,20170731,,N,,478307,ubi,cd_collegamento,,20180704
bpm,466851,20160814,20160918,20160821,20160828,20160904,20160911,c_key_466851,1,1,RAE,21,DIP,AN,20160828,,Y,,466851,bpm,cd_collegamento,,20170923
bancamarche,432906,20180226,20180402,20180305,20180312,20180319,20180326,c_key_432906,3,2,rae,10,PF,MI,20180312,,N,,432906,bancamarche,cd_collegamento,,20180703
bancamarche,432906,20180605,20180710,20180612,20180619,20180626,20180703,c_key_432906,2,2,RAE,02,DIP,AN,20180619,,Y,,432906,bancamarche,,,20150805
ubi,319180,20160220,20160326,20160227,20160305,20160312,20160319,c_key_319180,2,2,rae,10,CO,PU,20160305,,Y,,319180,ubi,,,20170119
bpm,440905,20160324,20160428,20160331,20160407,20160414,20160421,c_key_440905,1,1,rae,21,PF,AN,20160407,,N,,440905,bpm,cd_collegamento,,20170619
ubi,494454,20190223,20190330,20190302,20190309,20190316,20190323,c_key_494454,3,3,rae,02,DIP,PU,20190309,,N,,494454,ubi,,,20170819
bancamarche,440905,20160619,20160724,20160626,20160703,20160710,20160717,c_key_440905,2,1,rae,03,CO,PU,20160703,,Y,,440905,bancamarche,cd_collegamento,,20150808
bancamarche,494454,20160430,20160604,20160507,20160514,20160521,20160528,c_key_494454,1,1,RAE,21,CO,CO,20160514,,Y,,494454,bancamarche,cd_collegamento,,20150606
bpm,502924,20170330,20170504,20170406,20170413,20170420,20170427,c_key_502924,3,3,rae,01,PF,PU,20170413,,Y,,502924,bpm,,,20160215
ubi,334095,20170206,20170313,20170213,20170220,20170227,20170306,c_key_334095,2,3,rae,21,PF,CO,20170220,,Y,,334095,ubi,cd_collegamento,,20151004
bpm,319180,20180406,20180511,20180413,20180420,20180427,20180504,c_key_319180,3,1,RAE,03,CO,MI,20180420,,N,,319180,bpm,cd_collegamento,,20171205
bpm,287879,20160308,20160412,20160315,20160322,20160329,20160405,c_key_287879,2,1,rae,03,DIP,MI,20160322,,N,,287879,bpm,,,20160126
ubi,328429,20170726,20170830,20170802,20170809,20170816,20170823,c_key_328429,3,2,RAE,01,DIP,MI,20170809,,N,,328429,ubi,cd_collegamento,,20180401
bancamarche,431531,20171015,20171119,20171022,20171029,20171105,20171112,c_key_431531,3,3,RAE,10,PF,MI,20171029,,Y,,431531,bancamarche,cd_collegamento,,20180328
bancamarche,494454,20190319,20190423,20190326,20190402,20190409,20190416,c_key_494454,3,3,RAE,03,DIP,MI,20190402,,N,,494454,bancamarche,,,20160316
ubi,502924,20151128,20160102,20151205,20151212,20151219,20151226,c_key_502924,2,1,RAE,03,DIP,PU,20151212,,N,,502924,ubi,cd_collegamento,,20171214
bpm,295528,20151027,20151201,20151103,20151110,20151117,20151124,c_key_295528,3,1,rae,01,CO,CO,20151110,,Y,,295528,bpm,,,20170406
bancamarche,486194,20180603,20180708,20180610,20180617,20180624,20180701,c_key_486194,2,2,RAE,02,CO,CO,20180617,,N,,486194,bancamarche,,,20190418
ubi,463259,20181030,20181204,20181106,20181113,20181120,20181127,c_key_463259,3,2,rae,02,DIP,CO,20181113,,Y,,463259,ubi,,,20170910
ubi,478307,20171125,20171230,20171202,20171209,20171216,20171223,c_key_478307,2,2,RAE,10,CO,MI,20171209,,N,,478307,ubi,cd_collegamento,,20160903
ubi,351199,20180126,20180302,20180202,20180209,20180216,20180223,c_key_351199,1,2,rae,02,CO,MI,20180209,,Y,,351199,ubi,,,20180526
bancamarche,328429,20180315,20180419,20180322,20180329,20180405,20180412,c_key_328429,3,2,rae,21,CO,MI,20180329,,Y,,328429,bancamarche,cd_collegamento,,20190301
ubi,351199,20190419,20190524,20190426,20190503,20190510,20190517,c_key_351199,1,3,RAE,03,DIP,MI,20190503,,Y,,351199,ubi,,,20151111
bancamarche,295528,20170824,20170928,20170831,20170907,20170914,20170921,c_key_295528,2,2,RAE,01,CO,AN,20170907,,N,,295528,bancamarche,,,20151006
bpm,496737,20161110,20161215,20161117,20161124,20161201,20161208,c_key_496737,3,3,RAE,02,PF,AN,20161124,,N,,496737,bpm,cd_collegamento,,20171113
bancamarche,504858,20160118,20160222,20160125,20160201,20160208,20160215,c_key_504858,1,3,rae,21,CO,PU,20160201,,Y,,504858,bancamarche,,,20151025
ubi,494454,20190330,20190504,20190406,20190413,20190420,20190427,c_key_494454,3,3,rae,02,CO,MI,20190413,,N,,494454,ubi,cd_collegamento,,20180723
bancamarche,476314,20170221,20170328,20170228,20170307,20170314,20170321,c_key_476314,3,2,RAE,02,DIP,AN,20170307,,N,,476314,bancamarche,,,20150811
bancamarche,476314,20170627,20170801,20170704,20170711,20170718,20170725,c_key_476314,1,1,RAE,01,PF,PU,20170711,,Y,,476314,bancamarche,cd_collegamento,,20181213
ubi,463259,20170529,20170703,20170605,20170612,20170619,20170626,c_key_463259,2,1,RAE,03,PF,PU,20170612,,N,,463259,ubi,cd_collegamento,,20161212
ubi,486194,20170402,20170507,20170409,20170416,20170423,20170430,c_key_486194,1,3,RAE,02,CO,PU,20170416,,N,,486194,ubi,cd_collegamento,,20180718
ubi,494454,20181009,20181113,20181016,20181023,20181030,20181106,c_key_494454,3,2,RAE,10,PF,AN,20181023,,Y,,494454,ubi,,,20160605
ubi,504858,20171018,20171122,20171025,20171101,20171108,20171115,c_key_504858,1,2,rae,01,CO,PU,20171101,,N,,504858,ubi,cd_collegamento,,20151106
ubi,496737,20190305,20190409,20190312,20190319,20190326,20190402,c_key_496737,1,3,RAE,02,PF,CO,20190319,,N,,496737,ubi,cd_collegamento,,20190104
bancamarche,466851,20160609,20160714,20160616,20160623,20160630,20160707,c_key_466851,2,2,rae,21,CO,PU,20160623,,Y,,466851,bancamarche,,,20160616
ubi,295528,20181003,20181107,20181010,20181017,20181024,20181031,c_key_295528,2,3,RAE,02,PF,MI,20181017,,N,,295528,ubi,cd_collegamento,,20151210
bancamarche,319180,20180324,20180428,20180331,20180407,20180414,20180421,c_key_319180,1,2,rae,03,CO,CO,20180407,,N,,319180,bancamarche,cd_collegamento,,20171012
bpm,440905,20180225,20180401,20180304,20180311,20180318,20180325,c_key_440905,3,1,RAE,02,CO,CO,20180311,,N,,440905,bpm,,,20160722
ubi,287879,20150613,20150718,20150620,20150627,20150704,20150711,c_key_287879,1,3,rae,21,DIP,MI,20150627,,Y,,287879,ubi,cd_collegamento,,20160622
bpm,351199,20171229,20180202,20180105,20180112,20180119,20180126,c_key_351199,2,2,rae,03,DIP,PU,20180112,,N,,351199,bpm,cd_collegamento,,20180830
bancamarche,403995,20171113,20171218,20171120,20171127,20171204,20171211,c_key_403995,2,2,RAE,21,PF,AN,20171127,,N,,403995,bancamarche,cd_collegamento,,20160109
ubi,502924,20190526,20190630,20190602,20190609,20190616,20190623,c_key_502924,1,2,RAE,10,PF,MI,20190609,,N,,502924,ubi,,,20160805
bpm,403995,20180404,20180509,20180411,20180418,20180425,20180502,c_key_403995,1,1,RAE,01,DIP,MI,20180418,,N,,403995,bpm,cd_collegamento,,20180304
ubi,502924,20181111,20181216,20181118,20181125,20181202,20181209,c_key_502924,3,3,rae,10,DIP,CO,20181125,,Y,,502924,ubi,cd_collegamento,,20151124
ubi,496737,20160310,20160414,20160317,20160324,20160331,20160407,c_key_496737,3,2,RAE,01,PF,CO,20160324,,Y,,496737,ubi,,,20181128
bpm,284096,20180704,20180808,20180711,20180718,20180725,20180801,c_key_284096,3,1,rae,01,DIP,CO,20180718,,Y,,284096,bpm,cd_collegamento,,20180415
ubi,295528,20161215,20170119,20161222,20161229,20170105,20170112,c_key_295528,2,2,rae,03,PF,PU,20161229,,N,,295528,ubi,cd_collegamento,,20180415
ubi,478307,20160910,20161015,20160917,20160924,20161001,20161008,c_key_478307,3,2,rae,03,CO,CO,20160924,,N,,478307,ubi,cd_collegamento,,20150629
ubi,502924,20190223,20190330,20190302,20190309,20190316,20190323,c_key_502924,2,1,rae,02,PF,CO,20190309,,N,,502924,ubi,cd_collegamento,,20161019
bancamarche,328429,20160226,20160401,20160304,20160311,20160318,20160325,c_key_328429,2,1,RAE,01,DIP,AN,20160311,,Y,,328429,bancamarche,cd_collegamento,,20170707
ubi,502924,20160308,20160412,20160315,20160322,20160329,20160405,c_key_502924,1,3,RAE,03,CO,AN,20160322,,Y,,502924,ubi,,,20170228
ubi,328429,20171002,20171106,20171009,20171016,20171023,20171030,c_key_328429,3,3,RAE,01,PF,CO,20171016,,N,,328429,ubi,cd_collegamento,,20150817
ubi,463259,20160410,20160515,20160417,20160424,20160501,20160508,c_key_463259,1,3,RAE,01,PF,MI,20160424,,N,,463259,ubi,,,20171122
bancamarche,432906,20180415,20180520,20180422,20180429,20180506,20180513,c_key_432906,2,3,RAE,03,DIP,PU,20180429,,Y,,432906,bancamarche,,,20160517
ubi,494454,20171125,20171230,20171202,20171209,20171216,20171223,c_key_494454,1,1,RAE,21,DIP,CO,20171209,,Y,,494454,ubi,cd_collegamento,,20180422
bpm,476314,20180111,20180215,20180118,20180125,20180201,20180208,c_key_476314,1,2,RAE,01,CO,MI,20180125,,N,,476314,bpm,cd_collegamento,,20160220
bpm,478307,20150601,20150706,20150608,20150615,20150622,20150629,c_key_478307,2,2,rae,21,PF,MI,20150615,,Y,,478307,bpm,cd_collegamento,,20161225
bancamarche,431531,20151230,20160203,20160106,20160113,20160120,20160127,c_key_431531,3,2,RAE,01,PF,MI,20160113,,N,,431531,bancamarche,cd_collegamento,,20171018
bpm,295528,20151216,20160120,20151223,20151230,20160106,20160113,c_key_295528,2,2,RAE,02,PF,AN,20151230,,Y,,295528,bpm,cd_collegamento,,20170802
bancamarche,284096,20160803,20160907,20160810,20160817,20160824,20160831,c_key_284096,1,3,RAE,21,DIP,MI,20160817,,Y,,284096,bancamarche,cd_collegamento,,20150926
ubi,351199,20160311,20160415,20160318,20160325,20160401,20160408,c_key_351199,1,1,RAE,10,CO,PU,20160325,,Y,,351199,ubi,,,20180223
ubi,295528,20151019,20151123,20151026,20151102,20151109,20151116,c_key_295528,2,1,RAE,02,CO,MI,20151102,,Y,,295528,ubi,cd_collegamento,,20160824
bancamarche,486194,20161129,20170103,20161206,20161213,20161220,20161227,c_key_486194,2,1,rae,02,CO,MI,20161213,,N,,486194,bancamarche,cd_collegamento,,20170801
bpm,496737,20160824,20160928,20160831,20160907,20160914,20160921,c_key_496737,1,1,rae,03,DIP,AN,20160907,,Y,,496737,bpm,cd_collegamento,,20150803
bpm,403995,20190125,20190301,20190201,20190208,20190215,20190222,c_key_403995,1,1,RAE,21,DIP,AN,20190208,,Y,,403995,bpm,,,20161107
bpm,328429,20180604,20180709,20180611,20180618,20180625,20180702,c_key_328429,2,2,RAE,10,CO,CO,20180618,,Y,,328429,bpm,cd_collegamento,,20170802
bpm,494454,20180405,20180510,20180412,20180419,20180426,20180503,c_key_494454,3,1,RAE,01,CO,AN,20180419,,N,,494454,bpm,,,20151021
bpm,328429,20170505,20170609,20170512,20170519,20170526,20170602,c_key_328429,3,3,RAE,10,CO,CO,20170519,,N,,328429,bpm,,,20181228
bpm,287879,20151228,20160201,20160104,20160111,20160118,20160125,c_key_287879,2,1,RAE,10,DIP,CO,20160111,,Y,,287879,bpm,,,20151213
bpm,351199,20160803,20160907,20160810,20160817,20160824,20160831,c_key_351199,2,1,RAE,03,CO,AN,20160817,,Y,,351199,bpm,cd_collegamento,,20190109
ubi,463259,20160108,20160212,20160115,20160122,20160129,20160205,c_key_463259,3,1,rae,03,PF,AN,20160122,,Y,,463259,ubi,cd_collegamento,,20181127
bancamarche,496737,20160513,20160617,20160520,20160527,20160603,20160610,c_key_496737,2,2,rae,02,DIP,AN,20160527,,N,,496737,bancamarche,cd_collegamento,,20150716
ubi,431531,20170509,20170613,20170516,20170523,20170530,20170606,c_key_431531,1,1,RAE,01,DIP,PU,20170523,,N,,431531,ubi,cd_collegamento,,20160301
bancamarche,463259,20190130,20190306,20190206,20190213,20190220,20190227,c_key_463259,2,2,rae,21,DIP,PU,20190213,,N,,463259,bancamarche,cd_collegamento,,20150608
bancamarche,478307,20151125,20151230,20151202,20151209,20151216,20151223,c_key_478307,2,1,RAE,21,CO,CO,20151209,,N,,478307,bancamarche,cd_collegamento,,20180220
bpm,496737,20170611,20170716,20170618,20170625,20170702,20170709,c_key_496737,3,2,rae,10,PF,CO,20170625,,N,,496737,bpm,cd_collegamento,,20171022
bancamarche,403995,20160603,20160708,20160610,20160617,20160624,20160701,c_key_403995,1,2,rae,10,CO,CO,20160617,,Y,,403995,bancamarche,cd_collegamento,,20151112
bancamarche,351199,20180824,20180928,20180831,20180907,20180914,20180921,c_key_351199,2,3,RAE,01,PF,CO,20180907,,N,,351199,bancamarche,,,20170814
bancamarche,494454,20151226,20160130,20160102,20160109,20160116,20160123,c_key_494454,2,2,RAE,21,CO,PU,20160109,,Y,,494454,bancamarche,cd_collegamento,,20181112
ubi,431531,20180412,20180517,20180419,20180426,20180503,20180510,c_key_431531,1,3,RAE,21,DIP,AN,20180426,,Y,,431531,ubi,cd_collegamento,,20180515
ubi,284096,20160827,20161001,20160903,20160910,20160917,20160924,c_key_284096,3,3,RAE,01,PF,MI,20160910,,Y,,284096,ubi,,,20150918
bancamarche,287879,20161206,20170110,20161213,20161220,20161227,20170103,c_key_287879,2,3,rae,10,PF,CO,20161220,,N,,287879,bancamarche,,,20170726
bancamarche,440905,20180125,20180301,20180201,20180208,20180215,20180222,c_key_440905,2,1,rae,21,PF,AN,20180208,,N,,440905,bancamarche,cd_collegamento,,20160119
bancamarche,328429,20181114,20181219,20181121,20181128,20181205,20181212,c_key_328429,1,1,RAE,10,DIP,MI,20181128,,N,,328429,bancamarche,,,20180216
bpm,476314,20160519,20160623,20160526,20160602,20160609,20160616,c_key_476314,1,2,rae,01,CO,AN,20160602,,Y,,476314,bpm,cd_collegamento,,20170527
ubi,432906,20170828,20171002,20170904,20170911,20170918,20170925,c_key_432906,3,3,RAE,21,CO,CO,20170911,,N,,432906,ubi,cd_collegamento,,20160701
bpm,502924,20160426,20160531,20160503,20160510,20160517,20160524,c_key_502924,3,1,RAE,03,CO,AN,20160510,,N,,502924,bpm,cd_collegamento,,20180912
bancamarche,328429,20170613,20170718,20170620,20170627,20170704,20170711,c_key_328429,2,2,RAE,21,DIP,MI,20170627,,N,,328429,bancamarche,cd_collegamento,,20180417
ubi,494454,20160902,20161007,20160909,20160916,20160923,20160930,c_key_494454,3,2,rae,21,PF,AN,20160916,,Y,,494454,ubi,cd_collegamento,,20190211
bancamarche,328429,20180423,20180528,20180430,20180507,20180514,20180521,c_key_328429,2,3,rae,01,CO,PU,20180507,,N,,328429,bancamarche,cd_collegamento,,20181213
ubi,431531,20170415,20170520,20170422,20170429,20170506,20170513,c_key_431531,2,2,RAE,02,CO,CO,20170429,,N,,431531,ubi,cd_collegamento,,20170302
ubi,319180,20190526,20190630,20190602,20190609,20190616,20190623,c_key_319180,3,1,RAE,21,CO,CO,20190609,,Y,,319180,ubi,cd_collegamento,,20180425
bancamarche,328429,20160117,20160221,20160124,20160131,20160207,20160214,c_key_328429,3,1,RAE,10,DIP,MI,20160131,,N,,328429,bancamarche,,,20160213
ubi,496737,20160425,20160530,20160502,20160509,20160516,20160523,c_key_496737,2,3,RAE,10,PF,MI,20160509,,Y,,496737,ubi,cd_collegamento,,20170410
bancamarche,504858,20181219,20190123,20181226,20190102,20190109,20190116,c_key_504858,1,1,rae,02,CO,MI,20190102,,Y,,504858,bancamarche,cd_collegamento,,20171106
bancamarche,334095,20170728,20170901,20170804,20170811,20170818,20170825,c_key_334095,2,1,rae,02,CO,PU,20170811,,N,,334095,bancamarche,cd_collegamento,,20171210
bpm,351199,20170415,20170520,20170422,20170429,20170506,20170513,c_key_351199,1,1,rae,01,DIP,CO,20170429,,N,,351199,bpm,cd_collegamento,,20170330
bpm,504858,20160117,20160221,20160124,20160131,20160207,20160214,c_key_504858,1,2,rae,03,DIP,AN,20160131,,Y,,504858,bpm,cd_collegamento,,20181018
bpm,502924,20160629,20160803,20160706,20160713,20160720,20160727,c_key_502924,1,3,rae,21,PF,AN,20160713,,Y,,502924,bpm,cd_collegamento,,20171022
bancamarche,403995,20160824,20160928,20160831,20160907,20160914,20160921,c_key_403995,2,1,rae,21,PF,AN,20160907,,Y,,403995,bancamarche,cd_collegamento,,20170403
bpm,504858,20160829,20161003,20160905,20160912,20160919,20160926,c_key_504858,2,1,rae,01,CO,MI,20160912,,N,,504858,bpm,cd_collegamento,,20161214
ubi,502924,20160622,20160727,20160629,20160706,20160713,20160720,c_key_502924,1,1,RAE,21,DIP,AN,20160706,,Y,,502924,ubi,cd_collegamento,,20170620
ubi,486194,20150606,20150711,20150613,20150620,20150627,20150704,c_key_486194,2,2,RAE,10,CO,PU,20150620,,N,,486194,ubi,,,20170304
bancamarche,351199,20190312,20190416,20190319,20190326,20190402,20190409,c_key_351199,2,2,rae,21,CO,AN,20190326,,Y,,351199,bancamarche,cd_collegamento,,20150807
ubi,284096,20180805,20180909,20180812,20180819,20180826,20180902,c_key_284096,3,2,RAE,03,PF,AN,20180819,,N,,284096,ubi,cd_collegamento,,20160308
bancamarche,295528,20170814,20170918,20170821,20170828,20170904,20170911,c_key_295528,1,3,rae,10,PF,CO,20170828,,N,,295528,bancamarche,cd_collegamento,,20170720
ubi,287879,20170422,20170527,20170429,20170506,20170513,20170520,c_key_287879,3,2,rae,02,CO,MI,20170506,,Y,,287879,ubi,,,20190328
bancamarche,486194,20151130,20160104,20151207,20151214,20151221,20151228,c_key_486194,1,1,rae,10,PF,CO,20151214,,Y,,486194,bancamarche,cd_collegamento,,20160920
bpm,319180,20190304,20190408,20190311,20190318,20190325,20190401,c_key_319180,2,1,RAE,21,DIP,PU,20190318,,N,,319180,bpm,cd_collegamento,,20170401
ubi,494454,20161205,20170109,20161212,20161219,20161226,20170102,c_key_494454,1,1,RAE,01,PF,CO,20161219,,Y,,494454,ubi,cd_collegamento,,20160901
ubi,502924,20170426,20170531,20170503,20170510,20170517,20170524,c_key_502924,2,1,rae,02,CO,MI,20170510,,N,,502924,ubi,cd_collegamento,,20180920
bpm,463259,20190522,20190626,20190529,20190605,20190612,20190619,c_key_463259,3,2,RAE,10,DIP,CO,20190605,,Y,,463259,bpm,cd_collegamento,,20170730
bpm,476314,20190112,20190216,20190119,20190126,20190202,20190209,c_key_476314,1,3,rae,21,DIP,CO,20190126,,N,,476314,bpm,,,20161012
bancamarche,476314,20171217,20180121,20171224,20171231,20180107,20180114,c_key_476314,3,2,RAE,01,DIP,CO,20171231,,N,,476314,bancamarche,cd_collegamento,,20180801
bancamarche,319180,20171208,20180112,20171215,20171222,20171229,20180105,c_key_319180,2,3,RAE,10,DIP,MI,20171222,,Y,,319180,bancamarche,cd_collegamento,,20150923
bpm,295528,20190112,20190216,20190119,20190126,20190202,20190209,c_key_295528,3,1,rae,01,CO,AN,20190126,,Y,,295528,bpm,,,20171029
bancamarche,496737,20161225,20170129,20170101,20170108,20170115,20170122,c_key_496737,3,3,RAE,03,PF,CO,20170108,,Y,,496737,bancamarche,,,20151013
bpm,494454,20160730,20160903,20160806,20160813,20160820,20160827,c_key_494454,1,2,rae,01,CO,CO,20160813,,N,,494454,bpm,cd_collegamento,,20170110
bancamarche,328429,20171003,20171107,20171010,20171017,20171024,20171031,c_key_328429,3,2,rae,21,CO,MI,20171017,,Y,,328429,bancamarche,,,20161102
bpm,403995,20170417,20170522,20170424,20170501,20170508,20170515,c_key_403995,1,3,RAE,21,PF,CO,20170501,,N,,403995,bpm,,,20181215
ubi,478307,20180609,20180714,20180616,20180623,20180630,20180707,c_key_478307,2,2,RAE,03,DIP,MI,20180623,,N,,478307,ubi,cd_collegamento,,20181222
bpm,334095,20181025,20181129,20181101,20181108,20181115,20181122,c_key_334095,1,1,rae,02,PF,MI,20181108,,N,,334095,bpm,cd_collegamento,,20160720
bpm,287879,20161222,20170126,20161229,20170105,20170112,20170119,c_key_287879,2,2,RAE,02,PF,CO,20170105,,N,,287879,bpm,,,20170326
bpm,351199,20160322,20160426,20160329,20160405,20160412,20160419,c_key_351199,2,2,rae,02,CO,PU,20160405,,Y,,351199,bpm,,,20170323
bpm,466851,20180628,20180802,20180705,20180712,20180719,20180726,c_key_466851,1,1,RAE,21,CO,PU,20180712,,N,,466851,bpm,cd_collegamento,,20170130
ubi,504858,20171004,20171108,20171011,20171018,20171025,20171101,c_key_504858,2,2,RAE,10,DIP,AN,20171018,,N,,504858,ubi,cd_collegamento,,20170918
ubi,284096,20161103,20161208,20161110,20161117,20161124,20161201,c_key_284096,2,2,RAE,01,DIP,AN,20161117,,Y,,284096,ubi,cd_collegamento,,20181116
ubi,463259,20171118,20171223,20171125,20171202,20171209,20171216,c_key_463259,1,1,RAE,02,CO,PU,20171202,,N,,463259,ubi,,,20171103
bpm,478307,20171216,20180120,20171223,20171230,20180106,20180113,c_key_478307,2,3,RAE,10,PF,AN,20171230,,N,,478307,bpm,cd_collegamento,,20190211
ubi,403995,20180226,20180402,20180305,20180312,20180319,20180326,c_key_403995,1,2,RAE,03,DIP,PU,20180312,,Y,,403995,ubi,,,20170409
bpm,432906,20170201,20170308,20170208,20170215,20170222,20170301,c_key_432906,2,3,rae,03,PF,CO,20170215,,N,,432906,bpm,cd_collegamento,,20180830
bpm,440905,20170610,20170715,20170617,20170624,20170701,20170708,c_key_440905,1,2,RAE,02,CO,MI,20170624,,Y,,440905,bpm,cd_collegamento,,20181109
bpm,466851,20160719,20160823,20160726,20160802,20160809,20160816,c_key_466851,3,3,RAE,21,PF,CO,20160802,,Y,,466851,bpm,cd_collegamento,,20180904
bpm,287879,20170901,20171006,20170908,20170915,20170922,20170929,c_key_287879,1,2,RAE,03,DIP,CO,20170915,,N,,287879,bpm,,,20150907
bpm,463259,20170430,20170604,20170507,20170514,20170521,20170528,c_key_463259,3,3,rae,10,DIP,MI,20170514,,N,,463259,bpm,cd_collegamento,,20190126
bpm,440905,20181227,20190131,20190103,20190110,20190117,20190124,c_key_440905,2,3,RAE,10,CO,PU,20190110,,Y,,440905,bpm,cd_collegamento,,20150803
ubi,504858,20160221,20160327,20160228,20160306,20160313,20160320,c_key_504858,2,2,rae,21,DIP,MI,20160306,,Y,,504858,ubi,,,20170704
bancamarche,328429,20180617,20180722,20180624,20180701,20180708,20180715,c_key_328429,3,2,rae,03,PF,CO,20180701,,N,,328429,bancamarche,cd_collegamento,,20150629
ubi,463259,20170225,20170401,20170304,20170311,20170318,20170325,c_key_463259,3,2,RAE,03,PF,MI,20170311,,Y,,463259,ubi,cd_collegamento,,20151102
ubi,351199,20161015,20161119,20161022,20161029,20161105,20161112,c_key_351199,3,1,RAE,03,CO,CO,20161029,,Y,,351199,ubi,cd_collegamento,,20160209
bpm,494454,20180725,20180829,20180801,20180808,20180815,20180822,c_key_494454,2,1,RAE,03,DIP,CO,20180808,,Y,,494454,bpm,,,20190404
ubi,478307,20170121,20170225,20170128,20170204,20170211,20170218,c_key_478307,2,1,rae,21,DIP,AN,20170204,,N,,478307,ubi,cd_collegamento,,20160101
bpm,466851,20151014,20151118,20151021,20151028,20151104,20151111,c_key_466851,1,1,rae,02,PF,CO,20151028,,N,,466851,bpm,cd_collegamento,,20180822
bancamarche,351199,20190331,20190505,20190407,20190414,20190421,20190428,c_key_351199,1,1,rae,21,PF,CO,20190414,,Y,,351199,bancamarche,,,20180902
ubi,463259,20151209,20160113,20151216,20151223,20151230,20160106,c_key_463259,3,2,rae,03,CO,MI,20151223,,N,,463259,ubi,,,20170131
bancamarche,334095,20170805,20170909,20170812,20170819,20170826,20170902,c_key_334095,1,2,rae,02,PF,CO,20170819,,N,,334095,bancamarche,cd_collegamento,,20160521
bpm,486194,20190209,20190316,20190216,20190223,20190302,20190309,c_key_486194,2,3,RAE,21,CO,MI,20190223,,N,,486194,bpm,cd_collegamento,,20190126
bpm,504858,20160925,20161030,20161002,20161009,20161016,20161023,c_key_504858,1,3,rae,10,PF,PU,20161009,,N,,504858,bpm,cd_collegamento,,20180604
ubi,476314,20170517,20170621,20170524,20170531,20170607,20170614,c_key_476314,2,2,rae,01,DIP,CO,20170531,,N,,476314,ubi,,,20171108
ubi,284096,20190210,20190317,20190217,20190224,20190303,20190310,c_key_284096,3,2,rae,21,PF,AN,20190224,,N,,284096,ubi,,,20161129
ubi,295528,20181130,20190104,20181207,20181214,20181221,20181228,c_key_295528,3,1,RAE,01,DIP,MI,20181214,,Y,,295528,ubi,cd_collegamento,,20180920
bpm,504858,20190513,20190617,20190520,20190527,20190603,20190610,c_key_504858,1,3,rae,21,PF,PU,20190527,,Y,,504858,bpm,cd_collegamento,,20170930
bpm,476314,20170924,20171029,20171001,20171008,20171015,20171022,c_key_476314,3,3,RAE,03,DIP,AN,20171008,,N,,476314,bpm,cd_collegamento,,20150706
bancamarche,287879,20180304,20180408,20180311,20180318,20180325,20180401,c_key_287879,3,1,rae,21,DIP,AN,20180318,,N,,287879,bancamarche,cd_collegamento,,20181231
bpm,334095,20171120,20171225,20171127,20171204,20171211,20171218,c_key_334095,2,3,rae,02,PF,AN,20171204,,Y,,334095,bpm,cd_collegamento,,20161029
bpm,431531,20180610,20180715,20180617,20180624,20180701,20180708,c_key_431531,3,1,rae,10,DIP,PU,20180624,,N,,431531,bpm,cd_collegamento,,20151115
bpm,466851,20160122,20160226,20160129,20160205,20160212,20160219,c_key_466851,3,1,RAE,02,PF,AN,20160205,,Y,,466851,bpm,cd_collegamento,,20190521
