ubi,334095,,2,0,20181219,,forma_tecnica_334095,N,,P2,20160216,20160315,20160322,,20150704,20151002,,,,,,,,,,,,,7,N,2019-04-04 08:39:05.897817,,,
bancamarche,287879,,1,1,20170406,,forma_tecnica_287879,Y,,P1,20170925,20171023,20171030,,20160610,20160908,,,,,,,,,,,,,7,N,2017-01-19 06:02:05.654430,,,
bpm,486194,,1,1,20170816,,forma_tecnica_486194,N,,P1,20151203,20151231,20160107,,20170409,20170708,,,,,,,,,,,,,7,Y,2019-01-09 15:37:28.540017,,,
ubi,486194,,2,1,20150608,,forma_tecnica_486194,Y,,P2,20181029,20181126,20181203,,20150803,20151101,,,,,,,,,,,,,7,Y,2018-01-09 07:41:16.324442,,,
bpm,504858,,1,1,20160326,,forma_tecnica_504858,N,,P2,20170217,20170317,20170324,,20170108,20170408,,,,,,,,,,,,,7,Y,2016-12-24 16:43:08.546171,,,
bpm,295528,,3,1,20180815,,forma_tecnica_295528,N,,P2,20190512,20190609,20190616,,20190111,20190411,,,,,,,,,,,,,7,Y,2018-10-03 01:09:49.041006,,,
bpm,287879,,2,0,20170925,,forma_tecnica_287879,N,,P2,20160914,20161012,20161019,,20160306,20160604,,,,,,,,,,,,,7,N,2016-09-11 03:08:59.503767,,,
bancamarche,431531,,1,0,20160130,,forma_tecnica_431531,N,,P1,20160725,20160822,20160829,,20170920,20171219,,,,,,,,,,,,,7,N,2017-04-02 15:01:56.652144,,,
bpm,486194,,1,0,20181108,,forma_tecnica_486194,Y,,P2,20180112,20180209,20180216,,20180112,20180412,,,,,,,,,,,,,7,Y,2018-08-20 21:09:22.511301,,,
bancamarche,432906,,3,0,20170723,,forma_tecnica_432906,Y,,P2,20180806,20180903,20180910,,20151021,20160119,,,,,,,,,,,,,7,N,2017-12-15 01:47:19.045888,,,
bpm,478307,,2,0,20190428,,forma_tecnica_478307,Y,,P2,20160205,20160304,20160311,,20180707,20181005,,,,,,,,,,,,,7,Y,2015-10-29 04:45:37.347157,,,
ubi,287879,,1,0,20170921,,forma_tecnica_287879,N,,P1,20160525,20160622,20160629,,20160809,20161107,,,,,,,,,,,,,7,Y,2019-01-13 17:53:29.134848,,,
ubi,351199,,2,0,20151220,,forma_tecnica_351199,Y,,P1,20170410,20170508,20170515,,20160729,20161027,,,,,,,,,,,,,7,Y,2015-12-15 14:14:03.572674,,,
ubi,403995,,1,1,20160711,,forma_tecnica_403995,Y,,P1,20171106,20171204,20171211,,20160304,20160602,,,,,,,,,,,,,7,Y,2019-04-09 17:55:23.485231,,,
bpm,328429,,2,1,20160816,,forma_tecnica_328429,N,,P2,20170330,20170427,20170504,,20180314,20180612,,,,,,,,,,,,,7,N,2016-11-28 14:09:29.581730,,,
ubi,440905,,1,0,20171107,,forma_tecnica_440905,Y,,P1,20160306,20160403,20160410,,20160321,20160619,,,,,,,,,,,,,7,Y,2019-01-04 16:53:37.300589,,,
bpm,295528,,1,0,20150816,,forma_tecnica_295528,Y,,P2,20170125,20170222,20170301,,20170510,20170808,,,,,,,,,,,,,7,Y,2016-04-10 17:14:54.615226,,,
bancamarche,476314,,1,0,20181103,,forma_tecnica_476314,Y,,P1,20171127,20171225,20180101,,20180902,20181201,,,,,,,,,,,,,7,N,2015-06-28 12:13:46.956996,,,
ubi,328429,,1,0,20180517,,forma_tecnica_328429,Y,,P2,20170608,20170706,20170713,,20151204,20160303,,,,,,,,,,,,,7,N,2015-06-16 17:59:51.869201,,,
bancamarche,486194,,2,0,20161026,,forma_tecnica_486194,N,,P2,20190316,20190413,20190420,,20171023,20180121,,,,,,,,,,,,,7,Y,2017-02-10 17:53:52.582610,,,
bancamarche,504858,,1,0,20180122,,forma_tecnica_504858,N,,P2,20190508,20190605,20190612,,20180321,20180619,,,,,,,,,,,,,7,N,2019-05-08 11:22:02.450932,,,
bpm,476314,,1,1,20160219,,forma_tecnica_476314,Y,,P1,20170703,20170731,20170807,,20190428,20190727,,,,,,,,,,,,,7,N,2018-04-07 17:52:17.844710,,,
bpm,334095,,2,0,20180129,,forma_tecnica_334095,N,,P1,20160508,20160605,20160612,,20180322,20180620,,,,,,,,,,,,,7,Y,2017-10-20 12:20:58.980988,,,
ubi,284096,,2,0,20151106,,forma_tecnica_284096,Y,,P2,20160514,20160611,20160618,,20170728,20171026,,,,,,,,,,,,,7,Y,2018-05-13 08:23:04.022469,,,
bancamarche,432906,,2,0,20160320,,forma_tecnica_432906,Y,,P1,20171225,20180122,20180129,,20160219,20160519,,,,,,,,,,,,,7,Y,2015-08-25 21:14:37.170264,,,
ubi,504858,,1,1,20180614,,forma_tecnica_504858,N,,P1,20160104,20160201,20160208,,20171011,20180109,,,,,,,,,,,,,7,N,2015-11-05 10:03:29.138296,,,
bpm,463259,,1,0,20181219,,forma_tecnica_463259,Y,,P2,20180103,20180131,20180207,,20180415,20180714,,,,,,,,,,,,,7,Y,2016-05-31 17:36:46.837260,,,
bancamarche,494454,,2,0,20171005,,forma_tecnica_494454,Y,,P1,20170828,20170925,20171002,,20180428,20180727,,,,,,,,,,,,,7,N,2016-01-12 06:26:07.385762,,,
bancamarche,431531,,2,1,20150918,,forma_tecnica_431531,Y,,P2,20160630,20160728,20160804,,20180525,20180823,,,,,,,,,,,,,7,Y,2017-06-12 04:19:00.314100,,,
bancamarche,504858,,2,1,20160308,,forma_tecnica_504858,N,,P2,20180205,20180305,20180312,,20160604,20160902,,,,,,,,,,,,,7,Y,2019-01-06 11:42:15.885878,,,
ubi,476314,,1,0,20161222,,forma_tecnica_476314,Y,,P2,20160827,20160924,20161001,,20180902,20181201,,,,,,,,,,,,,7,Y,2018-11-20 08:51:17.887555,,,
bpm,284096,,1,0,20150820,,forma_tecnica_284096,Y,,P1,20181226,20190123,20190130,,20160210,20160510,,,,,,,,,,,,,7,Y,2017-09-11 14:48:51.355181,,,
bancamarche,295528,,1,1,20171231,,forma_tecnica_295528,Y,,P2,20180102,20180130,20180206,,20161023,20170121,,,,,,,,,,,,,7,Y,2016-08-14 17:29:12.057963,,,
bpm,502924,,1,0,20160119,,forma_tecnica_502924,N,,P2,20181030,20181127,20181204,,20190205,20190506,,,,,,,,,,,,,7,Y,2018-01-17 00:35:07.608008,,,
bancamarche,496737,,1,1,20190529,,forma_tecnica_496737,Y,,P1,20151002,20151030,20151106,,20170413,20170712,,,,,,,,,,,,,7,Y,2015-12-06 13:05:41.895786,,,
bancamarche,463259,,2,1,20190514,,forma_tecnica_463259,N,,P1,20160720,20160817,20160824,,20150820,20151118,,,,,,,,,,,,,7,Y,2017-01-30 05:59:16.963410,,,
bancamarche,494454,,1,0,20170525,,forma_tecnica_494454,Y,,P2,20160513,20160610,20160617,,20170211,20170512,,,,,,,,,,,,,7,Y,2015-09-01 04:30:32.883384,,,
ubi,295528,,1,1,20150601,,forma_tecnica_295528,N,,P2,20161102,20161130,20161207,,20160503,20160801,,,,,,,,,,,,,7,Y,2018-03-20 20:03:09.541931,,,
ubi,440905,,1,2,20180805,,forma_tecnica_440905,N,,P1,20161204,20170101,20170108,,20161124,20170222,,,,,,,,,,,,,7,N,2017-08-21 21:37:21.515833,,,
bancamarche,284096,,1,0,20150725,,forma_tecnica_284096,N,,P1,20170214,20170314,20170321,,20180419,20180718,,,,,,,,,,,,,7,Y,2018-04-26 09:51:01.451126,,,
bpm,431531,,1,2,20180803,,forma_tecnica_431531,N,,P1,20171105,20171203,20171210,,20161210,20170310,,,,,,,,,,,,,7,Y,2017-12-14 20:09:29.008413,,,
bancamarche,466851,,1,0,20180913,,forma_tecnica_466851,Y,,P2,20180924,20181022,20181029,,20151107,20160205,,,,,,,,,,,,,7,Y,2017-04-09 23:42:08.150773,,,
ubi,431531,,2,2,20160326,,forma_tecnica_431531,N,,P1,20181206,20190103,20190110,,20180227,20180528,,,,,,,,,,,,,7,Y,2015-10-05 00:42:30.840547,,,
ubi,504858,,1,0,20180129,,forma_tecnica_504858,Y,,P2,20180202,20180302,20180309,,20160714,20161012,,,,,,,,,,,,,7,N,2018-06-06 13:16:36.025295,,,
bpm,486194,,2,0,20170512,,forma_tecnica_486194,Y,,P1,20180728,20180825,20180901,,20161022,20170120,,,,,,,,,,,,,7,Y,2019-02-15 15:38:53.534117,,,
ubi,440905,,1,0,20161204,,forma_tecnica_440905,Y,,P2,20161031,20161128,20161205,,20160702,20160930,,,,,,,,,,,,,7,Y,2018-06-27 16:57:17.233135,,,
bpm,403995,,2,1,20170107,,forma_tecnica_403995,Y,,P1,20170624,20170722,20170729,,20150702,20150930,,,,,,,,,,,,,7,Y,2016-04-08 22:24:59.199761,,,
ubi,351199,,1,0,20161108,,forma_tecnica_351199,N,,P2,20150821,20150918,20150925,,20160823,20161121,,,,,,,,,,,,,7,Y,2019-04-29 03:51:54.600333,,,
bancamarche,403995,,1,0,20170929,,forma_tecnica_403995,Y,,P2,20170729,20170826,20170902,,20180210,20180511,,,,,,,,,,,,,7,Y,2016-08-07 08:54:32.996038,,,
bancamarche,496737,,2,0,20180430,,forma_tecnica_496737,N,,P1,20161007,20161104,20161111,,20171221,20180321,,,,,,,,,,,,,7,Y,2016-11-21 03:03:37.988205,,,
ubi,502924,,1,2,20190311,,forma_tecnica_502924,N,,P2,20170309,20170406,20170413,,20170809,20171107,,,,,,,,,,,,,7,Y,2016-09-11 02:18:03.017356,,,
bpm,496737,,2,0,20181129,,forma_tecnica_496737,Y,,P2,20170517,20170614,20170621,,20160724,20161022,,,,,,,,,,,,,7,Y,2018-05-09 21:32:49.433657,,,
bancamarche,496737,,1,2,20170806,,forma_tecnica_496737,N,,P2,20170228,20170328,20170404,,20151111,20160209,,,,,,,,,,,,,7,Y,2018-04-20 12:36:39.862086,,,
ubi,466851,,2,2,20171116,,forma_tecnica_466851,Y,,P1,20190422,20190520,20190527,,20180609,20180907,,,,,,,,,,,,,7,Y,2018-08-05 08:18:00.972436,,,
bancamarche,463259,,1,0,20190213,,forma_tecnica_463259,N,,P2,20150829,20150926,20151003,,20170219,20170520,,,,,,,,,,,,,7,N,2017-06-15 01:16:09.635676,,,
bpm,478307,,2,0,20170426,,forma_tecnica_478307,Y,,P1,20160409,20160507,20160514,,20151220,20160319,,,,,,,,,,,,,7,N,2017-08-26 00:32:32.638762,,,
bancamarche,440905,,1,0,20170206,,forma_tecnica_440905,Y,,P2,20160205,20160304,20160311,,20170623,20170921,,,,,,,,,,,,,7,Y,2016-11-07 12:46:10.331685,,,
bancamarche,432906,,1,0,20170528,,forma_tecnica_432906,Y,,P1,20190504,20190601,20190608,,20180127,20180427,,,,,,,,,,,,,7,Y,2017-11-27 16:13:58.442686,,,
ubi,496737,,1,0,20160806,,forma_tecnica_496737,Y,,P2,20160720,20160817,20160824,,20160719,20161017,,,,,,,,,,,,,7,Y,2018-09-18 15:37:24.958712,,,
bancamarche,284096,,2,2,20170108,,forma_tecnica_284096,Y,,P2,20151006,20151103,20151110,,20190205,20190506,,,,,,,,,,,,,7,N,2015-08-08 11:27:34.688359,,,
bpm,334095,,3,1,20170427,,forma_tecnica_334095,Y,,P2,20170818,20170915,20170922,,20161119,20170217,,,,,,,,,,,,,7,Y,2017-02-11 14:15:57.248900,,,
bancamarche,440905,,1,0,20190418,,forma_tecnica_440905,Y,,P1,20170506,20170603,20170610,,20170304,20170602,,,,,,,,,,,,,7,Y,2016-06-29 19:00:37.059379,,,
bancamarche,486194,,1,2,20150721,,forma_tecnica_486194,N,,P2,20180127,20180224,20180303,,20170118,20170418,,,,,,,,,,,,,7,Y,2019-05-13 06:30:35.095809,,,
bancamarche,334095,,2,0,20171103,,forma_tecnica_334095,Y,,P2,20190425,20190523,20190530,,20160124,20160423,,,,,,,,,,,,,7,Y,2018-10-29 10:44:18.913073,,,
bpm,504858,,1,0,20180930,,forma_tecnica_504858,Y,,P1,20181009,20181106,20181113,,20180430,20180729,,,,,,,,,,,,,7,Y,2016-03-01 22:49:59.680719,,,
bancamarche,431531,,1,1,20181118,,forma_tecnica_431531,N,,P2,20171030,20171127,20171204,,20171230,20180330,,,,,,,,,,,,,7,Y,2018-05-01 06:35:45.818027,,,
ubi,504858,,2,2,20160903,,forma_tecnica_504858,N,,P1,20180117,20180214,20180221,,20170926,20171225,,,,,,,,,,,,,7,N,2016-06-15 06:30:03.203365,,,
bpm,287879,,1,0,20160208,,forma_tecnica_287879,N,,P2,20161007,20161104,20161111,,20180823,20181121,,,,,,,,,,,,,7,Y,2015-10-07 03:02:35.378850,,,
bancamarche,432906,,3,1,20150604,,forma_tecnica_432906,N,,P2,20160912,20161010,20161017,,20171228,20180328,,,,,,,,,,,,,7,Y,2017-05-31 04:17:18.051668,,,
bpm,440905,,2,1,20190323,,forma_tecnica_440905,Y,,P2,20151203,20151231,20160107,,20151118,20160216,,,,,,,,,,,,,7,Y,2019-03-18 02:24:42.319708,,,
bpm,440905,,1,1,20180503,,forma_tecnica_440905,N,,P1,20181115,20181213,20181220,,20181209,20190309,,,,,,,,,,,,,7,N,2015-11-28 03:44:03.822986,,,
bpm,328429,,2,0,20171226,,forma_tecnica_328429,N,,P1,20180524,20180621,20180628,,20170511,20170809,,,,,,,,,,,,,7,N,2016-02-26 16:08:57.788751,,,
bpm,351199,,3,0,20150904,,forma_tecnica_351199,N,,P1,20190302,20190330,20190406,,20170117,20170417,,,,,,,,,,,,,7,Y,2016-08-15 19:09:53.678438,,,
bancamarche,494454,,1,0,20181027,,forma_tecnica_494454,Y,,P2,20170512,20170609,20170616,,20181017,20190115,,,,,,,,,,,,,7,Y,2016-05-09 03:56:20.406398,,,
bpm,504858,,2,0,20170611,,forma_tecnica_504858,Y,,P1,20190107,20190204,20190211,,20180918,20181217,,,,,,,,,,,,,7,Y,2015-11-21 23:43:53.796530,,,
ubi,494454,,1,0,20160828,,forma_tecnica_494454,N,,P1,20170626,20170724,20170731,,20190208,20190509,,,,,,,,,,,,,7,Y,2015-06-14 05:25:55.301476,,,
bancamarche,504858,,3,1,20160918,,forma_tecnica_504858,Y,,P1,20160130,20160227,20160305,,20180901,20181130,,,,,,,,,,,,,7,N,2016-06-22 20:00:01.544899,,,
bpm,463259,,3,1,20160705,,forma_tecnica_463259,N,,P1,20170617,20170715,20170722,,20180309,20180607,,,,,,,,,,,,,7,Y,2019-03-23 03:53:09.322170,,,
bancamarche,463259,,2,1,20160302,,forma_tecnica_463259,Y,,P2,20181024,20181121,20181128,,20180825,20181123,,,,,,,,,,,,,7,Y,2018-10-24 18:42:08.977379,,,
bancamarche,478307,,2,2,20150825,,forma_tecnica_478307,N,,P2,20160812,20160909,20160916,,20180820,20181118,,,,,,,,,,,,,7,Y,2016-08-07 11:19:08.358768,,,
bpm,496737,,1,2,20170306,,forma_tecnica_496737,Y,,P2,20160815,20160912,20160919,,20180218,20180519,,,,,,,,,,,,,7,N,2016-11-09 04:38:51.637180,,,
bancamarche,319180,,2,1,20161027,,forma_tecnica_319180,N,,P1,20160611,20160709,20160716,,20180604,20180902,,,,,,,,,,,,,7,Y,2018-02-02 11:45:28.138496,,,
bpm,431531,,2,0,20170711,,forma_tecnica_431531,Y,,P2,20170719,20170816,20170823,,20151019,20160117,,,,,,,,,,,,,7,N,2017-10-09 01:13:58.839443,,,
bpm,403995,,3,1,20160716,,forma_tecnica_403995,Y,,P2,20160706,20160803,20160810,,20151013,20160111,,,,,,,,,,,,,7,N,2018-01-23 13:43:29.470835,,,
bancamarche,287879,,2,1,20160829,,forma_tecnica_287879,Y,,P2,20170618,20170716,20170723,,20160123,20160422,,,,,,,,,,,,,7,Y,2015-08-11 10:20:26.650049,,,
bpm,334095,,2,0,20190414,,forma_tecnica_334095,N,,P1,20160602,20160630,20160707,,20190501,20190730,,,,,,,,,,,,,7,Y,2016-11-29 18:55:40.980734,,,
ubi,476314,,1,0,20170613,,forma_tecnica_476314,Y,,P2,20160623,20160721,20160728,,20150916,20151215,,,,,,,,,,,,,7,Y,2018-02-18 20:56:01.271287,,,
bpm,432906,,1,1,20180608,,forma_tecnica_432906,N,,P1,20150828,20150925,20151002,,20160502,20160731,,,,,,,,,,,,,7,Y,2017-11-14 11:44:10.022393,,,
ubi,319180,,2,0,20180415,,forma_tecnica_319180,Y,,P2,20180513,20180610,20180617,,20181029,20190127,,,,,,,,,,,,,7,Y,2018-01-13 07:05:45.824284,,,
ubi,351199,,1,2,20180708,,forma_tecnica_351199,N,,P1,20181126,20181224,20181231,,20170302,20170531,,,,,,,,,,,,,7,Y,2017-10-12 09:39:37.717587,,,
bancamarche,504858,,3,0,20160421,,forma_tecnica_504858,Y,,P2,20181011,20181108,20181115,,20180714,20181012,,,,,,,,,,,,,7,Y,2016-10-14 05:33:10.865183,,,
bpm,478307,,1,2,20170427,,forma_tecnica_478307,Y,,P1,20160730,20160827,20160903,,20181210,20190310,,,,,,,,,,,,,7,Y,2017-03-23 10:01:44.639734,,,
bpm,486194,,1,1,20180813,,forma_tecnica_486194,Y,,P1,20190202,20190302,20190309,,20170504,20170802,,,,,,,,,,,,,7,N,2016-09-24 13:56:32.600653,,,
bancamarche,284096,,1,2,20150920,,forma_tecnica_284096,Y,,P1,20171120,20171218,20171225,,20181113,20190211,,,,,,,,,,,,,7,Y,2017-07-07 01:38:22.527060,,,
bpm,432906,,2,0,20150603,,forma_tecnica_432906,Y,,P2,20170318,20170415,20170422,,20150602,20150831,,,,,,,,,,,,,7,Y,2018-04-20 01:20:45.949230,,,
bpm,432906,,1,0,20160822,,forma_tecnica_432906,Y,,P1,20170609,20170707,20170714,,20150813,20151111,,,,,,,,,,,,,7,Y,2015-09-02 16:48:32.117006,,,
bpm,319180,,2,0,20150907,,forma_tecnica_319180,N,,P2,20150731,20150828,20150904,,20171028,20180126,,,,,,,,,,,,,7,Y,2017-05-08 07:51:29.609639,,,
bpm,403995,,1,1,20190301,,forma_tecnica_403995,Y,,P1,20180619,20180717,20180724,,20151204,20160303,,,,,,,,,,,,,7,Y,2018-08-15 12:50:56.493723,,,
ubi,334095,,1,1,20170526,,forma_tecnica_334095,Y,,P1,20181208,20190105,20190112,,20161013,20170111,,,,,,,,,,,,,7,Y,2017-07-16 17:41:12.139093,,,
bpm,494454,,1,0,20171231,,forma_tecnica_494454,Y,,P2,20170218,20170318,20170325,,20180708,20181006,,,,,,,,,,,,,7,Y,2018-10-28 08:58:54.773325,,,
bancamarche,494454,,1,2,20180221,,forma_tecnica_494454,Y,,P2,20160108,20160205,20160212,,20160205,20160505,,,,,,,,,,,,,7,Y,2018-04-14 20:29:22.156424,,,
bpm,351199,,1,0,20190308,,forma_tecnica_351199,Y,,P1,20151008,20151105,20151112,,20170324,20170622,,,,,,,,,,,,,7,Y,2017-02-14 08:35:49.047434,,,
ubi,432906,,2,0,20180715,,forma_tecnica_432906,Y,,P2,20171121,20171219,20171226,,20170724,20171022,,,,,,,,,,,,,7,Y,2018-01-14 20:22:54.711295,,,
bpm,476314,,1,2,20170104,,forma_tecnica_476314,Y,,P1,20170630,20170728,20170804,,20160621,20160919,,,,,,,,,,,,,7,Y,2017-08-26 19:21:25.398933,,,
bpm,328429,,2,1,20180210,,forma_tecnica_328429,Y,,P1,20160519,20160616,20160623,,20190331,20190629,,,,,,,,,,,,,7,Y,2019-01-04 02:26:16.019821,,,
bancamarche,334095,,1,0,20150913,,forma_tecnica_334095,N,,P1,20161111,20161209,20161216,,20171203,20180303,,,,,,,,,,,,,7,Y,2016-10-04 07:53:14.031278,,,
bpm,287879,,1,0,20180907,,forma_tecnica_287879,Y,,P2,20170414,20170512,20170519,,20170807,20171105,,,,,,,,,,,,,7,Y,2017-09-26 17:25:53.061691,,,
bpm,295528,,1,2,20151020,,forma_tecnica_295528,N,,P1,20180805,20180902,20180909,,20181029,20190127,,,,,,,,,,,,,7,Y,2018-07-02 03:38:18.206025,,,
bancamarche,403995,,1,1,20160903,,forma_tecnica_403995,Y,,P2,20180730,20180827,20180903,,20190502,20190731,,,,,,,,,,,,,7,N,2015-10-15 02:39:00.930903,,,
bpm,319180,,1,1,20180622,,forma_tecnica_319180,Y,,P1,20180624,20180722,20180729,,20181128,20190226,,,,,,,,,,,,,7,N,2018-06-24 22:03:44.777660,,,
bancamarche,328429,,1,0,20180322,,forma_tecnica_328429,N,,P1,20180707,20180804,20180811,,20170124,20170424,,,,,,,,,,,,,7,N,2017-03-22 23:47:15.428013,,,
bpm,440905,,1,2,20171030,,forma_tecnica_440905,Y,,P1,20171115,20171213,20171220,,20160711,20161009,,,,,,,,,,,,,7,Y,2016-12-08 10:44:45.972044,,,
ubi,351199,,2,0,20190404,,forma_tecnica_351199,Y,,P1,20170511,20170608,20170615,,20190327,20190625,,,,,,,,,,,,,7,Y,2019-02-13 20:20:46.674705,,,
bpm,496737,,1,1,20151003,,forma_tecnica_496737,Y,,P2,20161025,20161122,20161129,,20180823,20181121,,,,,,,,,,,,,7,Y,2017-04-22 01:36:41.055902,,,
ubi,463259,,1,2,20161025,,forma_tecnica_463259,Y,,P2,20170903,20171001,20171008,,20170102,20170402,,,,,,,,,,,,,7,N,2015-09-21 10:12:21.452327,,,
bancamarche,504858,,1,0,20160502,,forma_tecnica_504858,Y,,P2,20170929,20171027,20171103,,20160718,20161016,,,,,,,,,,,,,7,Y,2016-02-09 03:13:44.402891,,,
bancamarche,463259,,1,0,20170315,,forma_tecnica_463259,Y,,P2,20171002,20171030,20171106,,20180111,20180411,,,,,,,,,,,,,7,Y,2018-06-13 11:49:29.481177,,,
ubi,502924,,1,0,20180211,,forma_tecnica_502924,Y,,P1,20180823,20180920,20180927,,20150703,20151001,,,,,,,,,,,,,7,Y,2018-06-13 03:13:19.474435,,,
bancamarche,319180,,1,0,20190518,,forma_tecnica_319180,N,,P2,20170226,20170326,20170402,,20160830,20161128,,,,,,,,,,,,,7,Y,2017-02-19 12:42:52.982816,,,
bancamarche,432906,,1,0,20180111,,forma_tecnica_432906,N,,P2,20190208,20190308,20190315,,20170507,20170805,,,,,,,,,,,,,7,N,2018-12-05 11:48:46.428588,,,
bpm,431531,,1,0,20160726,,forma_tecnica_431531,Y,,P2,20171227,20180124,20180131,,20160727,20161025,,,,,,,,,,,,,7,N,2017-08-25 10:07:31.088410,,,
bancamarche,478307,,2,1,20180615,,forma_tecnica_478307,N,,P1,20160223,20160322,20160329,,20160209,20160509,,,,,,,,,,,,,7,Y,2017-06-13 21:06:12.258477,,,
bancamarche,502924,,2,0,20170524,,forma_tecnica_502924,Y,,P2,20160303,20160331,20160407,,20160105,20160404,,,,,,,,,,,,,7,Y,2018-04-14 15:36:33.715237,,,
ubi,287879,,2,0,20170908,,forma_tecnica_287879,N,,P2,20160725,20160822,20160829,,20160827,20161125,,,,,,,,,,,,,7,Y,2017-02-09 15:05:17.206260,,,
bancamarche,494454,,2,1,20161231,,forma_tecnica_494454,Y,,P2,20170708,20170805,20170812,,20160213,20160513,,,,,,,,,,,,,7,Y,2017-05-03 19:41:01.804987,,,
bancamarche,502924,,1,0,20150624,,forma_tecnica_502924,N,,P1,20150606,20150704,20150711,,20181116,20190214,,,,,,,,,,,,,7,Y,2016-05-07 04:09:29.044589,,,
bancamarche,351199,,1,1,20180818,,forma_tecnica_351199,N,,P2,20151207,20160104,20160111,,20170816,20171114,,,,,,,,,,,,,7,Y,2016-12-20 12:49:59.809261,,,
bpm,351199,,1,1,20170818,,forma_tecnica_351199,Y,,P1,20170802,20170830,20170906,,20151130,20160228,,,,,,,,,,,,,7,N,2017-07-24 13:43:49.886892,,,
bancamarche,431531,,1,0,20180323,,forma_tecnica_431531,Y,,P1,20170812,20170909,20170916,,20150731,20151029,,,,,,,,,,,,,7,Y,2017-12-01 16:30:12.095396,,,
ubi,478307,,3,0,20150619,,forma_tecnica_478307,N,,P2,20180927,20181025,20181101,,20180104,20180404,,,,,,,,,,,,,7,Y,2015-06-12 10:59:44.363301,,,
bpm,478307,,1,2,20160121,,forma_tecnica_478307,Y,,P1,20170411,20170509,20170516,,20170602,20170831,,,,,,,,,,,,,7,Y,2016-04-19 23:51:52.133894,,,
bancamarche,440905,,1,2,20160126,,forma_tecnica_440905,N,,P1,20150918,20151016,20151023,,20170421,20170720,,,,,,,,,,,,,7,Y,2017-08-01 14:31:45.018492,,,
bpm,504858,,2,0,20170824,,forma_tecnica_504858,N,,P1,20171029,20171126,20171203,,20170704,20171002,,,,,,,,,,,,,7,Y,2015-11-09 03:11:26.551234,,,
ubi,284096,,1,1,20160513,,forma_tecnica_284096,Y,,P2,20161114,20161212,20161219,,20180404,20180703,,,,,,,,,,,,,7,Y,2018-06-27 01:47:00.533424,,,
bpm,334095,,1,2,20181015,,forma_tecnica_334095,Y,,P1,20171111,20171209,20171216,,20190205,20190506,,,,,,,,,,,,,7,N,2018-01-08 11:27:22.111606,,,
bpm,504858,,3,0,20150804,,forma_tecnica_504858,Y,,P2,20170216,20170316,20170323,,20190209,20190510,,,,,,,,,,,,,7,Y,2016-08-28 17:37:49.622017,,,
ubi,334095,,1,0,20151016,,forma_tecnica_334095,Y,,P1,20151203,20151231,20160107,,20170708,20171006,,,,,,,,,,,,,7,Y,2019-04-05 13:24:32.533861,,,
ubi,431531,,1,0,20171010,,forma_tecnica_431531,Y,,P2,20170509,20170606,20170613,,20180427,20180726,,,,,,,,,,,,,7,Y,2017-10-30 09:10:31.715720,,,
ubi,284096,,1,0,20181230,,forma_tecnica_284096,N,,P2,20160117,20160214,20160221,,20160811,20161109,,,,,,,,,,,,,7,Y,2017-10-28 23:36:37.863574,,,
ubi,496737,,1,0,20160308,,forma_tecnica_496737,N,,P2,20160413,20160511,20160518,,20150618,20150916,,,,,,,,,,,,,7,N,2017-06-20 08:52:43.070729,,,
bpm,496737,,2,0,20180825,,forma_tecnica_496737,N,,P2,20181026,20181123,20181130,,20180308,20180606,,,,,,,,,,,,,7,Y,2017-10-26 01:23:03.923851,,,
ubi,440905,,3,2,20160922,,forma_tecnica_440905,N,,P1,20151110,20151208,20151215,,20171229,20180329,,,,,,,,,,,,,7,N,2017-09-19 15:35:01.967435,,,
ubi,440905,,1,0,20170702,,forma_tecnica_440905,N,,P2,20150611,20150709,20150716,,20190521,20190819,,,,,,,,,,,,,7,Y,2015-10-29 17:29:28.237849,,,
bpm,478307,,1,2,20170115,,forma_tecnica_478307,N,,P2,20160620,20160718,20160725,,20170914,20171213,,,,,,,,,,,,,7,Y,2017-01-24 14:48:45.712116,,,
bpm,432906,,1,1,20180925,,forma_tecnica_432906,Y,,P1,20181227,20190124,20190131,,20150623,20150921,,,,,,,,,,,,,7,Y,2018-06-19 08:37:46.778216,,,
ubi,328429,,1,0,20180511,,forma_tecnica_328429,N,,P2,20160602,20160630,20160707,,20170819,20171117,,,,,,,,,,,,,7,Y,2017-01-06 18:32:41.278281,,,
bpm,403995,,2,1,20171210,,forma_tecnica_403995,N,,P1,20170303,20170331,20170407,,20151018,20160116,,,,,,,,,,,,,7,N,2018-02-02 08:12:31.595947,,,
bancamarche,463259,,2,1,20170703,,forma_tecnica_463259,Y,,P2,20180324,20180421,20180428,,20160229,20160529,,,,,,,,,,,,,7,N,2017-09-20 11:26:12.210507,,,
ubi,328429,,1,0,20170113,,forma_tecnica_328429,N,,P2,20150822,20150919,20150926,,20180827,20181125,,,,,,,,,,,,,7,Y,2016-11-13 18:12:23.316522,,,
ubi,486194,,1,0,20160415,,forma_tecnica_486194,N,,P2,20160419,20160517,20160524,,20180104,20180404,,,,,,,,,,,,,7,Y,2015-06-10 04:20:26.958734,,,
ubi,431531,,1,0,20171124,,forma_tecnica_431531,N,,P2,20161031,20161128,20161205,,20160125,20160424,,,,,,,,,,,,,7,N,2017-02-18 12:03:48.509037,,,
bpm,334095,,1,2,20181217,,forma_tecnica_334095,Y,,P1,20180521,20180618,20180625,,20180712,20181010,,,,,,,,,,,,,7,Y,2019-05-27 23:48:05.496671,,,
ubi,334095,,3,1,20170107,,forma_tecnica_334095,N,,P2,20150616,20150714,20150721,,20181129,20190227,,,,,,,,,,,,,7,Y,2018-08-13 01:49:33.228969,,,
bancamarche,440905,,2,0,20180207,,forma_tecnica_440905,N,,P1,20160412,20160510,20160517,,20170107,20170407,,,,,,,,,,,,,7,N,2017-06-30 07:32:36.471978,,,
ubi,403995,,2,0,20170325,,forma_tecnica_403995,Y,,P2,20170416,20170514,20170521,,20151022,20160120,,,,,,,,,,,,,7,N,2015-10-08 14:20:59.397703,,,
bpm,494454,,2,2,20150626,,forma_tecnica_494454,N,,P2,20170817,20170914,20170921,,20151112,20160210,,,,,,,,,,,,,7,Y,2017-10-08 00:10:15.719535,,,
ubi,328429,,3,0,20171030,,forma_tecnica_328429,N,,P2,20151110,20151208,20151215,,20181119,20190217,,,,,,,,,,,,,7,N,2017-08-14 09:56:38.640328,,,
ubi,496737,,2,0,20151226,,forma_tecnica_496737,N,,P2,20170424,20170522,20170529,,20160315,20160613,,,,,,,,,,,,,7,Y,2019-04-21 22:16:24.646876,,,
bancamarche,504858,,2,1,20190319,,forma_tecnica_504858,N,,P1,20151207,20160104,20160111,,20160130,20160429,,,,,,,,,,,,,7,Y,2015-08-31 20:23:05.814854,,,
ubi,319180,,2,0,20160901,,forma_tecnica_319180,N,,P2,20150612,20150710,20150717,,20151123,20160221,,,,,,,,,,,,,7,Y,2015-11-26 22:43:19.810007,,,
ubi,351199,,2,2,20170325,,forma_tecnica_351199,N,,P2,20160322,20160419,20160426,,20160415,20160714,,,,,,,,,,,,,7,N,2018-01-18 07:48:54.388070,,,
bancamarche,502924,,1,0,20150601,,forma_tecnica_502924,Y,,P1,20190312,20190409,20190416,,20181212,20190312,,,,,,,,,,,,,7,Y,2016-03-31 04:36:58.306917,,,
bpm,431531,,1,0,20170920,,forma_tecnica_431531,N,,P2,20150919,20151017,20151024,,20170628,20170926,,,,,,,,,,,,,7,Y,2019-01-19 23:39:17.171476,,,
bancamarche,284096,,3,1,20190507,,forma_tecnica_284096,Y,,P2,20170408,20170506,20170513,,20170224,20170525,,,,,,,,,,,,,7,N,2016-04-05 06:50:21.939388,,,
bpm,463259,,2,0,20160604,,forma_tecnica_463259,N,,P2,20161121,20161219,20161226,,20181204,20190304,,,,,,,,,,,,,7,Y,2016-08-05 01:33:18.669105,,,
ubi,328429,,1,2,20170213,,forma_tecnica_328429,Y,,P2,20180429,20180527,20180603,,20151123,20160221,,,,,,,,,,,,,7,Y,2017-04-26 16:29:11.857240,,,
ubi,351199,,1,1,20181115,,forma_tecnica_351199,N,,P2,20161129,20161227,20170103,,20190321,20190619,,,,,,,,,,,,,7,Y,2015-06-07 11:27:39.460315,,,
ubi,319180,,3,0,20161029,,forma_tecnica_319180,N,,P2,20181201,20181229,20190105,,20160228,20160528,,,,,,,,,,,,,7,Y,2018-04-23 00:36:39.290323,,,
bpm,432906,,2,2,20151116,,forma_tecnica_432906,N,,P2,20180727,20180824,20180831,,20181109,20190207,,,,,,,,,,,,,7,Y,2018-11-12 02:30:34.000268,,,
ubi,319180,,2,1,20161108,,forma_tecnica_319180,Y,,P2,20170211,20170311,20170318,,20190405,20190704,,,,,,,,,,,,,7,Y,2018-05-15 10:12:25.425483,,,
ubi,463259,,3,2,20180305,,forma_tecnica_463259,Y,,P2,20170504,20170601,20170608,,20170824,20171122,,,,,,,,,,,,,7,Y,2017-12-03 04:41:14.143758,,,
ubi,463259,,2,2,20170517,,forma_tecnica_463259,Y,,P2,20190313,20190410,20190417,,20181102,20190131,,,,,,,,,,,,,7,Y,2018-10-29 00:02:00.425672,,,
ubi,319180,,2,1,20180331,,forma_tecnica_319180,N,,P1,20160123,20160220,20160227,,20180428,20180727,,,,,,,,,,,,,7,Y,2017-10-28 10:59:55.295789,,,
ubi,284096,,1,1,20160520,,forma_tecnica_284096,Y,,P2,20181111,20181209,20181216,,20161219,20170319,,,,,,,,,,,,,7,Y,2018-11-09 01:59:29.618485,,,
bpm,502924,,1,0,20160219,,forma_tecnica_502924,Y,,P2,20171217,20180114,20180121,,20180610,20180908,,,,,,,,,,,,,7,N,2017-10-27 15:50:29.199612,,,
bancamarche,431531,,1,0,20180221,,forma_tecnica_431531,N,,P1,20190129,20190226,20190305,,20180703,20181001,,,,,,,,,,,,,7,N,2017-01-12 21:40:50.605563,,,
ubi,504858,,1,0,20190331,,forma_tecnica_504858,N,,P1,20180709,20180806,20180813,,20161209,20170309,,,,,,,,,,,,,7,Y,2017-05-31 09:08:26.128395,,,
bancamarche,432906,,1,0,20160507,,forma_tecnica_432906,Y,,P1,20190314,20190411,20190418,,20151210,20160309,,,,,,,,,,,,,7,Y,2015-11-24 04:58:37.266885,,,
ubi,351199,,1,0,20161204,,forma_tecnica_351199,N,,P2,20160210,20160309,20160316,,20151123,20160221,,,,,,,,,,,,,7,Y,2015-08-31 00:03:33.455233,,,
ubi,319180,,1,0,20150921,,forma_tecnica_319180,N,,P1,20180911,20181009,20181016,,20170907,20171206,,,,,,,,,,,,,7,Y,2015-09-23 19:07:42.280832,,,
ubi,319180,,1,0,20171201,,forma_tecnica_319180,N,,P2,20170326,20170423,20170430,,20170825,20171123,,,,,,,,,,,,,7,Y,2017-01-30 23:26:18.934474,,,
ubi,463259,,1,0,20161129,,forma_tecnica_463259,N,,P1,20160320,20160417,20160424,,20160813,20161111,,,,,,,,,,,,,7,Y,2018-11-11 02:11:41.404191,,,
ubi,504858,,1,0,20180621,,forma_tecnica_504858,Y,,P2,20151112,20151210,20151217,,20151002,20151231,,,,,,,,,,,,,7,Y,2016-09-03 12:04:55.028754,,,
ubi,496737,,3,2,20160422,,forma_tecnica_496737,N,,P2,20150620,20150718,20150725,,20160409,20160708,,,,,,,,,,,,,7,Y,2018-10-25 01:17:12.136945,,,
bpm,496737,,2,0,20160719,,forma_tecnica_496737,N,,P2,20160921,20161019,20161026,,20170225,20170526,,,,,,,,,,,,,7,Y,2016-02-14 16:31:54.957524,,,
bancamarche,496737,,2,0,20190429,,forma_tecnica_496737,N,,P1,20180427,20180525,20180601,,20180127,20180427,,,,,,,,,,,,,7,Y,2018-12-23 23:47:51.472440,,,
bpm,496737,,1,0,20160528,,forma_tecnica_496737,N,,P2,20190210,20190310,20190317,,20150716,20151014,,,,,,,,,,,,,7,N,2015-11-11 11:17:25.198789,,,
ubi,432906,,1,1,20150715,,forma_tecnica_432906,Y,,P1,20160411,20160509,20160516,,20150621,20150919,,,,,,,,,,,,,7,Y,2016-06-04 19:03:30.027401,,,
bpm,440905,,2,0,20190503,,forma_tecnica_440905,Y,,P2,20181203,20181231,20190107,,20170424,20170723,,,,,,,,,,,,,7,Y,2016-06-07 11:38:23.600291,,,
bpm,478307,,2,0,20160103,,forma_tecnica_478307,Y,,P1,20180301,20180329,20180405,,20180512,20180810,,,,,,,,,,,,,7,N,2018-08-10 05:39:27.619042,,,
bancamarche,432906,,2,0,20180312,,forma_tecnica_432906,Y,,P1,20190105,20190202,20190209,,20170310,20170608,,,,,,,,,,,,,7,Y,2015-08-17 21:00:04.953111,,,
bancamarche,496737,,2,1,20190324,,forma_tecnica_496737,N,,P1,20181020,20181117,20181124,,20190409,20190708,,,,,,,,,,,,,7,N,2017-04-14 03:22:57.507378,,,
ubi,486194,,2,0,20170803,,forma_tecnica_486194,Y,,P2,20160809,20160906,20160913,,20160125,20160424,,,,,,,,,,,,,7,Y,2019-04-28 08:11:13.721756,,,
ubi,476314,,2,1,20171031,,forma_tecnica_476314,Y,,P2,20180427,20180525,20180601,,20160429,20160728,,,,,,,,,,,,,7,Y,2016-01-14 05:27:09.003665,,,
ubi,431531,,2,0,20180206,,forma_tecnica_431531,Y,,P1,20170120,20170217,20170224,,20180927,20181226,,,,,,,,,,,,,7,N,2018-03-15 04:23:11.799726,,,
ubi,496737,,1,2,20170211,,forma_tecnica_496737,Y,,P1,20181224,20190121,20190128,,20161231,20170331,,,,,,,,,,,,,7,Y,2019-05-09 03:32:36.301087,,,
bpm,403995,,1,0,20150824,,forma_tecnica_403995,N,,P1,20181111,20181209,20181216,,20150830,20151128,,,,,,,,,,,,,7,Y,2017-02-07 21:08:40.010057,,,
bancamarche,403995,,1,0,20161209,,forma_tecnica_403995,N,,P1,20160823,20160920,20160927,,20170413,20170712,,,,,,,,,,,,,7,Y,2019-01-09 06:07:41.899692,,,
bpm,431531,,3,1,20180801,,forma_tecnica_431531,N,,P1,20190306,20190403,20190410,,20180404,20180703,,,,,,,,,,,,,7,Y,2015-10-18 09:28:23.426685,,,
bancamarche,478307,,1,0,20150613,,forma_tecnica_478307,Y,,P2,20171102,20171130,20171207,,20161112,20170210,,,,,,,,,,,,,7,Y,2017-03-10 01:46:21.466379,,,
bancamarche,476314,,1,2,20170721,,forma_tecnica_476314,N,,P2,20180604,20180702,20180709,,20151009,20160107,,,,,,,,,,,,,7,Y,2016-04-17 18:14:41.674294,,,
bpm,334095,,1,0,20181102,,forma_tecnica_334095,N,,P2,20170421,20170519,20170526,,20151210,20160309,,,,,,,,,,,,,7,N,2018-05-30 15:36:01.807558,,,
bancamarche,494454,,1,0,20180928,,forma_tecnica_494454,Y,,P2,20150726,20150823,20150830,,20170827,20171125,,,,,,,,,,,,,7,Y,2015-07-08 21:59:45.783960,,,
bancamarche,287879,,1,2,20160823,,forma_tecnica_287879,Y,,P1,20180425,20180523,20180530,,20170501,20170730,,,,,,,,,,,,,7,Y,2017-06-25 00:55:19.130057,,,
bancamarche,463259,,2,0,20180413,,forma_tecnica_463259,N,,P2,20190301,20190329,20190405,,20160324,20160622,,,,,,,,,,,,,7,N,2018-08-16 02:26:18.442467,,,
ubi,463259,,2,0,20180710,,forma_tecnica_463259,N,,P2,20161022,20161119,20161126,,20170709,20171007,,,,,,,,,,,,,7,Y,2019-02-17 16:12:26.916792,,,
ubi,502924,,1,0,20160804,,forma_tecnica_502924,Y,,P2,20150714,20150811,20150818,,20160517,20160815,,,,,,,,,,,,,7,Y,2018-11-07 03:19:59.013389,,,
ubi,502924,,2,0,20160522,,forma_tecnica_502924,Y,,P1,20160919,20161017,20161024,,20160310,20160608,,,,,,,,,,,,,7,Y,2017-06-04 21:38:34.012350,,,
ubi,502924,,2,0,20160330,,forma_tecnica_502924,Y,,P2,20171208,20180105,20180112,,20170531,20170829,,,,,,,,,,,,,7,Y,2015-09-12 16:25:50.841138,,,
bpm,478307,,1,0,20150905,,forma_tecnica_478307,N,,P1,20170807,20170904,20170911,,20190518,20190816,,,,,,,,,,,,,7,N,2019-01-10 11:15:18.051317,,,
bancamarche,494454,,2,2,20151009,,forma_tecnica_494454,Y,,P2,20151122,20151220,20151227,,20150817,20151115,,,,,,,,,,,,,7,N,2016-06-27 23:59:52.765392,,,
bpm,351199,,2,1,20180228,,forma_tecnica_351199,Y,,P1,20160305,20160402,20160409,,20161217,20170317,,,,,,,,,,,,,7,Y,2017-05-13 04:53:21.783935,,,
bpm,478307,,1,0,20180520,,forma_tecnica_478307,N,,P2,20160125,20160222,20160229,,20160709,20161007,,,,,,,,,,,,,7,Y,2016-08-13 23:36:14.688186,,,
ubi,463259,,2,0,20160605,,forma_tecnica_463259,Y,,P2,20180919,20181017,20181024,,20190218,20190519,,,,,,,,,,,,,7,Y,2016-03-26 11:43:13.736468,,,
bancamarche,295528,,1,0,20180305,,forma_tecnica_295528,N,,P1,20190528,20190625,20190702,,20170924,20171223,,,,,,,,,,,,,7,Y,2017-03-29 11:19:30.597298,,,
ubi,351199,,1,2,20161215,,forma_tecnica_351199,N,,P1,20180519,20180616,20180623,,20180307,20180605,,,,,,,,,,,,,7,N,2017-03-16 00:15:54.516816,,,
bpm,502924,,2,0,20171021,,forma_tecnica_502924,N,,P2,20160912,20161010,20161017,,20150924,20151223,,,,,,,,,,,,,7,Y,2015-09-05 05:36:36.497528,,,
bpm,496737,,1,0,20160319,,forma_tecnica_496737,N,,P1,20180816,20180913,20180920,,20171231,20180331,,,,,,,,,,,,,7,Y,2017-10-22 08:29:36.066339,,,
bpm,504858,,1,2,20150611,,forma_tecnica_504858,Y,,P2,20171116,20171214,20171221,,20170102,20170402,,,,,,,,,,,,,7,Y,2017-03-12 09:28:03.725104,,,
bpm,319180,,1,0,20190324,,forma_tecnica_319180,N,,P1,20180705,20180802,20180809,,20190421,20190720,,,,,,,,,,,,,7,Y,2017-12-10 12:41:37.510959,,,
bancamarche,440905,,1,0,20190526,,forma_tecnica_440905,N,,P2,20160725,20160822,20160829,,20180222,20180523,,,,,,,,,,,,,7,Y,2017-04-26 04:57:28.002270,,,
bancamarche,494454,,1,0,20180811,,forma_tecnica_494454,Y,,P2,20181026,20181123,20181130,,20170730,20171028,,,,,,,,,,,,,7,N,2018-04-18 19:43:41.064667,,,
bpm,295528,,1,1,20170808,,forma_tecnica_295528,N,,P2,20170402,20170430,20170507,,20170701,20170929,,,,,,,,,,,,,7,N,2016-06-11 21:13:26.642014,,,
ubi,328429,,1,0,20190131,,forma_tecnica_328429,Y,,P2,20181010,20181107,20181114,,20151002,20151231,,,,,,,,,,,,,7,N,2018-09-04 21:52:09.844966,,,
bancamarche,319180,,2,1,20170316,,forma_tecnica_319180,N,,P1,20161119,20161217,20161224,,20160602,20160831,,,,,,,,,,,,,7,Y,2018-08-31 09:33:02.690929,,,
bpm,502924,,1,1,20180421,,forma_tecnica_502924,Y,,P1,20150912,20151010,20151017,,20180930,20181229,,,,,,,,,,,,,7,Y,2015-10-10 20:26:27.581390,,,
ubi,319180,,3,0,20180924,,forma_tecnica_319180,N,,P2,20170825,20170922,20170929,,20160707,20161005,,,,,,,,,,,,,7,Y,2016-05-20 08:08:44.758627,,,
bpm,494454,,2,0,20160202,,forma_tecnica_494454,N,,P1,20180804,20180901,20180908,,20180830,20181128,,,,,,,,,,,,,7,N,2018-09-29 01:20:16.368420,,,
bancamarche,478307,,1,0,20171225,,forma_tecnica_478307,N,,P2,20160725,20160822,20160829,,20190311,20190609,,,,,,,,,,,,,7,Y,2017-12-01 01:53:30.065430,,,
bpm,502924,,1,0,20160603,,forma_tecnica_502924,N,,P2,20170703,20170731,20170807,,20161220,20170320,,,,,,,,,,,,,7,Y,2017-05-04 12:42:28.408313,,,
bancamarche,328429,,1,0,20151018,,forma_tecnica_328429,N,,P2,20181014,20181111,20181118,,20181015,20190113,,,,,,,,,,,,,7,Y,2016-10-27 18:27:02.414173,,,
bpm,486194,,1,0,20170514,,forma_tecnica_486194,Y,,P1,20150901,20150929,20151006,,20151115,20160213,,,,,,,,,,,,,7,Y,2016-06-28 04:40:30.941686,,,
ubi,440905,,1,0,20180509,,forma_tecnica_440905,Y,,P1,20170119,20170216,20170223,,20171113,20180211,,,,,,,,,,,,,7,Y,2018-09-04 15:49:51.583321,,,
ubi,334095,,1,0,20151219,,forma_tecnica_334095,Y,,P1,20170718,20170815,20170822,,20161106,20170204,,,,,,,,,,,,,7,Y,2017-10-17 09:16:22.515552,,,
bpm,504858,,1,0,20180606,,forma_tecnica_504858,Y,,P2,20180303,20180331,20180407,,20161208,20170308,,,,,,,,,,,,,7,Y,2018-09-08 03:45:08.667649,,,
ubi,496737,,1,0,20160301,,forma_tecnica_496737,N,,P2,20181105,20181203,20181210,,20151223,20160322,,,,,,,,,,,,,7,Y,2018-04-24 18:48:22.953455,,,
bpm,463259,,1,0,20170907,,forma_tecnica_463259,N,,P2,20190423,20190521,20190528,,20180916,20181215,,,,,,,,,,,,,7,Y,2019-01-23 08:01:27.828045,,,
ubi,440905,,1,0,20170330,,forma_tecnica_440905,N,,P1,20171222,20180119,20180126,,20180908,20181207,,,,,,,,,,,,,7,Y,2016-09-15 03:59:25.608650,,,
bpm,328429,,1,0,20160914,,forma_tecnica_328429,N,,P2,20180902,20180930,20181007,,20171103,20180201,,,,,,,,,,,,,7,Y,2019-02-13 05:51:52.376593,,,
bancamarche,295528,,1,0,20160510,,forma_tecnica_295528,Y,,P2,20170724,20170821,20170828,,20170808,20171106,,,,,,,,,,,,,7,N,2016-11-04 06:05:37.968126,,,
bpm,328429,,1,1,20171102,,forma_tecnica_328429,N,,P2,20170122,20170219,20170226,,20171201,20180301,,,,,,,,,,,,,7,N,2019-01-05 10:52:18.609032,,,
ubi,466851,,2,2,20180613,,forma_tecnica_466851,Y,,P1,20160212,20160311,20160318,,20171025,20180123,,,,,,,,,,,,,7,N,2018-08-25 13:34:43.807849,,,
bpm,496737,,2,2,20160513,,forma_tecnica_496737,N,,P2,20170501,20170529,20170605,,20151129,20160227,,,,,,,,,,,,,7,N,2018-11-02 11:36:35.806949,,,
bpm,328429,,1,1,20160216,,forma_tecnica_328429,Y,,P1,20170505,20170602,20170609,,20161119,20170217,,,,,,,,,,,,,7,N,2016-07-07 14:04:33.045618,,,
bpm,319180,,2,1,20160424,,forma_tecnica_319180,N,,P2,20160623,20160721,20160728,,20150704,20151002,,,,,,,,,,,,,7,Y,2018-12-23 14:53:59.382832,,,
ubi,328429,,3,0,20180317,,forma_tecnica_328429,N,,P2,20180316,20180413,20180420,,20161010,20170108,,,,,,,,,,,,,7,Y,2017-04-15 22:55:29.724049,,,
bpm,502924,,3,2,20160408,,forma_tecnica_502924,N,,P2,20160405,20160503,20160510,,20170606,20170904,,,,,,,,,,,,,7,Y,2018-10-30 21:06:30.056484,,,
bpm,403995,,1,0,20170919,,forma_tecnica_403995,Y,,P1,20180713,20180810,20180817,,20150718,20151016,,,,,,,,,,,,,7,Y,2017-01-29 18:14:57.330209,,,
bpm,328429,,1,0,20150722,,forma_tecnica_328429,Y,,P2,20190223,20190323,20190330,,20160523,20160821,,,,,,,,,,,,,7,Y,2016-03-04 12:52:06.488047,,,
ubi,463259,,2,0,20181110,,forma_tecnica_463259,Y,,P2,20181025,20181122,20181129,,20170301,20170530,,,,,,,,,,,,,7,Y,2018-07-10 04:30:51.868435,,,
bancamarche,476314,,1,2,20170918,,forma_tecnica_476314,N,,P1,20180921,20181019,20181026,,20181102,20190131,,,,,,,,,,,,,7,N,2017-02-15 07:28:25.217133,,,
bpm,463259,,1,0,20150912,,forma_tecnica_463259,N,,P2,20160615,20160713,20160720,,20160729,20161027,,,,,,,,,,,,,7,N,2015-11-04 13:55:03.738188,,,
bancamarche,284096,,2,0,20160114,,forma_tecnica_284096,Y,,P2,20170721,20170818,20170825,,20171227,20180327,,,,,,,,,,,,,7,Y,2018-08-29 01:39:38.730158,,,
ubi,351199,,2,0,20161028,,forma_tecnica_351199,N,,P2,20190403,20190501,20190508,,20150802,20151031,,,,,,,,,,,,,7,N,2015-07-20 09:29:42.255099,,,
bpm,463259,,1,0,20160319,,forma_tecnica_463259,N,,P1,20170809,20170906,20170913,,20150906,20151205,,,,,,,,,,,,,7,Y,2015-06-12 16:49:56.201476,,,
bpm,440905,,1,2,20150918,,forma_tecnica_440905,N,,P2,20171026,20171123,20171130,,20151011,20160109,,,,,,,,,,,,,7,Y,2017-10-13 09:51:40.836303,,,
ubi,476314,,2,0,20171128,,forma_tecnica_476314,Y,,P1,20171029,20171126,20171203,,20180804,20181102,,,,,,,,,,,,,7,N,2017-02-14 07:23:03.374447,,,
bancamarche,287879,,1,0,20161222,,forma_tecnica_287879,Y,,P1,20180907,20181005,20181012,,20170220,20170521,,,,,,,,,,,,,7,Y,2018-08-15 04:10:03.404141,,,
ubi,466851,,1,0,20180907,,forma_tecnica_466851,N,,P1,20181117,20181215,20181222,,20190512,20190810,,,,,,,,,,,,,7,Y,2019-05-07 03:19:53.565189,,,
bpm,496737,,2,0,20160916,,forma_tecnica_496737,N,,P2,20180531,20180628,20180705,,20160415,20160714,,,,,,,,,,,,,7,Y,2017-01-31 20:59:56.896787,,,
ubi,328429,,2,1,20160330,,forma_tecnica_328429,Y,,P2,20160111,20160208,20160215,,20190326,20190624,,,,,,,,,,,,,7,Y,2016-02-22 02:12:25.482881,,,
bpm,284096,,1,0,20151104,,forma_tecnica_284096,Y,,P2,20190120,20190217,20190224,,20180327,20180625,,,,,,,,,,,,,7,Y,2015-11-25 17:38:13.099696,,,
ubi,486194,,1,0,20170619,,forma_tecnica_486194,Y,,P1,20150814,20150911,20150918,,20180827,20181125,,,,,,,,,,,,,7,Y,2016-12-04 22:34:27.883146,,,
bancamarche,478307,,2,0,20160919,,forma_tecnica_478307,Y,,P1,20190107,20190204,20190211,,20170128,20170428,,,,,,,,,,,,,7,Y,2017-06-07 04:13:59.564864,,,
bancamarche,319180,,1,1,20150915,,forma_tecnica_319180,N,,P2,20190307,20190404,20190411,,20170916,20171215,,,,,,,,,,,,,7,Y,2015-06-06 15:48:37.857193,,,
bpm,504858,,1,0,20180208,,forma_tecnica_504858,N,,P2,20160919,20161017,20161024,,20180210,20180511,,,,,,,,,,,,,7,N,2019-03-07 00:06:15.331271,,,
bancamarche,494454,,1,0,20170723,,forma_tecnica_494454,N,,P1,20170608,20170706,20170713,,20180621,20180919,,,,,,,,,,,,,7,Y,2017-01-30 19:15:34.296074,,,
ubi,319180,,1,0,20181225,,forma_tecnica_319180,N,,P1,20181112,20181210,20181217,,20170204,20170505,,,,,,,,,,,,,7,Y,2018-02-02 14:51:39.577914,,,
ubi,502924,,2,1,20190216,,forma_tecnica_502924,N,,P2,20181026,20181123,20181130,,20160407,20160706,,,,,,,,,,,,,7,Y,2017-04-14 23:21:25.463784,,,
bpm,295528,,1,1,20190424,,forma_tecnica_295528,N,,P1,20160220,20160319,20160326,,20160131,20160430,,,,,,,,,,,,,7,N,2016-10-08 06:07:57.417943,,,
bancamarche,440905,,3,1,20170909,,forma_tecnica_440905,Y,,P2,20151222,20160119,20160126,,20151202,20160301,,,,,,,,,,,,,7,Y,2016-08-15 10:58:48.289839,,,
bpm,440905,,2,0,20171002,,forma_tecnica_440905,N,,P1,20151010,20151107,20151114,,20190313,20190611,,,,,,,,,,,,,7,Y,2015-06-05 06:08:03.570796,,,
bancamarche,502924,,1,2,20160807,,forma_tecnica_502924,Y,,P2,20150711,20150808,20150815,,20170312,20170610,,,,,,,,,,,,,7,N,2018-12-15 02:58:54.635482,,,
bpm,486194,,1,0,20160208,,forma_tecnica_486194,N,,P1,20180430,20180528,20180604,,20151112,20160210,,,,,,,,,,,,,7,Y,2016-05-02 00:37:10.846472,,,
ubi,496737,,1,0,20160325,,forma_tecnica_496737,Y,,P2,20190512,20190609,20190616,,20190131,20190501,,,,,,,,,,,,,7,Y,2019-03-09 19:40:04.984157,,,
bpm,496737,,2,0,20170708,,forma_tecnica_496737,Y,,P2,20180202,20180302,20180309,,20180327,20180625,,,,,,,,,,,,,7,Y,2018-01-30 04:27:35.928875,,,
ubi,351199,,1,0,20160229,,forma_tecnica_351199,N,,P2,20151210,20160107,20160114,,20170326,20170624,,,,,,,,,,,,,7,Y,2015-10-20 03:47:55.404310,,,
bpm,284096,,2,0,20180823,,forma_tecnica_284096,Y,,P1,20161101,20161129,20161206,,20161116,20170214,,,,,,,,,,,,,7,Y,2015-12-23 18:35:21.300671,,,
bancamarche,494454,,3,0,20151120,,forma_tecnica_494454,Y,,P2,20170802,20170830,20170906,,20171015,20180113,,,,,,,,,,,,,7,Y,2018-04-22 22:33:37.955122,,,
ubi,319180,,2,0,20160303,,forma_tecnica_319180,Y,,P2,20181014,20181111,20181118,,20171012,20180110,,,,,,,,,,,,,7,Y,2016-06-28 00:54:39.398529,,,
bpm,440905,,1,0,20180810,,forma_tecnica_440905,N,,P2,20180204,20180304,20180311,,20190316,20190614,,,,,,,,,,,,,7,Y,2018-08-13 12:46:53.084548,,,
ubi,287879,,2,2,20190309,,forma_tecnica_287879,Y,,P1,20150721,20150818,20150825,,20161203,20170303,,,,,,,,,,,,,7,N,2017-06-24 17:00:24.136026,,,
bpm,440905,,2,2,20150805,,forma_tecnica_440905,Y,,P2,20160907,20161005,20161012,,20190307,20190605,,,,,,,,,,,,,7,Y,2016-02-17 19:04:55.155386,,,
bancamarche,328429,,1,0,20180407,,forma_tecnica_328429,Y,,P2,20160209,20160308,20160315,,20150626,20150924,,,,,,,,,,,,,7,Y,2017-07-21 22:51:58.681132,,,
ubi,502924,,1,1,20160318,,forma_tecnica_502924,Y,,P2,20180607,20180705,20180712,,20160210,20160510,,,,,,,,,,,,,7,Y,2016-12-24 12:30:25.589180,,,
ubi,431531,,2,1,20170628,,forma_tecnica_431531,N,,P1,20181017,20181114,20181121,,20160608,20160906,,,,,,,,,,,,,7,N,2018-03-10 22:35:47.474687,,,
bpm,351199,,2,2,20170412,,forma_tecnica_351199,N,,P1,20150909,20151007,20151014,,20190109,20190409,,,,,,,,,,,,,7,Y,2015-11-09 05:58:34.601411,,,
ubi,496737,,1,0,20190214,,forma_tecnica_496737,Y,,P1,20181121,20181219,20181226,,20190104,20190404,,,,,,,,,,,,,7,N,2018-04-18 10:21:58.600572,,,
bancamarche,284096,,1,1,20150925,,forma_tecnica_284096,N,,P1,20160323,20160420,20160427,,20160923,20161222,,,,,,,,,,,,,7,Y,2017-06-18 13:26:25.168033,,,
bpm,502924,,3,2,20190210,,forma_tecnica_502924,Y,,P1,20151030,20151127,20151204,,20180807,20181105,,,,,,,,,,,,,7,Y,2015-10-16 15:58:19.520148,,,
bpm,431531,,1,1,20161101,,forma_tecnica_431531,N,,P2,20190402,20190430,20190507,,20160203,20160503,,,,,,,,,,,,,7,Y,2016-01-21 03:29:09.035587,,,
bpm,319180,,2,1,20160131,,forma_tecnica_319180,Y,,P2,20170430,20170528,20170604,,20150608,20150906,,,,,,,,,,,,,7,Y,2017-03-16 23:22:25.338168,,,
bpm,463259,,2,0,20190419,,forma_tecnica_463259,Y,,P2,20170531,20170628,20170705,,20161230,20170330,,,,,,,,,,,,,7,N,2018-06-10 17:10:42.120261,,,
ubi,403995,,1,2,20170320,,forma_tecnica_403995,N,,P2,20160523,20160620,20160627,,20170330,20170628,,,,,,,,,,,,,7,N,2017-08-01 19:42:31.697790,,,
bancamarche,476314,,1,1,20171119,,forma_tecnica_476314,Y,,P1,20190102,20190130,20190206,,20160727,20161025,,,,,,,,,,,,,7,Y,2017-04-04 07:45:34.300102,,,
ubi,319180,,2,2,20170409,,forma_tecnica_319180,Y,,P1,20190208,20190308,20190315,,20180608,20180906,,,,,,,,,,,,,7,Y,2017-01-12 17:52:16.892741,,,
ubi,463259,,1,0,20171227,,forma_tecnica_463259,Y,,P2,20190527,20190624,20190701,,20150907,20151206,,,,,,,,,,,,,7,Y,2017-05-18 23:48:46.774833,,,
bancamarche,403995,,1,0,20180527,,forma_tecnica_403995,Y,,P1,20180608,20180706,20180713,,20170822,20171120,,,,,,,,,,,,,7,N,2017-03-10 23:36:20.409757,,,
bancamarche,284096,,1,0,20170929,,forma_tecnica_284096,Y,,P1,20160821,20160918,20160925,,20160205,20160505,,,,,,,,,,,,,7,Y,2016-08-06 13:03:15.582354,,,
ubi,432906,,1,0,20160522,,forma_tecnica_432906,Y,,P1,20151025,20151122,20151129,,20151219,20160318,,,,,,,,,,,,,7,Y,2019-05-07 08:28:06.071622,,,
bpm,328429,,2,0,20180904,,forma_tecnica_328429,Y,,P1,20161119,20161217,20161224,,20170915,20171214,,,,,,,,,,,,,7,Y,2016-05-09 05:15:01.558565,,,
ubi,431531,,1,2,20180111,,forma_tecnica_431531,N,,P1,20160315,20160412,20160419,,20190116,20190416,,,,,,,,,,,,,7,Y,2017-02-26 21:00:10.848507,,,
bancamarche,295528,,2,0,20170806,,forma_tecnica_295528,N,,P2,20151223,20160120,20160127,,20170517,20170815,,,,,,,,,,,,,7,N,2017-11-10 03:43:46.132313,,,
bancamarche,476314,,1,2,20161116,,forma_tecnica_476314,Y,,P1,20160818,20160915,20160922,,20160729,20161027,,,,,,,,,,,,,7,Y,2015-10-22 08:31:39.011888,,,
bancamarche,502924,,1,1,20190429,,forma_tecnica_502924,N,,P2,20171225,20180122,20180129,,20160301,20160530,,,,,,,,,,,,,7,Y,2018-03-24 05:32:48.669012,,,
ubi,496737,,1,0,20181211,,forma_tecnica_496737,Y,,P1,20150709,20150806,20150813,,20160514,20160812,,,,,,,,,,,,,7,Y,2017-10-06 12:27:25.311929,,,
bancamarche,440905,,1,2,20170502,,forma_tecnica_440905,N,,P2,20180822,20180919,20180926,,20161007,20170105,,,,,,,,,,,,,7,Y,2016-05-25 09:54:43.505876,,,
bancamarche,287879,,1,1,20170401,,forma_tecnica_287879,Y,,P2,20160406,20160504,20160511,,20170322,20170620,,,,,,,,,,,,,7,N,2015-07-16 21:28:52.803637,,,
ubi,496737,,2,0,20170322,,forma_tecnica_496737,N,,P1,20170112,20170209,20170216,,20170425,20170724,,,,,,,,,,,,,7,N,2017-12-29 06:02:43.157260,,,
bancamarche,502924,,1,0,20180701,,forma_tecnica_502924,N,,P2,20161010,20161107,20161114,,20170521,20170819,,,,,,,,,,,,,7,Y,2016-03-15 02:02:07.201295,,,
bpm,432906,,2,1,20150810,,forma_tecnica_432906,Y,,P2,20180817,20180914,20180921,,20150804,20151102,,,,,,,,,,,,,7,N,2016-03-20 01:17:13.188226,,,
ubi,502924,,1,0,20170601,,forma_tecnica_502924,Y,,P1,20160819,20160916,20160923,,20170826,20171124,,,,,,,,,,,,,7,Y,2016-12-30 11:54:08.959115,,,
bancamarche,328429,,1,0,20170424,,forma_tecnica_328429,N,,P1,20190111,20190208,20190215,,20170813,20171111,,,,,,,,,,,,,7,Y,2016-10-27 18:03:35.768671,,,
bpm,295528,,1,0,20180426,,forma_tecnica_295528,N,,P1,20170916,20171014,20171021,,20181202,20190302,,,,,,,,,,,,,7,Y,2017-08-26 04:16:28.748533,,,
bpm,440905,,1,1,20160702,,forma_tecnica_440905,Y,,P1,20181024,20181121,20181128,,20160327,20160625,,,,,,,,,,,,,7,Y,2016-05-30 14:53:14.666908,,,
ubi,463259,,2,0,20171114,,forma_tecnica_463259,Y,,P2,20170725,20170822,20170829,,20161203,20170303,,,,,,,,,,,,,7,Y,2019-03-27 02:24:39.260854,,,
bpm,287879,,2,0,20190527,,forma_tecnica_287879,Y,,P2,20150729,20150826,20150902,,20180509,20180807,,,,,,,,,,,,,7,Y,2016-01-07 10:34:39.092460,,,
bancamarche,287879,,1,2,20170627,,forma_tecnica_287879,N,,P1,20160830,20160927,20161004,,20170609,20170907,,,,,,,,,,,,,7,Y,2017-03-13 09:42:35.507737,,,
ubi,440905,,2,2,20160801,,forma_tecnica_440905,N,,P2,20150603,20150701,20150708,,20170303,20170601,,,,,,,,,,,,,7,Y,2016-04-23 04:59:19.249669,,,
ubi,466851,,1,1,20150729,,forma_tecnica_466851,N,,P1,20151231,20160128,20160204,,20190523,20190821,,,,,,,,,,,,,7,N,2018-09-19 12:34:23.630522,,,
bpm,478307,,1,0,20190503,,forma_tecnica_478307,N,,P1,20160109,20160206,20160213,,20161025,20170123,,,,,,,,,,,,,7,Y,2018-04-13 15:14:50.472391,,,
ubi,463259,,1,0,20170416,,forma_tecnica_463259,Y,,P1,20180920,20181018,20181025,,20170919,20171218,,,,,,,,,,,,,7,N,2019-04-30 08:33:49.834367,,,
bancamarche,494454,,1,0,20161207,,forma_tecnica_494454,N,,P2,20190512,20190609,20190616,,20190524,20190822,,,,,,,,,,,,,7,Y,2017-02-14 15:22:50.412578,,,
ubi,504858,,1,0,20190302,,forma_tecnica_504858,N,,P2,20161209,20170106,20170113,,20190114,20190414,,,,,,,,,,,,,7,N,2017-02-28 12:46:53.955850,,,
bancamarche,440905,,1,1,20180319,,forma_tecnica_440905,Y,,P1,20170413,20170511,20170518,,20180503,20180801,,,,,,,,,,,,,7,Y,2017-01-06 07:42:05.219339,,,
bpm,466851,,1,0,20170604,,forma_tecnica_466851,Y,,P1,20170622,20170720,20170727,,20170521,20170819,,,,,,,,,,,,,7,Y,2017-12-04 22:27:04.312788,,,
bancamarche,476314,,1,0,20180126,,forma_tecnica_476314,Y,,P2,20180526,20180623,20180630,,20180509,20180807,,,,,,,,,,,,,7,Y,2016-11-17 20:38:52.140358,,,
bancamarche,463259,,3,0,20190324,,forma_tecnica_463259,N,,P2,20150903,20151001,20151008,,20151114,20160212,,,,,,,,,,,,,7,Y,2017-08-29 14:17:08.345353,,,
bpm,463259,,1,0,20160102,,forma_tecnica_463259,Y,,P1,20151111,20151209,20151216,,20160317,20160615,,,,,,,,,,,,,7,Y,2017-10-18 10:45:28.757793,,,
bancamarche,403995,,1,0,20160819,,forma_tecnica_403995,N,,P1,20160319,20160416,20160423,,20160625,20160923,,,,,,,,,,,,,7,Y,2018-06-13 10:18:57.300464,,,
bancamarche,440905,,1,1,20160921,,forma_tecnica_440905,N,,P1,20161106,20161204,20161211,,20181105,20190203,,,,,,,,,,,,,7,N,2016-06-18 11:34:16.852994,,,
bpm,478307,,1,0,20150610,,forma_tecnica_478307,N,,P2,20170816,20170913,20170920,,20190318,20190616,,,,,,,,,,,,,7,Y,2016-11-15 22:15:05.287865,,,
ubi,319180,,1,2,20170820,,forma_tecnica_319180,N,,P2,20180223,20180323,20180330,,20170519,20170817,,,,,,,,,,,,,7,Y,2017-06-28 06:12:26.106975,,,
bpm,463259,,2,2,20160228,,forma_tecnica_463259,Y,,P2,20151201,20151229,20160105,,20180316,20180614,,,,,,,,,,,,,7,N,2016-08-29 12:09:15.207777,,,
ubi,295528,,1,1,20180713,,forma_tecnica_295528,N,,P2,20160329,20160426,20160503,,20190205,20190506,,,,,,,,,,,,,7,Y,2016-12-11 16:36:32.708904,,,
ubi,284096,,3,0,20190324,,forma_tecnica_284096,N,,P1,20181129,20181227,20190103,,20190108,20190408,,,,,,,,,,,,,7,Y,2019-02-19 08:16:34.764533,,,
bancamarche,494454,,3,0,20150605,,forma_tecnica_494454,Y,,P2,20180909,20181007,20181014,,20150806,20151104,,,,,,,,,,,,,7,N,2016-12-07 20:06:14.804437,,,
ubi,284096,,2,1,20160211,,forma_tecnica_284096,Y,,P1,20181217,20190114,20190121,,20180405,20180704,,,,,,,,,,,,,7,Y,2016-10-31 10:59:01.768778,,,
bancamarche,486194,,2,0,20160302,,forma_tecnica_486194,Y,,P1,20190409,20190507,20190514,,20171228,20180328,,,,,,,,,,,,,7,N,2017-05-16 06:48:56.076954,,,
bpm,284096,,1,0,20151218,,forma_tecnica_284096,Y,,P1,20180627,20180725,20180801,,20170110,20170410,,,,,,,,,,,,,7,Y,2019-05-04 02:23:06.204979,,,
bancamarche,334095,,2,0,20161230,,forma_tecnica_334095,Y,,P1,20151112,20151210,20151217,,20180304,20180602,,,,,,,,,,,,,7,N,2018-11-18 19:15:07.401007,,,
bpm,319180,,1,1,20190512,,forma_tecnica_319180,Y,,P2,20190128,20190225,20190304,,20180821,20181119,,,,,,,,,,,,,7,Y,2016-10-06 21:45:50.608827,,,
ubi,478307,,1,0,20171210,,forma_tecnica_478307,N,,P2,20170730,20170827,20170903,,20160829,20161127,,,,,,,,,,,,,7,Y,2016-11-08 14:15:26.973169,,,
bpm,466851,,1,0,20180321,,forma_tecnica_466851,N,,P2,20151022,20151119,20151126,,20171120,20180218,,,,,,,,,,,,,7,Y,2016-07-25 09:09:33.723698,,,
bancamarche,432906,,2,0,20181217,,forma_tecnica_432906,Y,,P2,20181202,20181230,20190106,,20171005,20180103,,,,,,,,,,,,,7,N,2016-09-16 20:05:22.056714,,,
bancamarche,432906,,2,0,20171122,,forma_tecnica_432906,Y,,P1,20180528,20180625,20180702,,20180117,20180417,,,,,,,,,,,,,7,Y,2016-01-24 12:08:10.392330,,,
ubi,319180,,1,1,20150814,,forma_tecnica_319180,N,,P2,20171205,20180102,20180109,,20170916,20171215,,,,,,,,,,,,,7,Y,2015-11-27 20:03:20.879833,,,
bpm,440905,,1,0,20181113,,forma_tecnica_440905,Y,,P1,20180311,20180408,20180415,,20180725,20181023,,,,,,,,,,,,,7,Y,2018-08-22 16:41:28.517699,,,
ubi,494454,,3,0,20161124,,forma_tecnica_494454,N,,P1,20181215,20190112,20190119,,20190506,20190804,,,,,,,,,,,,,7,Y,2019-02-09 20:37:38.806752,,,
bancamarche,440905,,1,0,20151125,,forma_tecnica_440905,N,,P1,20170807,20170904,20170911,,20160322,20160620,,,,,,,,,,,,,7,Y,2015-10-11 21:24:50.050110,,,
bancamarche,494454,,1,2,20180911,,forma_tecnica_494454,N,,P1,20160208,20160307,20160314,,20170503,20170801,,,,,,,,,,,,,7,N,2017-02-24 20:09:42.230542,,,
bpm,502924,,1,2,20190215,,forma_tecnica_502924,Y,,P2,20190530,20190627,20190704,,20180130,20180430,,,,,,,,,,,,,7,Y,2017-03-20 06:57:20.818030,,,
ubi,334095,,1,0,20160816,,forma_tecnica_334095,Y,,P2,20181110,20181208,20181215,,20180904,20181203,,,,,,,,,,,,,7,N,2016-12-02 20:49:05.216711,,,
bpm,319180,,2,0,20160912,,forma_tecnica_319180,N,,P2,20160721,20160818,20160825,,20171013,20180111,,,,,,,,,,,,,7,Y,2016-07-30 18:46:29.198490,,,
bpm,287879,,1,0,20160324,,forma_tecnica_287879,N,,P2,20160527,20160624,20160701,,20190111,20190411,,,,,,,,,,,,,7,Y,2016-04-26 22:17:42.831774,,,
ubi,328429,,1,0,20150815,,forma_tecnica_328429,N,,P2,20180201,20180301,20180308,,20161023,20170121,,,,,,,,,,,,,7,Y,2016-04-01 06:38:03.029992,,,
bancamarche,431531,,1,0,20170802,,forma_tecnica_431531,Y,,P1,20160729,20160826,20160902,,20190411,20190710,,,,,,,,,,,,,7,N,2018-03-14 07:38:58.342373,,,
bancamarche,494454,,3,0,20180521,,forma_tecnica_494454,N,,P2,20160801,20160829,20160905,,20190425,20190724,,,,,,,,,,,,,7,N,2015-08-27 20:12:51.818051,,,
ubi,502924,,1,0,20170102,,forma_tecnica_502924,N,,P1,20151211,20160108,20160115,,20190219,20190520,,,,,,,,,,,,,7,Y,2017-12-22 22:25:05.345124,,,
bpm,295528,,1,2,20160626,,forma_tecnica_295528,Y,,P1,20151123,20151221,20151228,,20160327,20160625,,,,,,,,,,,,,7,Y,2018-03-29 01:03:37.306984,,,
bancamarche,486194,,2,0,20170416,,forma_tecnica_486194,Y,,P2,20160401,20160429,20160506,,20170223,20170524,,,,,,,,,,,,,7,Y,2017-11-29 04:48:02.150396,,,
ubi,463259,,2,1,20181027,,forma_tecnica_463259,Y,,P1,20170529,20170626,20170703,,20160527,20160825,,,,,,,,,,,,,7,Y,2016-07-26 16:44:47.323921,,,
ubi,478307,,2,2,20160411,,forma_tecnica_478307,N,,P2,20180708,20180805,20180812,,20151229,20160328,,,,,,,,,,,,,7,Y,2017-02-25 06:36:10.114960,,,
ubi,351199,,2,0,20190414,,forma_tecnica_351199,N,,P2,20160707,20160804,20160811,,20161101,20170130,,,,,,,,,,,,,7,Y,2015-11-13 23:04:37.471062,,,
bancamarche,328429,,2,0,20160809,,forma_tecnica_328429,N,,P2,20170913,20171011,20171018,,20161231,20170331,,,,,,,,,,,,,7,Y,2017-01-14 15:48:38.892248,,,
ubi,351199,,3,2,20151224,,forma_tecnica_351199,Y,,P1,20170505,20170602,20170609,,20181003,20190101,,,,,,,,,,,,,7,Y,2015-12-19 14:31:28.925437,,,
bancamarche,295528,,1,1,20160713,,forma_tecnica_295528,N,,P2,20180416,20180514,20180521,,20150628,20150926,,,,,,,,,,,,,7,Y,2017-06-25 20:50:24.051573,,,
bpm,496737,,1,0,20160201,,forma_tecnica_496737,N,,P2,20160112,20160209,20160216,,20180515,20180813,,,,,,,,,,,,,7,N,2016-02-29 21:40:22.326189,,,
bancamarche,504858,,1,1,20151014,,forma_tecnica_504858,Y,,P2,20180531,20180628,20180705,,20171029,20180127,,,,,,,,,,,,,7,Y,2015-10-27 15:44:56.625995,,,
ubi,494454,,3,0,20180317,,forma_tecnica_494454,N,,P2,20180329,20180426,20180503,,20151006,20160104,,,,,,,,,,,,,7,N,2018-12-13 05:08:59.421799,,,
bancamarche,476314,,1,2,20150722,,forma_tecnica_476314,Y,,P1,20190211,20190311,20190318,,20161226,20170326,,,,,,,,,,,,,7,Y,2017-02-08 12:13:49.246829,,,
bancamarche,476314,,1,2,20180717,,forma_tecnica_476314,N,,P2,20180511,20180608,20180615,,20180628,20180926,,,,,,,,,,,,,7,N,2018-05-08 15:57:12.970018,,,
ubi,463259,,1,2,20170620,,forma_tecnica_463259,Y,,P1,20190207,20190307,20190314,,20170509,20170807,,,,,,,,,,,,,7,N,2017-02-08 03:34:17.998714,,,
ubi,486194,,1,0,20151101,,forma_tecnica_486194,Y,,P1,20181128,20181226,20190102,,20161031,20170129,,,,,,,,,,,,,7,Y,2017-04-07 00:28:04.252877,,,
ubi,494454,,2,1,20170303,,forma_tecnica_494454,Y,,P1,20150608,20150706,20150713,,20181002,20181231,,,,,,,,,,,,,7,Y,2016-12-09 20:53:43.381086,,,
ubi,504858,,1,0,20160828,,forma_tecnica_504858,Y,,P1,20160918,20161016,20161023,,20161108,20170206,,,,,,,,,,,,,7,Y,2018-12-03 22:58:40.381545,,,
ubi,496737,,3,0,20181208,,forma_tecnica_496737,N,,P2,20180503,20180531,20180607,,20150720,20151018,,,,,,,,,,,,,7,Y,2016-04-21 06:12:28.637310,,,
bancamarche,466851,,1,0,20180217,,forma_tecnica_466851,Y,,P2,20180907,20181005,20181012,,20181002,20181231,,,,,,,,,,,,,7,N,2016-05-20 19:13:18.872952,,,
ubi,295528,,2,1,20160311,,forma_tecnica_295528,N,,P2,20150927,20151025,20151101,,20181221,20190321,,,,,,,,,,,,,7,Y,2017-03-25 04:30:17.176583,,,
bancamarche,319180,,2,0,20170905,,forma_tecnica_319180,Y,,P1,20180108,20180205,20180212,,20190125,20190425,,,,,,,,,,,,,7,Y,2017-07-19 03:03:58.683615,,,
bpm,440905,,2,0,20180828,,forma_tecnica_440905,Y,,P1,20170301,20170329,20170405,,20171020,20180118,,,,,,,,,,,,,7,N,2017-09-09 05:09:19.577973,,,
ubi,287879,,1,0,20180513,,forma_tecnica_287879,N,,P2,20150928,20151026,20151102,,20180824,20181122,,,,,,,,,,,,,7,N,2017-03-17 19:17:12.413760,,,
bpm,351199,,2,0,20161101,,forma_tecnica_351199,N,,P1,20180927,20181025,20181101,,20190223,20190524,,,,,,,,,,,,,7,Y,2015-08-10 20:04:09.883595,,,
bancamarche,403995,,2,0,20180514,,forma_tecnica_403995,N,,P2,20171003,20171031,20171107,,20190308,20190606,,,,,,,,,,,,,7,Y,2016-05-15 07:43:10.856834,,,
ubi,502924,,3,0,20171208,,forma_tecnica_502924,N,,P2,20160223,20160322,20160329,,20161127,20170225,,,,,,,,,,,,,7,N,2016-02-09 17:24:18.504435,,,
bpm,403995,,2,0,20190414,,forma_tecnica_403995,Y,,P1,20181217,20190114,20190121,,20170517,20170815,,,,,,,,,,,,,7,Y,2019-02-10 20:58:01.368955,,,
ubi,502924,,2,0,20180626,,forma_tecnica_502924,Y,,P1,20170801,20170829,20170905,,20180721,20181019,,,,,,,,,,,,,7,Y,2015-07-14 16:21:48.365859,,,
ubi,496737,,1,2,20181019,,forma_tecnica_496737,N,,P1,20170130,20170227,20170306,,20170618,20170916,,,,,,,,,,,,,7,Y,2015-11-18 21:30:27.662080,,,
bpm,284096,,2,0,20160421,,forma_tecnica_284096,N,,P2,20151008,20151105,20151112,,20170526,20170824,,,,,,,,,,,,,7,Y,2015-08-18 03:06:49.621858,,,
ubi,295528,,1,1,20190329,,forma_tecnica_295528,Y,,P1,20170317,20170414,20170421,,20181127,20190225,,,,,,,,,,,,,7,N,2017-05-23 05:32:40.256021,,,
ubi,478307,,1,0,20180724,,forma_tecnica_478307,N,,P2,20190214,20190314,20190321,,20190524,20190822,,,,,,,,,,,,,7,N,2018-02-11 16:47:26.835560,,,
ubi,502924,,3,0,20160608,,forma_tecnica_502924,N,,P1,20170903,20171001,20171008,,20160716,20161014,,,,,,,,,,,,,7,Y,2019-02-06 10:19:28.358618,,,
bancamarche,328429,,1,2,20161105,,forma_tecnica_328429,N,,P2,20150601,20150629,20150706,,20171113,20180211,,,,,,,,,,,,,7,N,2015-11-21 04:22:22.238660,,,
ubi,502924,,1,1,20170111,,forma_tecnica_502924,N,,P1,20161221,20170118,20170125,,20181205,20190305,,,,,,,,,,,,,7,N,2018-05-27 09:44:15.694025,,,
ubi,328429,,1,0,20170523,,forma_tecnica_328429,N,,P2,20190227,20190327,20190403,,20170108,20170408,,,,,,,,,,,,,7,N,2016-05-18 07:17:40.696715,,,
ubi,463259,,1,0,20180204,,forma_tecnica_463259,Y,,P2,20151219,20160116,20160123,,20190202,20190503,,,,,,,,,,,,,7,Y,2015-07-27 15:05:15.516254,,,
bancamarche,432906,,2,0,20151216,,forma_tecnica_432906,Y,,P1,20160526,20160623,20160630,,20170827,20171125,,,,,,,,,,,,,7,Y,2015-10-28 14:42:37.314530,,,
ubi,494454,,2,2,20160717,,forma_tecnica_494454,N,,P2,20190123,20190220,20190227,,20170708,20171006,,,,,,,,,,,,,7,Y,2016-12-28 07:38:14.288511,,,
bpm,476314,,2,1,20161026,,forma_tecnica_476314,Y,,P1,20171124,20171222,20171229,,20151111,20160209,,,,,,,,,,,,,7,Y,2016-09-19 21:15:35.347808,,,
bpm,478307,,1,1,20160128,,forma_tecnica_478307,N,,P2,20180204,20180304,20180311,,20160702,20160930,,,,,,,,,,,,,7,Y,2018-05-06 08:27:16.796878,,,
bancamarche,431531,,1,0,20170930,,forma_tecnica_431531,N,,P1,20160224,20160323,20160330,,20181122,20190220,,,,,,,,,,,,,7,N,2018-06-10 15:09:54.352790,,,
bpm,295528,,1,1,20150830,,forma_tecnica_295528,N,,P1,20180723,20180820,20180827,,20180118,20180418,,,,,,,,,,,,,7,Y,2017-01-17 10:50:36.687530,,,
bancamarche,284096,,1,2,20170423,,forma_tecnica_284096,Y,,P1,20161229,20170126,20170202,,20170506,20170804,,,,,,,,,,,,,7,N,2017-10-05 03:49:46.936786,,,
ubi,351199,,1,2,20160907,,forma_tecnica_351199,N,,P2,20180304,20180401,20180408,,20170401,20170630,,,,,,,,,,,,,7,Y,2018-05-25 14:42:57.828004,,,
ubi,295528,,1,2,20160420,,forma_tecnica_295528,Y,,P1,20150805,20150902,20150909,,20150728,20151026,,,,,,,,,,,,,7,Y,2019-03-09 13:53:02.865771,,,
bancamarche,486194,,1,0,20180218,,forma_tecnica_486194,Y,,P1,20180713,20180810,20180817,,20170705,20171003,,,,,,,,,,,,,7,Y,2018-02-27 15:57:20.315388,,,
bpm,496737,,1,0,20160521,,forma_tecnica_496737,Y,,P2,20170518,20170615,20170622,,20160830,20161128,,,,,,,,,,,,,7,Y,2017-09-28 09:03:38.382834,,,
bpm,403995,,3,2,20150727,,forma_tecnica_403995,N,,P1,20171020,20171117,20171124,,20161219,20170319,,,,,,,,,,,,,7,N,2018-06-18 05:26:07.771462,,,
bpm,328429,,2,2,20160718,,forma_tecnica_328429,Y,,P1,20180107,20180204,20180211,,20181126,20190224,,,,,,,,,,,,,7,Y,2016-07-26 01:35:30.997389,,,
bpm,494454,,2,0,20180427,,forma_tecnica_494454,Y,,P1,20161001,20161029,20161105,,20190209,20190510,,,,,,,,,,,,,7,N,2015-12-01 04:44:18.268776,,,
bpm,328429,,1,0,20160714,,forma_tecnica_328429,Y,,P1,20180103,20180131,20180207,,20180730,20181028,,,,,,,,,,,,,7,Y,2017-04-07 04:44:15.763144,,,
bpm,287879,,1,0,20161123,,forma_tecnica_287879,Y,,P2,20181018,20181115,20181122,,20160924,20161223,,,,,,,,,,,,,7,N,2018-05-13 20:57:59.361202,,,
bpm,351199,,1,0,20160921,,forma_tecnica_351199,Y,,P2,20170119,20170216,20170223,,20160125,20160424,,,,,,,,,,,,,7,N,2018-10-18 23:57:59.294151,,,
ubi,463259,,1,1,20180505,,forma_tecnica_463259,N,,P2,20170712,20170809,20170816,,20171203,20180303,,,,,,,,,,,,,7,Y,2018-11-25 17:02:24.148361,,,
bancamarche,496737,,1,1,20170111,,forma_tecnica_496737,Y,,P1,20160709,20160806,20160813,,20170515,20170813,,,,,,,,,,,,,7,Y,2018-07-17 04:44:12.082517,,,
ubi,431531,,1,1,20150818,,forma_tecnica_431531,Y,,P1,20160920,20161018,20161025,,20180430,20180729,,,,,,,,,,,,,7,Y,2018-08-29 08:18:14.001397,,,
bancamarche,463259,,3,0,20150922,,forma_tecnica_463259,N,,P1,20150913,20151011,20151018,,20180702,20180930,,,,,,,,,,,,,7,Y,2019-01-23 12:22:59.155255,,,
bancamarche,478307,,1,0,20160311,,forma_tecnica_478307,Y,,P1,20151127,20151225,20160101,,20161103,20170201,,,,,,,,,,,,,7,Y,2019-05-14 03:32:47.775201,,,
bpm,496737,,1,0,20161213,,forma_tecnica_496737,N,,P2,20180512,20180609,20180616,,20190324,20190622,,,,,,,,,,,,,7,Y,2017-08-22 01:29:44.595357,,,
bancamarche,403995,,1,1,20181119,,forma_tecnica_403995,Y,,P1,20181217,20190114,20190121,,20180725,20181023,,,,,,,,,,,,,7,Y,2015-06-17 23:08:31.879333,,,
bancamarche,351199,,2,0,20160627,,forma_tecnica_351199,N,,P2,20170224,20170324,20170331,,20161202,20170302,,,,,,,,,,,,,7,Y,2018-06-15 04:40:33.391109,,,
bancamarche,494454,,1,1,20170804,,forma_tecnica_494454,N,,P1,20151209,20160106,20160113,,20180415,20180714,,,,,,,,,,,,,7,Y,2018-03-05 06:37:46.903695,,,
ubi,431531,,2,0,20190204,,forma_tecnica_431531,N,,P1,20160425,20160523,20160530,,20150707,20151005,,,,,,,,,,,,,7,N,2017-03-29 04:45:17.371329,,,
ubi,284096,,1,1,20170412,,forma_tecnica_284096,Y,,P1,20160718,20160815,20160822,,20170801,20171030,,,,,,,,,,,,,7,Y,2018-04-14 11:15:11.501885,,,
bancamarche,287879,,1,0,20161007,,forma_tecnica_287879,Y,,P1,20180306,20180403,20180410,,20160514,20160812,,,,,,,,,,,,,7,Y,2015-10-11 19:34:12.218781,,,
bancamarche,440905,,2,2,20160321,,forma_tecnica_440905,Y,,P2,20171007,20171104,20171111,,20160407,20160706,,,,,,,,,,,,,7,Y,2015-10-04 22:31:39.829465,,,
bancamarche,328429,,2,0,20160512,,forma_tecnica_328429,Y,,P2,20180128,20180225,20180304,,20180112,20180412,,,,,,,,,,,,,7,Y,2019-04-04 07:29:41.809923,,,
bpm,476314,,1,0,20160726,,forma_tecnica_476314,N,,P2,20170226,20170326,20170402,,20151112,20160210,,,,,,,,,,,,,7,Y,2015-11-17 18:30:00.400239,,,
ubi,432906,,1,1,20180726,,forma_tecnica_432906,N,,P1,20170510,20170607,20170614,,20160620,20160918,,,,,,,,,,,,,7,N,2017-08-09 23:41:46.618827,,,
bpm,502924,,1,2,20160207,,forma_tecnica_502924,N,,P1,20170326,20170423,20170430,,20190319,20190617,,,,,,,,,,,,,7,N,2018-08-24 14:39:42.023126,,,
bancamarche,328429,,1,2,20170913,,forma_tecnica_328429,N,,P2,20181112,20181210,20181217,,20181123,20190221,,,,,,,,,,,,,7,Y,2016-01-02 09:33:15.559445,,,
ubi,494454,,1,1,20171025,,forma_tecnica_494454,N,,P1,20160730,20160827,20160903,,20170215,20170516,,,,,,,,,,,,,7,N,2016-12-10 07:07:14.118015,,,
bancamarche,328429,,2,0,20170803,,forma_tecnica_328429,N,,P1,20170512,20170609,20170616,,20150828,20151126,,,,,,,,,,,,,7,Y,2017-01-25 10:39:41.778355,,,
ubi,431531,,1,2,20181223,,forma_tecnica_431531,N,,P2,20160919,20161017,20161024,,20171224,20180324,,,,,,,,,,,,,7,N,2016-04-24 20:44:49.403668,,,
ubi,319180,,3,0,20170919,,forma_tecnica_319180,Y,,P2,20181110,20181208,20181215,,20180713,20181011,,,,,,,,,,,,,7,Y,2017-01-09 10:01:21.384502,,,
bancamarche,328429,,1,0,20160619,,forma_tecnica_328429,Y,,P1,20190430,20190528,20190604,,20170713,20171011,,,,,,,,,,,,,7,Y,2015-12-20 02:45:25.163992,,,
ubi,496737,,1,2,20160317,,forma_tecnica_496737,Y,,P2,20160915,20161013,20161020,,20171003,20180101,,,,,,,,,,,,,7,N,2016-05-30 07:11:50.378845,,,
bancamarche,504858,,2,0,20180111,,forma_tecnica_504858,N,,P1,20170126,20170223,20170302,,20171225,20180325,,,,,,,,,,,,,7,Y,2018-02-11 22:07:38.304056,,,
bancamarche,334095,,1,1,20180302,,forma_tecnica_334095,N,,P2,20170709,20170806,20170813,,20181127,20190225,,,,,,,,,,,,,7,Y,2017-04-12 08:01:49.388889,,,
bpm,351199,,1,0,20150917,,forma_tecnica_351199,Y,,P1,20180928,20181026,20181102,,20181108,20190206,,,,,,,,,,,,,7,Y,2017-04-05 11:51:48.310818,,,
bpm,504858,,1,0,20180514,,forma_tecnica_504858,Y,,P2,20180507,20180604,20180611,,20161114,20170212,,,,,,,,,,,,,7,Y,2017-05-01 19:54:57.103701,,,
bpm,502924,,1,1,20170314,,forma_tecnica_502924,N,,P1,20180904,20181002,20181009,,20150701,20150929,,,,,,,,,,,,,7,Y,2018-09-16 06:54:23.286585,,,
bancamarche,403995,,1,0,20180507,,forma_tecnica_403995,N,,P1,20151116,20151214,20151221,,20160206,20160506,,,,,,,,,,,,,7,Y,2016-02-25 23:32:01.924790,,,
bpm,504858,,1,0,20170627,,forma_tecnica_504858,N,,P1,20180107,20180204,20180211,,20151205,20160304,,,,,,,,,,,,,7,Y,2016-12-14 09:21:48.201105,,,
ubi,502924,,1,1,20150615,,forma_tecnica_502924,Y,,P1,20171016,20171113,20171120,,20181212,20190312,,,,,,,,,,,,,7,Y,2019-02-14 00:26:59.733404,,,
ubi,486194,,1,0,20180831,,forma_tecnica_486194,N,,P1,20171223,20180120,20180127,,20190222,20190523,,,,,,,,,,,,,7,N,2016-01-20 00:31:09.951057,,,
bancamarche,351199,,3,0,20170322,,forma_tecnica_351199,N,,P1,20170114,20170211,20170218,,20170219,20170520,,,,,,,,,,,,,7,N,2016-11-25 17:17:46.438826,,,
ubi,284096,,2,0,20180312,,forma_tecnica_284096,Y,,P1,20170323,20170420,20170427,,20180508,20180806,,,,,,,,,,,,,7,Y,2018-02-09 15:52:40.768399,,,
bancamarche,295528,,1,1,20190330,,forma_tecnica_295528,Y,,P1,20161122,20161220,20161227,,20190312,20190610,,,,,,,,,,,,,7,Y,2018-04-04 07:17:48.811780,,,
ubi,287879,,1,0,20180828,,forma_tecnica_287879,Y,,P2,20160110,20160207,20160214,,20150825,20151123,,,,,,,,,,,,,7,Y,2016-11-03 19:00:40.663742,,,
bancamarche,486194,,1,0,20171215,,forma_tecnica_486194,N,,P1,20180821,20180918,20180925,,20170504,20170802,,,,,,,,,,,,,7,Y,2016-04-03 18:45:26.543950,,,
bpm,319180,,3,0,20150805,,forma_tecnica_319180,Y,,P2,20160321,20160418,20160425,,20170724,20171022,,,,,,,,,,,,,7,Y,2017-05-03 00:22:20.564112,,,
ubi,494454,,1,2,20181209,,forma_tecnica_494454,Y,,P2,20170809,20170906,20170913,,20160906,20161205,,,,,,,,,,,,,7,N,2016-09-05 08:09:54.456531,,,
ubi,502924,,1,0,20180430,,forma_tecnica_502924,N,,P1,20161230,20170127,20170203,,20170430,20170729,,,,,,,,,,,,,7,N,2016-06-12 20:54:31.664581,,,
bpm,463259,,3,2,20190119,,forma_tecnica_463259,N,,P1,20170613,20170711,20170718,,20190327,20190625,,,,,,,,,,,,,7,Y,2018-10-25 11:26:48.578066,,,
bpm,476314,,3,0,20161212,,forma_tecnica_476314,Y,,P2,20150607,20150705,20150712,,20150708,20151006,,,,,,,,,,,,,7,Y,2018-06-08 14:15:03.774502,,,
bancamarche,476314,,2,1,20190514,,forma_tecnica_476314,N,,P2,20170108,20170205,20170212,,20160625,20160923,,,,,,,,,,,,,7,Y,2017-01-15 13:01:57.912543,,,
bancamarche,319180,,2,0,20190426,,forma_tecnica_319180,N,,P1,20190305,20190402,20190409,,20171022,20180120,,,,,,,,,,,,,7,Y,2018-08-05 06:49:44.055084,,,
bpm,295528,,3,0,20180603,,forma_tecnica_295528,Y,,P1,20151130,20151228,20160104,,20160811,20161109,,,,,,,,,,,,,7,Y,2016-03-27 15:15:27.223757,,,
bancamarche,496737,,1,0,20170713,,forma_tecnica_496737,Y,,P1,20151225,20160122,20160129,,20160802,20161031,,,,,,,,,,,,,7,N,2018-11-04 19:12:15.240690,,,
bpm,494454,,1,0,20190413,,forma_tecnica_494454,Y,,P2,20180603,20180701,20180708,,20170507,20170805,,,,,,,,,,,,,7,Y,2016-12-02 05:52:41.300731,,,
bancamarche,328429,,1,0,20181008,,forma_tecnica_328429,Y,,P2,20150922,20151020,20151027,,20180216,20180517,,,,,,,,,,,,,7,Y,2018-05-05 17:01:15.840343,,,
bpm,403995,,1,1,20170805,,forma_tecnica_403995,Y,,P1,20190401,20190429,20190506,,20170628,20170926,,,,,,,,,,,,,7,Y,2018-03-01 04:13:37.004381,,,
ubi,478307,,2,1,20150720,,forma_tecnica_478307,N,,P2,20151206,20160103,20160110,,20160407,20160706,,,,,,,,,,,,,7,Y,2015-06-15 19:47:36.632738,,,
bpm,334095,,2,0,20190217,,forma_tecnica_334095,N,,P1,20190424,20190522,20190529,,20160816,20161114,,,,,,,,,,,,,7,Y,2017-04-16 03:35:26.658072,,,
bpm,287879,,1,0,20190130,,forma_tecnica_287879,Y,,P2,20150813,20150910,20150917,,20181029,20190127,,,,,,,,,,,,,7,Y,2016-03-21 11:12:24.932581,,,
bpm,351199,,1,1,20190115,,forma_tecnica_351199,Y,,P1,20181203,20181231,20190107,,20180723,20181021,,,,,,,,,,,,,7,N,2016-11-19 23:07:16.587786,,,
bpm,466851,,2,0,20170717,,forma_tecnica_466851,Y,,P1,20171013,20171110,20171117,,20180706,20181004,,,,,,,,,,,,,7,Y,2015-12-30 16:03:28.955130,,,
ubi,504858,,1,0,20171221,,forma_tecnica_504858,N,,P2,20181029,20181126,20181203,,20180814,20181112,,,,,,,,,,,,,7,Y,2017-04-05 07:33:58.150696,,,
ubi,284096,,1,0,20160403,,forma_tecnica_284096,Y,,P1,20180213,20180313,20180320,,20170830,20171128,,,,,,,,,,,,,7,Y,2015-12-12 18:21:46.492406,,,
ubi,463259,,2,0,20150803,,forma_tecnica_463259,Y,,P2,20151025,20151122,20151129,,20180117,20180417,,,,,,,,,,,,,7,Y,2015-10-28 22:39:46.146737,,,
bpm,478307,,2,2,20180126,,forma_tecnica_478307,N,,P2,20180524,20180621,20180628,,20161028,20170126,,,,,,,,,,,,,7,N,2016-07-29 12:17:38.868930,,,
ubi,403995,,2,0,20170205,,forma_tecnica_403995,Y,,P1,20160425,20160523,20160530,,20160604,20160902,,,,,,,,,,,,,7,Y,2016-03-22 08:34:24.155704,,,
bpm,432906,,1,2,20171001,,forma_tecnica_432906,Y,,P2,20170406,20170504,20170511,,20180204,20180505,,,,,,,,,,,,,7,N,2017-03-21 04:04:03.309700,,,
bpm,440905,,1,2,20170212,,forma_tecnica_440905,Y,,P1,20160308,20160405,20160412,,20160207,20160507,,,,,,,,,,,,,7,Y,2017-10-04 13:30:55.904044,,,
bpm,466851,,1,0,20161022,,forma_tecnica_466851,Y,,P2,20190530,20190627,20190704,,20160331,20160629,,,,,,,,,,,,,7,Y,2018-09-07 02:49:03.913568,,,
bpm,287879,,1,2,20181122,,forma_tecnica_287879,N,,P2,20180210,20180310,20180317,,20151020,20160118,,,,,,,,,,,,,7,N,2016-12-01 07:55:31.799343,,,
bpm,463259,,1,0,20170213,,forma_tecnica_463259,N,,P1,20150702,20150730,20150806,,20190404,20190703,,,,,,,,,,,,,7,N,2019-04-02 18:34:20.625524,,,
bpm,440905,,2,1,20170823,,forma_tecnica_440905,Y,,P2,20190211,20190311,20190318,,20170616,20170914,,,,,,,,,,,,,7,Y,2019-04-09 11:24:27.235093,,,
ubi,504858,,1,0,20151102,,forma_tecnica_504858,N,,P1,20170708,20170805,20170812,,20150917,20151216,,,,,,,,,,,,,7,N,2016-10-02 23:54:18.341428,,,
bancamarche,328429,,2,0,20170330,,forma_tecnica_328429,N,,P2,20150808,20150905,20150912,,20181216,20190316,,,,,,,,,,,,,7,N,2015-11-20 13:54:08.329786,,,
ubi,463259,,1,0,20170611,,forma_tecnica_463259,Y,,P1,20160609,20160707,20160714,,20180128,20180428,,,,,,,,,,,,,7,Y,2019-03-25 09:19:15.051881,,,
ubi,351199,,1,2,20160421,,forma_tecnica_351199,Y,,P2,20160820,20160917,20160924,,20160913,20161212,,,,,,,,,,,,,7,N,2016-04-18 08:33:22.073890,,,
bpm,494454,,2,0,20160623,,forma_tecnica_494454,N,,P1,20160424,20160522,20160529,,20160421,20160720,,,,,,,,,,,,,7,Y,2015-09-13 12:09:38.626947,,,
ubi,478307,,1,2,20180528,,forma_tecnica_478307,Y,,P1,20180727,20180824,20180831,,20150929,20151228,,,,,,,,,,,,,7,N,2018-04-21 18:16:30.678986,,,
bpm,466851,,1,0,20181111,,forma_tecnica_466851,N,,P2,20160112,20160209,20160216,,20181009,20190107,,,,,,,,,,,,,7,N,2017-12-29 23:10:10.932121,,,
bancamarche,351199,,3,1,20190205,,forma_tecnica_351199,N,,P2,20160203,20160302,20160309,,20180526,20180824,,,,,,,,,,,,,7,N,2017-09-19 07:38:00.239009,,,
ubi,463259,,1,1,20160902,,forma_tecnica_463259,Y,,P2,20150928,20151026,20151102,,20160613,20160911,,,,,,,,,,,,,7,N,2019-02-11 05:44:26.424589,,,
bancamarche,334095,,1,0,20190214,,forma_tecnica_334095,N,,P2,20180107,20180204,20180211,,20180403,20180702,,,,,,,,,,,,,7,Y,2018-04-05 14:36:26.445913,,,
bpm,486194,,3,0,20170405,,forma_tecnica_486194,N,,P2,20180409,20180507,20180514,,20181018,20190116,,,,,,,,,,,,,7,Y,2016-02-17 05:17:02.100994,,,
bpm,504858,,1,2,20150724,,forma_tecnica_504858,Y,,P1,20150723,20150820,20150827,,20180525,20180823,,,,,,,,,,,,,7,N,2018-11-26 20:20:34.045564,,,
ubi,476314,,1,0,20170824,,forma_tecnica_476314,N,,P1,20151214,20160111,20160118,,20160206,20160506,,,,,,,,,,,,,7,N,2015-06-28 00:34:06.733665,,,
ubi,284096,,3,0,20190118,,forma_tecnica_284096,Y,,P1,20170520,20170617,20170624,,20150702,20150930,,,,,,,,,,,,,7,N,2015-12-10 15:25:12.638845,,,
ubi,295528,,2,0,20150823,,forma_tecnica_295528,N,,P1,20160507,20160604,20160611,,20160409,20160708,,,,,,,,,,,,,7,Y,2019-02-10 06:49:32.945725,,,
bpm,504858,,3,0,20151130,,forma_tecnica_504858,N,,P1,20160916,20161014,20161021,,20190210,20190511,,,,,,,,,,,,,7,Y,2017-02-24 21:21:31.900118,,,
bpm,476314,,1,1,20170604,,forma_tecnica_476314,Y,,P1,20170719,20170816,20170823,,20160710,20161008,,,,,,,,,,,,,7,Y,2017-12-31 08:28:06.919092,,,
bancamarche,287879,,2,0,20170718,,forma_tecnica_287879,Y,,P1,20160304,20160401,20160408,,20160514,20160812,,,,,,,,,,,,,7,Y,2016-02-03 10:09:16.481346,,,
bpm,334095,,2,2,20160214,,forma_tecnica_334095,N,,P1,20171027,20171124,20171201,,20190113,20190413,,,,,,,,,,,,,7,Y,2018-05-02 04:54:53.462063,,,
bpm,431531,,2,0,20170809,,forma_tecnica_431531,Y,,P1,20190118,20190215,20190222,,20170830,20171128,,,,,,,,,,,,,7,N,2018-03-12 23:25:53.276666,,,
bpm,466851,,1,1,20180606,,forma_tecnica_466851,Y,,P2,20161219,20170116,20170123,,20160813,20161111,,,,,,,,,,,,,7,Y,2017-08-24 13:23:47.733445,,,
