ubi,334095,20180601,20180701,20180608,20180615,20180622,20180629,8417,7562,01,CO
bancamarche,287879,20160507,20160606,20160514,20160521,20160528,20160604,6023,3728,02,CO
bpm,486194,20170725,20170824,20170801,20170808,20170815,20170822,7291,6334,03,CO
ubi,486194,20171110,20171210,20171117,20171124,20171201,20171208,6316,5320,03,CO
bpm,504858,20160913,20161013,20160920,20160927,20161004,20161011,7825,7196,03,PU
bpm,295528,20190522,20190621,20190529,20190605,20190612,,5721,5248,01,CO
bpm,287879,20181031,20181130,20181107,20181114,20181121,20181128,3191,4920,02,CO
bancamarche,431531,20150821,20150920,20150828,20150904,20150911,20150918,8937,7896,02,CO
bpm,486194,20170303,20170402,20170310,20170317,20170324,20170331,9559,1368,01,CO
bancamarche,432906,20190426,20190526,20190503,20190510,20190517,20190524,6520,4083,10,CO
bpm,478307,20181209,20190108,20181216,,20181230,20190106,3663,7286,02,CO
ubi,287879,20150804,20150903,20150811,20150818,20150825,20150901,5565,3409,03,PU
ubi,351199,20180526,20180625,20180602,20180609,20180616,20180623,6345,7566,02,CO
ubi,403995,20170915,20171015,20170922,20170929,20171006,20171013,1050,6811,03,CO
bpm,328429,20171201,20171231,20171208,20171215,20171222,20171229,1041,4667,02,PU
ubi,440905,20150728,20150827,20150804,20150811,20150818,20150825,5542,1202,02,CO
bpm,295528,20170725,20170824,20170801,20170808,20170815,20170822,9863,9294,10,PU
bancamarche,476314,20160331,20160430,20160407,20160414,20160421,20160428,2601,5495,01,CO
ubi,328429,20161216,20170115,20161223,20161230,20170106,20170113,6607,1485,10,CO
bancamarche,486194,20181214,20190113,20181221,20181228,20190104,,4582,5079,02,CO
bancamarche,504858,20151207,20160106,20151214,20151221,20151228,,6235,9338,02,CO
bpm,476314,20170803,20170902,20170810,20170817,20170824,20170831,4540,3843,10,CO
bpm,334095,20180521,20180620,20180528,20180604,,20180618,6349,7087,03,CO
ubi,284096,20181202,20190101,20181209,20181216,20181223,20181230,7807,1537,02,PU
bancamarche,432906,20181205,20190104,20181212,20181219,20181226,20190102,5533,9064,21,CO
ubi,504858,20170813,20170912,20170820,20170827,,20170910,5091,4142,01,CO
bpm,463259,20160724,20160823,20160731,20160807,20160814,20160821,8508,9392,03,CO
bancamarche,494454,20181127,20181227,20181204,20181211,20181218,20181225,6806,5503,03,CO
bancamarche,431531,20171115,20171215,20171122,20171129,20171206,20171213,5033,4132,21,CO
bancamarche,504858,20180508,20180607,20180515,20180522,20180529,20180605,3847,8461,03,CO
ubi,476314,20161009,20161108,20161016,20161023,20161030,20161106,2420,6423,01,CO
bpm,284096,20160508,20160607,20160515,20160522,20160529,20160605,5591,1230,01,CO
bancamarche,295528,20160207,20160308,20160214,20160221,20160228,20160306,5197,3055,01,PU
bpm,502924,20161010,20161109,20161017,20161024,,20161107,4537,6375,02,PU
bancamarche,496737,20151230,20160129,20160106,,20160120,20160127,1931,9808,21,CO
bancamarche,463259,20171226,20180125,20180102,,20180116,20180123,6882,4725,02,PU
bancamarche,494454,20170523,20170622,20170530,20170606,20170613,20170620,1091,9020,01,CO
ubi,295528,20170609,20170709,20170616,20170623,,20170707,1031,6504,03,PU
ubi,440905,20160118,20160217,20160125,20160201,20160208,20160215,4297,9171,02,CO
bancamarche,284096,20150604,20150704,20150611,20150618,20150625,20150702,6734,4567,01,PU
bpm,431531,20151213,20160112,,20151227,20160103,20160110,7840,8674,10,CO
bancamarche,466851,20150823,20150922,20150830,20150906,20150913,20150920,9114,3354,01,PU
ubi,431531,20171026,20171125,,20171109,20171116,20171123,2268,4036,21,CO
ubi,504858,20170621,20170721,20170628,20170705,20170712,20170719,6829,6950,03,PU
bpm,486194,20180107,20180206,20180114,20180121,20180128,20180204,8810,7658,02,CO
ubi,440905,20170926,20171026,20171003,20171010,20171017,20171024,3235,9234,02,CO
bpm,403995,20171102,20171202,20171109,20171116,20171123,20171130,9411,3144,02,CO
ubi,351199,20150616,20150716,20150623,20150630,20150707,20150714,3580,2658,02,PU
bancamarche,403995,20150607,20150707,20150614,20150621,20150628,20150705,8576,5831,01,CO
bancamarche,496737,20180721,20180820,20180728,20180804,20180811,20180818,1290,1960,10,CO
ubi,502924,20170113,20170212,,,,20170210,6204,3635,01,CO
bpm,496737,20180220,20180322,20180227,20180306,20180313,20180320,8024,5397,01,CO
bancamarche,496737,20151204,20160103,,20151218,20151225,20160101,6684,4073,01,PU
ubi,466851,20180720,20180819,,20180803,20180810,,3526,6392,03,CO
bancamarche,463259,20151217,20160116,20151224,,20160107,20160114,6135,2113,10,PU
bpm,478307,20180826,20180925,20180902,20180909,20180916,20180923,6733,1642,21,CO
bancamarche,440905,20161213,20170112,20161220,20161227,20170103,20170110,5091,7794,02,PU
bancamarche,432906,20160906,20161006,20160913,20160920,20160927,,7813,4516,02,CO
ubi,496737,20160525,20160624,20160601,20160608,20160615,20160622,8436,3595,10,PU
bancamarche,284096,20171211,20180110,,20171225,20180101,20180108,6736,3666,02,CO
bpm,334095,20190311,20190410,20190318,20190325,20190401,20190408,5567,5123,10,CO
bancamarche,440905,20170610,20170710,20170617,,20170701,20170708,7149,7692,01,CO
bancamarche,486194,20170702,20170801,20170709,20170716,20170723,20170730,3137,4087,03,CO
bancamarche,334095,20171228,20180127,20180104,20180111,20180118,,4652,7315,10,CO
bpm,504858,20161003,20161102,20161010,20161017,20161024,20161031,2360,2766,03,CO
bancamarche,431531,20151026,20151125,20151102,20151109,20151116,20151123,8780,4329,10,CO
ubi,504858,20181126,20181226,20181203,20181210,20181217,20181224,7472,7317,01,CO
bpm,287879,20160218,20160319,20160225,20160303,20160310,20160317,5289,2083,21,CO
bancamarche,432906,20190305,20190404,20190312,20190319,20190326,20190402,9794,9763,03,CO
bpm,440905,20181215,20190114,20181222,,20190105,20190112,2192,7020,21,CO
bpm,440905,20150630,20150730,20150707,20150714,20150721,20150728,2693,1328,01,CO
bpm,328429,20180815,20180914,20180822,20180829,20180905,20180912,9489,4707,02,PU
bpm,351199,20190519,20190618,20190526,20190602,20190609,,3490,1806,03,CO
bancamarche,494454,20160308,20160407,20160315,20160322,20160329,20160405,9229,9968,10,CO
bpm,504858,20171208,20180107,20171215,20171222,20171229,,1496,9884,10,CO
ubi,494454,20160730,20160829,20160806,20160813,20160820,20160827,6364,2220,02,PU
bancamarche,504858,20190228,20190330,20190307,20190314,20190321,20190328,8560,7469,03,CO
bpm,463259,20190409,20190509,20190416,20190423,20190430,20190507,8663,3058,03,CO
bancamarche,463259,20180401,20180501,20180408,20180415,20180422,20180429,2950,5022,21,CO
bancamarche,478307,20171102,20171202,20171109,20171116,,20171130,4187,3650,01,CO
bpm,496737,20170807,20170906,20170814,20170821,20170828,20170904,3529,6075,21,PU
bancamarche,319180,20180622,20180722,20180629,20180706,20180713,20180720,6197,5847,21,CO
bpm,431531,20180224,20180326,20180303,20180310,20180317,20180324,9749,5486,10,CO
bpm,403995,20190405,20190505,20190412,20190419,20190426,20190503,9575,1640,21,CO
bancamarche,287879,20180925,20181025,20181002,20181009,20181016,20181023,7892,2045,02,CO
bpm,334095,20171118,20171218,20171125,,,20171216,1325,6516,01,CO
ubi,476314,20160826,20160925,20160902,20160909,20160916,20160923,6806,9930,21,CO
bpm,432906,20170707,20170806,20170714,20170721,20170728,20170804,4236,7084,01,CO
ubi,319180,20171216,20180115,20171223,20171230,20180106,20180113,3681,6229,03,CO
ubi,351199,20161219,20170118,,20170102,20170109,20170116,8406,3241,02,CO
bancamarche,504858,20190120,20190219,20190127,20190203,20190210,20190217,6295,3577,03,PU
bpm,478307,20170914,20171014,,20170928,20171005,20171012,7280,4345,10,CO
bpm,486194,20161112,20161212,20161119,20161126,,,9339,7634,21,CO
bancamarche,284096,20170711,20170810,,20170725,20170801,20170808,3169,5520,21,CO
bpm,432906,20181209,20190108,20181216,20181223,20181230,20190106,4666,6894,01,CO
bpm,432906,20170829,20170928,20170905,20170912,20170919,20170926,5353,1373,21,PU
bpm,319180,20180406,20180506,20180413,20180420,20180427,20180504,4057,7655,10,CO
bpm,403995,20161207,20170106,20161214,,20161228,20170104,1176,5197,02,CO
ubi,334095,20151106,20151206,20151113,20151120,20151127,20151204,8797,8574,21,CO
bpm,494454,20170120,20170219,20170127,20170203,20170210,20170217,1292,4045,01,PU
bancamarche,494454,20170723,20170822,,20170806,20170813,20170820,3846,2471,02,CO
bpm,351199,20150729,20150828,20150805,,20150819,20150826,9647,5070,03,CO
ubi,432906,20180906,20181006,20180913,20180920,20180927,20181004,4193,7002,10,CO
bpm,476314,20150830,20150929,,20150913,20150920,20150927,1320,5320,02,CO
bpm,328429,20180201,20180303,20180208,20180215,20180222,20180301,3094,9604,02,PU
bancamarche,334095,20160317,20160416,20160324,20160331,20160407,20160414,6892,1379,21,PU
bpm,287879,20160919,20161019,20160926,20161003,20161010,20161017,5559,1818,03,CO
bpm,295528,20150809,20150908,20150816,20150823,20150830,20150906,4075,6911,02,CO
bancamarche,403995,20170518,20170617,20170525,20170601,20170608,20170615,3151,7651,01,PU
bpm,319180,20170413,20170513,20170420,20170427,20170504,20170511,5340,1703,10,PU
bancamarche,328429,20160313,20160412,20160320,20160327,20160403,20160410,2283,6091,21,PU
bpm,440905,20160330,20160429,20160406,20160413,20160420,20160427,4362,1075,01,CO
ubi,351199,20180627,20180727,20180704,,20180718,20180725,2687,9199,10,CO
bpm,496737,20160812,20160911,20160819,20160826,20160902,20160909,8132,5326,03,CO
ubi,463259,20170110,20170209,20170117,20170124,20170131,20170207,2054,1498,10,PU
bancamarche,504858,20161010,20161109,20161017,20161024,20161031,20161107,6153,1981,02,PU
bancamarche,463259,20151112,20151212,20151119,20151126,20151203,20151210,3159,6871,03,CO
ubi,502924,20161118,20161218,20161125,20161202,20161209,20161216,8267,2929,02,CO
bancamarche,319180,20151201,20151231,20151208,,20151222,20151229,1666,9131,21,CO
bancamarche,432906,20170415,20170515,20170422,20170429,20170506,,9367,5950,21,CO
bpm,431531,20170608,20170708,20170615,20170622,,20170706,4520,4841,03,CO
bancamarche,478307,20181230,20190129,20190106,20190113,20190120,20190127,3845,4793,21,CO
bancamarche,502924,20180624,20180724,20180701,20180708,20180715,20180722,6771,1494,10,CO
ubi,287879,20180525,20180624,20180601,20180608,20180615,20180622,4939,8189,21,PU
bancamarche,494454,20180110,20180209,20180117,20180124,20180131,20180207,9349,3447,03,CO
bancamarche,502924,20150831,20150930,20150907,20150914,20150921,20150928,6642,4389,03,PU
bancamarche,351199,20160828,20160927,20160904,20160911,20160918,20160925,8212,9803,01,CO
bpm,351199,20151102,20151202,20151109,20151116,20151123,20151130,2636,8354,21,CO
bancamarche,431531,20160605,20160705,20160612,20160619,20160626,20160703,5785,2009,21,CO
ubi,478307,20190311,20190410,20190318,20190325,20190401,20190408,5724,5842,01,PU
bpm,478307,20150827,20150926,,20150910,20150917,20150924,1463,9845,02,PU
bancamarche,440905,20170425,20170525,,20170509,,20170523,4365,2666,01,CO
bpm,504858,20180922,20181022,20180929,20181006,20181013,20181020,3143,6667,01,CO
ubi,284096,20170417,20170517,20170424,20170501,20170508,20170515,7654,5275,10,CO
bpm,334095,20150702,20150801,20150709,20150716,20150723,20150730,8672,3589,02,PU
bpm,504858,20190410,20190510,20190417,20190424,20190501,20190508,4024,6107,02,CO
ubi,334095,20170504,20170603,20170511,20170518,20170525,20170601,5782,9244,01,CO
ubi,431531,20151005,20151104,20151012,20151019,20151026,20151102,6053,3607,02,CO
ubi,284096,20150701,20150731,20150708,20150715,20150722,20150729,3137,2316,10,CO
ubi,496737,20160528,20160627,20160604,20160611,20160618,20160625,9632,8385,01,PU
bpm,496737,20181213,20190112,20181220,20181227,,20190110,3657,8505,01,CO
ubi,440905,20190409,20190509,20190416,20190423,20190430,20190507,1065,3276,10,CO
ubi,440905,20170216,20170318,20170223,20170302,20170309,20170316,4857,4813,10,CO
bpm,478307,20161113,20161213,,20161127,20161204,20161211,1454,3846,10,PU
bpm,432906,20170705,20170804,20170712,20170719,20170726,20170802,1648,4444,03,PU
ubi,328429,20160706,20160805,20160713,20160720,20160727,20160803,5046,5066,02,CO
bpm,403995,20180612,20180712,20180619,20180626,20180703,20180710,3089,5785,01,CO
bancamarche,463259,20181020,20181119,20181027,20181103,20181110,20181117,1553,2025,03,PU
ubi,328429,20150908,20151008,20150915,20150922,20150929,20151006,4565,7954,03,CO
ubi,486194,20151119,20151219,20151126,20151203,20151210,20151217,8679,6400,01,PU
ubi,431531,20160514,20160613,20160521,20160528,,20160611,7746,5085,01,CO
bpm,334095,20170312,20170411,,20170326,20170402,20170409,9697,1169,02,CO
ubi,334095,20190215,20190317,20190222,20190301,20190308,20190315,1655,2539,21,CO
bancamarche,440905,20180526,20180625,20180602,20180609,20180616,20180623,7804,7795,03,CO
ubi,403995,20180531,20180630,20180607,20180614,20180621,20180628,1724,1929,10,CO
bpm,494454,20180123,20180222,20180130,20180206,20180213,20180220,6793,3926,03,CO
ubi,328429,20190429,20190529,20190506,20190513,,20190527,3198,3829,21,CO
ubi,496737,20180919,20181019,20180926,20181003,20181010,20181017,3563,3266,03,CO
bancamarche,504858,20180905,20181005,20180912,,20180926,20181003,3352,4745,10,CO
ubi,319180,20180909,20181009,20180916,20180923,20180930,20181007,7732,3339,10,CO
ubi,351199,20180417,20180517,,20180501,20180508,20180515,8500,7940,02,CO
bancamarche,502924,20170116,20170215,20170123,20170130,20170206,,8449,3742,21,CO
bpm,431531,20161204,20170103,20161211,20161218,20161225,20170101,6172,2069,02,CO
bancamarche,284096,20190210,20190312,20190217,,20190303,20190310,7649,9979,21,CO
bpm,463259,20180122,20180221,20180129,20180205,20180212,20180219,2265,7974,10,CO
ubi,328429,20151122,20151222,,20151206,20151213,20151220,7798,5139,10,CO
ubi,351199,20151016,20151115,20151023,20151030,20151106,20151113,3561,7507,10,CO
ubi,319180,20190518,20190617,20190525,20190601,20190608,20190615,7588,1306,10,CO
bpm,432906,20180328,20180427,,20180411,20180418,20180425,5339,7706,21,CO
ubi,319180,20180331,20180430,20180407,20180414,20180421,20180428,2561,8598,02,CO
ubi,463259,20190427,20190527,,20190511,20190518,20190525,4210,5220,02,CO
ubi,463259,20180430,20180530,20180507,20180514,20180521,,9039,6045,21,CO
ubi,319180,20181128,20181228,20181205,20181212,,20181226,9425,6483,03,CO
ubi,284096,20160717,20160816,20160724,20160731,20160807,20160814,2759,5671,02,CO
bpm,502924,20150608,20150708,20150615,20150622,20150629,20150706,4270,8980,10,CO
bancamarche,431531,20170123,20170222,20170130,20170206,20170213,,4327,8539,21,CO
ubi,504858,20160329,20160428,20160405,,20160419,20160426,3226,1958,01,CO
bancamarche,432906,20160422,20160522,20160429,20160506,20160513,,9366,9959,21,PU
ubi,351199,20170605,20170705,20170612,20170619,,20170703,5037,1109,10,CO
ubi,319180,20160504,20160603,20160511,20160518,20160525,20160601,3713,4153,10,CO
ubi,319180,20161229,20170128,20170105,20170112,20170119,20170126,6247,5970,03,CO
ubi,463259,20160119,20160218,20160126,20160202,20160209,20160216,5505,8499,21,PU
ubi,504858,20161009,20161108,20161016,20161023,20161030,20161106,5815,7850,01,CO
ubi,496737,20190303,20190402,20190310,20190317,20190324,20190331,1339,6823,01,PU
bpm,496737,20180922,20181022,20180929,20181006,20181013,20181020,2963,4798,21,PU
bancamarche,496737,20181204,20190103,20181211,,20181225,20190101,7428,7148,01,PU
bpm,496737,20150919,20151019,20150926,20151003,20151010,,1568,1274,10,PU
ubi,432906,20170329,20170428,20170405,20170412,,20170426,2169,7547,03,PU
bpm,440905,20180217,20180319,20180224,,20180310,20180317,5718,5165,10,CO
bpm,478307,20180314,20180413,20180321,20180328,20180404,20180411,9534,9496,01,CO
bancamarche,432906,20180627,20180727,20180704,20180711,,20180725,9301,6676,10,PU
bancamarche,496737,20180312,20180411,20180319,,20180402,20180409,3258,4433,01,CO
ubi,486194,20180706,20180805,20180713,20180720,20180727,20180803,3394,6289,10,CO
ubi,476314,20180120,20180219,20180127,20180203,20180210,20180217,6683,6549,02,CO
ubi,431531,20181115,20181215,20181122,20181129,20181206,20181213,6815,5506,01,CO
ubi,496737,20160412,20160512,,20160426,20160503,20160510,3781,6612,01,PU
bpm,403995,20170909,20171009,20170916,20170923,20170930,20171007,7002,9142,03,PU
bancamarche,403995,20170608,20170708,20170615,20170622,20170629,20170706,2054,7253,10,CO
bpm,431531,20190222,20190324,20190301,20190308,20190315,,5390,1828,02,CO
bancamarche,478307,20170106,20170205,20170113,20170120,20170127,20170203,7719,2524,01,CO
bancamarche,476314,20170616,20170716,20170623,20170630,20170707,20170714,4630,9691,01,CO
bpm,334095,20160716,20160815,20160723,20160730,20160806,20160813,5215,8618,03,CO
bancamarche,494454,20170618,20170718,20170625,20170702,20170709,20170716,1786,8428,21,CO
bancamarche,287879,20150919,20151019,20150926,20151003,20151010,20151017,2497,9378,21,CO
bancamarche,463259,20180822,20180921,20180829,20180905,20180912,,5877,1179,21,CO
ubi,463259,20180511,20180610,20180518,20180525,20180601,20180608,6562,1924,10,CO
ubi,502924,20160629,20160729,20160706,20160713,20160720,20160727,4468,9290,21,CO
ubi,502924,20180916,20181016,20180923,20180930,20181007,20181014,5800,6392,01,CO
ubi,502924,20181031,20181130,20181107,20181114,,20181128,3140,1661,21,CO
bpm,478307,20151007,20151106,20151014,20151021,20151028,20151104,9659,3002,03,CO
bancamarche,494454,20180623,20180723,,20180707,20180714,20180721,7288,4874,10,CO
bpm,351199,20180609,20180709,20180616,20180623,20180630,20180707,8806,3090,03,CO
bpm,478307,20160102,20160201,20160109,20160116,20160123,20160130,8833,6569,10,CO
ubi,463259,20180713,20180812,20180720,20180727,20180803,20180810,8389,9100,03,CO
bancamarche,295528,20160113,20160212,20160120,20160127,20160203,,4694,5824,02,PU
ubi,351199,20170426,20170526,,20170510,20170517,20170524,4538,9741,03,CO
bpm,502924,20180502,20180601,20180509,20180516,20180523,20180530,4503,7660,21,CO
bpm,496737,20160715,20160814,20160722,20160729,20160805,20160812,5208,4524,10,CO
bpm,504858,20160627,20160727,,20160711,20160718,20160725,5966,3385,01,CO
bpm,319180,20160518,20160617,20160525,,20160608,20160615,6690,5999,03,CO
bancamarche,440905,20170514,20170613,20170521,,20170604,20170611,4255,9673,02,CO
bancamarche,494454,20160304,20160403,20160311,20160318,20160325,20160401,8207,9486,03,CO
bpm,295528,20150724,20150823,20150731,20150807,20150814,20150821,3261,5808,01,CO
ubi,328429,20170604,20170704,20170611,,20170625,20170702,8264,6487,02,CO
bancamarche,319180,20180228,20180330,20180307,20180314,20180321,20180328,4055,7188,10,CO
bpm,502924,20160310,20160409,20160317,20160324,20160331,20160407,5406,3299,03,CO
ubi,319180,20190329,20190428,20190405,20190412,20190419,20190426,8104,4434,21,PU
bpm,494454,20180207,20180309,20180214,20180221,20180228,20180307,4507,3277,03,CO
bancamarche,478307,20160130,20160229,20160206,20160213,20160220,20160227,6288,4671,10,CO
bpm,502924,20170612,20170712,20170619,20170626,20170703,20170710,3490,2224,01,CO
bancamarche,328429,20170222,20170324,20170301,20170308,20170315,20170322,8693,3785,03,CO
bpm,486194,20160831,20160930,20160907,20160914,20160921,20160928,3573,8751,01,CO
ubi,440905,20150718,20150817,20150725,20150801,,20150815,6369,1529,21,CO
ubi,334095,20170222,20170324,20170301,20170308,20170315,20170322,3668,8876,01,PU
bpm,504858,20160526,20160625,20160602,20160609,20160616,20160623,4429,3470,01,PU
ubi,496737,20160908,20161008,20160915,20160922,20160929,20161006,6004,9999,10,CO
bpm,463259,20151224,20160123,20151231,20160107,20160114,,3202,1220,21,CO
ubi,440905,20160223,20160324,20160301,20160308,,20160322,9682,9293,10,CO
bpm,328429,20170503,20170602,20170510,20170517,20170524,20170531,6484,5892,03,CO
bancamarche,295528,20170926,20171026,20171003,20171010,20171017,20171024,2191,1322,10,CO
bpm,328429,20150918,20151018,20150925,20151002,20151009,20151016,3507,7138,03,CO
ubi,466851,20180704,20180803,,20180718,20180725,20180801,7274,3266,02,CO
bpm,496737,20180731,20180830,,20180814,20180821,20180828,4295,9938,21,CO
bpm,328429,20160721,20160820,20160728,20160804,20160811,20160818,9464,8607,03,CO
bpm,319180,20171221,20180120,20171228,20180104,20180111,20180118,2735,6719,02,CO
ubi,328429,20190504,20190603,20190511,20190518,20190525,20190601,9437,3489,02,CO
bpm,502924,20190410,20190510,,20190424,20190501,20190508,8404,7697,02,CO
bpm,403995,20150904,20151004,20150911,20150918,20150925,20151002,7550,8826,21,CO
bpm,328429,20160731,20160830,20160807,20160814,20160821,,3725,3747,10,CO
ubi,463259,20180809,20180908,20180816,20180823,20180830,20180906,7517,6827,21,CO
bancamarche,476314,20170613,20170713,,20170627,20170704,20170711,7574,7919,02,PU
bpm,463259,20170128,20170227,20170204,20170211,,20170225,5605,8071,01,CO
bancamarche,284096,20180704,20180803,20180711,20180718,20180725,20180801,2893,4728,01,CO
ubi,351199,20180517,20180616,20180524,20180531,20180607,,1463,8533,03,CO
bpm,463259,20160328,20160427,20160404,20160411,20160418,20160425,2731,8369,03,CO
bpm,440905,20160201,20160302,20160208,20160215,20160222,20160229,4982,1606,01,PU
ubi,476314,20180606,20180706,20180613,20180620,20180627,20180704,4168,9598,10,CO
bancamarche,287879,20151125,20151225,20151202,20151209,20151216,20151223,9693,3815,02,CO
ubi,466851,20170710,20170809,20170717,20170724,20170731,20170807,6441,1521,01,CO
bpm,496737,20180422,20180522,20180429,20180506,20180513,20180520,7324,8321,10,CO
ubi,328429,20180309,20180408,20180316,20180323,20180330,20180406,2041,5008,01,CO
bpm,284096,20170426,20170526,20170503,20170510,20170517,,5604,8898,01,PU
ubi,486194,20171002,20171101,20171009,20171016,20171023,20171030,9262,7331,03,CO
bancamarche,478307,20180731,20180830,20180807,20180814,20180821,,2614,1733,02,CO
bancamarche,319180,20160621,20160721,20160628,20160705,20160712,,4317,5904,10,PU
bpm,504858,20160630,20160730,20160707,20160714,20160721,20160728,1428,4489,02,CO
bancamarche,494454,20160323,20160422,20160330,20160406,20160413,20160420,2538,8544,01,PU
ubi,319180,20170210,20170312,20170217,20170224,20170303,20170310,7362,2043,10,CO
ubi,502924,20181113,20181213,20181120,,20181204,20181211,3104,8153,02,PU
bpm,295528,20161025,20161124,20161101,,,20161122,9049,7982,02,PU
bancamarche,440905,20190124,20190223,20190131,20190207,20190214,20190221,7253,5298,03,CO
bpm,440905,20180430,20180530,20180507,20180514,20180521,20180528,6075,7478,03,CO
bancamarche,502924,20171019,20171118,,20171102,20171109,20171116,9969,6824,03,PU
bpm,486194,20150814,20150913,20150821,20150828,20150904,20150911,3248,3747,02,CO
ubi,496737,20170404,20170504,20170411,20170418,20170425,,5738,5809,03,PU
bpm,496737,20181209,20190108,20181216,20181223,20181230,20190106,3097,3501,03,CO
ubi,351199,20160811,20160910,20160818,20160825,20160901,20160908,9379,3764,03,CO
bpm,284096,20180224,20180326,20180303,20180310,20180317,20180324,1313,8469,03,PU
bancamarche,494454,20190512,20190611,20190519,20190526,20190602,20190609,6259,9243,10,CO
ubi,319180,20171027,20171126,20171103,20171110,20171117,20171124,6982,1514,01,CO
bpm,440905,20160115,20160214,20160122,20160129,20160205,20160212,6247,8155,21,CO
ubi,287879,20180521,20180620,,,20180611,20180618,1371,6430,21,CO
bpm,440905,20181104,20181204,20181111,20181118,20181125,20181202,9402,8849,02,CO
bancamarche,328429,20170719,20170818,20170726,20170802,20170809,20170816,4944,4857,21,CO
ubi,502924,20150909,20151009,20150916,20150923,20150930,20151007,8410,9529,01,CO
ubi,431531,20180327,20180426,20180403,20180410,20180417,20180424,9859,7173,10,CO
bpm,351199,20171114,20171214,,20171128,20171205,20171212,3072,8852,21,CO
ubi,496737,20151230,20160129,20160106,,20160120,20160127,6161,5200,10,PU
bancamarche,284096,20170319,20170418,20170326,20170402,20170409,20170416,5044,9422,10,CO
bpm,502924,20190527,20190626,20190603,,20190617,20190624,3682,2351,02,PU
bpm,431531,20170510,20170609,20170517,20170524,20170531,,9051,6621,01,CO
bpm,319180,20180708,20180807,20180715,20180722,20180729,20180805,5729,7267,01,CO
bpm,463259,20180917,20181017,20180924,,20181008,20181015,9229,6509,10,PU
ubi,403995,20161014,20161113,,20161028,20161104,20161111,7819,5942,10,CO
bancamarche,476314,20150718,20150817,20150725,20150801,20150808,20150815,3698,1469,10,CO
ubi,319180,20180707,20180806,,20180721,20180728,,7746,9890,10,CO
ubi,463259,20170206,20170308,20170213,20170220,20170227,,9703,6926,01,PU
bancamarche,403995,20170923,20171023,20170930,20171007,20171014,20171021,3617,7699,21,CO
bancamarche,284096,20150804,20150903,20150811,20150818,20150825,20150901,7200,7565,03,CO
ubi,432906,20151209,20160108,20151216,20151223,20151230,20160106,1127,5215,21,CO
bpm,328429,20181012,20181111,20181019,20181026,20181102,20181109,3289,8558,10,PU
ubi,431531,20170523,20170622,20170530,20170606,20170613,20170620,4387,5930,02,PU
bancamarche,295528,20180223,20180325,20180302,20180309,,20180323,2901,7761,02,PU
bancamarche,476314,20170322,20170421,,20170405,20170412,20170419,4290,2321,01,CO
bancamarche,502924,20160605,20160705,20160612,,20160626,20160703,7449,2059,21,CO
ubi,496737,20160719,20160818,20160726,20160802,20160809,20160816,7342,3787,02,CO
bancamarche,440905,20170723,20170822,20170730,20170806,,20170820,7532,2759,03,CO
bancamarche,287879,20151103,20151203,20151110,20151117,,20151201,1532,4031,03,CO
ubi,496737,20180717,20180816,20180724,20180731,20180807,20180814,8994,4079,10,CO
bancamarche,502924,20150806,20150905,20150813,20150820,20150827,20150903,1013,1092,01,CO
bpm,432906,20180919,20181019,20180926,20181003,20181010,20181017,6047,5669,10,CO
ubi,502924,20151013,20151112,20151020,20151027,20151103,20151110,2845,1274,10,CO
bancamarche,328429,20160814,20160913,20160821,20160828,20160904,,5204,6924,10,CO
bpm,295528,20161203,20170102,20161210,20161217,20161224,20161231,1634,3083,21,CO
bpm,440905,20161212,20170111,20161219,20161226,20170102,20170109,7873,7324,21,PU
ubi,463259,20180327,20180426,20180403,20180410,,20180424,9632,8444,10,PU
bpm,287879,20180128,20180227,20180204,,20180218,20180225,8639,3954,10,CO
bancamarche,287879,20161201,20161231,,20161215,,20161229,7966,9634,21,CO
ubi,440905,20180623,20180723,20180630,20180707,20180714,20180721,8305,7343,03,CO
ubi,466851,20151224,20160123,20151231,20160107,20160114,20160121,1365,7742,03,PU
bpm,478307,20170427,20170527,20170504,,20170518,20170525,1255,2357,01,CO
ubi,463259,20170309,20170408,20170316,20170323,20170330,20170406,6447,9860,03,PU
bancamarche,494454,20160813,20160912,20160820,20160827,20160903,,8239,4176,10,CO
ubi,504858,20170116,20170215,20170123,,20170206,20170213,6641,7671,03,CO
bancamarche,440905,20160725,20160824,20160801,20160808,20160815,20160822,9795,4461,10,CO
bpm,466851,20161026,20161125,20161102,20161109,20161116,20161123,6420,2755,02,CO
bancamarche,476314,20160922,20161022,20160929,20161006,20161013,20161020,3207,3419,10,CO
bancamarche,463259,20190318,20190417,20190325,,20190408,20190415,4085,3391,21,CO
bpm,463259,20170128,20170227,20170204,20170211,20170218,20170225,2516,9221,02,CO
bancamarche,403995,20160616,20160716,20160623,20160630,20160707,20160714,8152,7513,21,CO
bancamarche,440905,20160515,20160614,20160522,20160529,20160605,20160612,9550,3200,03,CO
bpm,478307,20161226,20170125,20170102,20170109,20170116,20170123,6797,7803,02,CO
ubi,319180,20150906,20151006,20150913,20150920,20150927,20151004,6503,8564,21,CO
bpm,463259,20171231,20180130,20180107,20180114,20180121,20180128,9532,5706,03,PU
ubi,295528,20170315,20170414,20170322,20170329,20170405,20170412,5651,4233,10,CO
ubi,284096,20190112,20190211,20190119,,20190202,20190209,5667,7893,03,CO
bancamarche,494454,20190120,20190219,20190127,20190203,20190210,20190217,4939,3394,01,PU
ubi,284096,20180301,20180331,20180308,20180315,20180322,20180329,2203,6927,02,CO
bancamarche,486194,20180214,20180316,20180221,20180228,20180307,,4684,2993,02,CO
bpm,284096,20161120,20161220,20161127,20161204,20161211,20161218,7676,5759,03,CO
bancamarche,334095,20180816,20180915,20180823,20180830,20180906,20180913,6821,2090,03,CO
bpm,319180,20160403,20160503,20160410,,20160424,,1750,5848,10,CO
ubi,478307,20170717,20170816,20170724,20170731,20170807,20170814,8860,9319,02,PU
bpm,466851,20160814,20160913,20160821,20160828,20160904,20160911,5286,1258,01,CO
bancamarche,432906,20180226,20180328,20180305,20180312,20180319,20180326,6491,8573,01,CO
bancamarche,432906,20180605,20180705,20180612,20180619,20180626,20180703,3978,4779,01,PU
ubi,319180,20160220,20160321,20160227,20160305,20160312,20160319,4400,2726,21,PU
bpm,440905,20160324,20160423,20160331,20160407,20160414,20160421,7695,8409,01,CO
ubi,494454,20190223,20190325,20190302,20190309,20190316,20190323,6382,5029,01,CO
bancamarche,440905,20160619,20160719,20160626,20160703,,20160717,9452,8863,01,CO
bancamarche,494454,20160430,20160530,20160507,20160514,20160521,20160528,4419,9954,02,CO
bpm,502924,20170330,20170429,,,20170420,,7430,2614,21,CO
ubi,334095,20170206,20170308,20170213,20170220,,20170306,3663,1335,10,CO
bpm,319180,20180406,20180506,20180413,20180420,,20180504,1668,2988,03,PU
bpm,287879,20160308,20160407,20160315,20160322,20160329,20160405,3813,7037,03,PU
ubi,328429,20170726,20170825,20170802,20170809,20170816,20170823,9025,5301,01,CO
bancamarche,431531,20171015,20171114,20171022,20171029,20171105,20171112,4853,9425,02,PU
bancamarche,494454,20190319,20190418,20190326,20190402,20190409,20190416,5245,9785,01,CO
ubi,502924,20151128,20151228,20151205,20151212,20151219,20151226,2745,3827,21,CO
bpm,295528,20151027,20151126,,20151110,,20151124,7584,7813,02,CO
bancamarche,486194,20180603,20180703,20180610,20180617,20180624,20180701,6321,9196,21,CO
ubi,463259,20181030,20181129,20181106,20181113,20181120,20181127,4972,4001,03,CO
ubi,478307,20171125,20171225,,20171209,20171216,20171223,7714,7203,21,PU
ubi,351199,20180126,20180225,20180202,,20180216,20180223,8259,7675,03,CO
bancamarche,328429,20180315,20180414,20180322,20180329,20180405,20180412,2282,4713,10,CO
ubi,351199,20190419,20190519,20190426,20190503,20190510,20190517,8698,4066,03,CO
bancamarche,295528,20170824,20170923,20170831,20170907,20170914,20170921,5645,8389,01,CO
bpm,496737,20161110,20161210,20161117,20161124,,20161208,1363,7927,03,CO
bancamarche,504858,20160118,20160217,20160125,20160201,20160208,20160215,1020,2994,03,CO
ubi,494454,20190330,20190429,20190406,20190413,20190420,20190427,6807,8610,03,PU
bancamarche,476314,20170221,20170323,20170228,20170307,20170314,,8673,9783,01,CO
bancamarche,476314,20170627,20170727,20170704,20170711,20170718,20170725,9849,7294,10,CO
ubi,463259,20170529,20170628,,20170612,20170619,,8399,5013,02,CO
ubi,486194,20170402,20170502,20170409,20170416,20170423,20170430,3968,8126,21,PU
ubi,494454,20181009,20181108,20181016,20181023,20181030,20181106,8667,7126,10,CO
ubi,504858,20171018,20171117,20171025,20171101,20171108,20171115,2006,5589,21,CO
ubi,496737,20190305,20190404,20190312,20190319,20190326,20190402,9290,2807,10,CO
bancamarche,466851,20160609,20160709,20160616,20160623,20160630,20160707,1350,6100,10,CO
ubi,295528,20181003,20181102,20181010,20181017,,20181031,9648,9723,21,CO
bancamarche,319180,20180324,20180423,20180331,20180407,20180414,20180421,8481,7274,01,PU
bpm,440905,20180225,20180327,20180304,20180311,20180318,20180325,3585,3150,21,CO
ubi,287879,20150613,20150713,20150620,20150627,20150704,20150711,6100,9588,03,PU
bpm,351199,20171229,20180128,20180105,20180112,20180119,20180126,9024,5975,21,CO
bancamarche,403995,20171113,20171213,20171120,20171127,,20171211,7827,8990,02,CO
ubi,502924,20190526,20190625,20190602,20190609,20190616,20190623,2785,1671,03,CO
bpm,403995,20180404,20180504,20180411,,,20180502,7825,7746,03,CO
ubi,502924,20181111,20181211,20181118,20181125,,20181209,5325,6958,10,PU
ubi,496737,20160310,20160409,20160317,20160324,20160331,20160407,5460,3327,02,PU
bpm,284096,20180704,20180803,20180711,20180718,20180725,20180801,8125,9119,02,CO
ubi,295528,20161215,20170114,20161222,,20170105,20170112,1524,7016,21,PU
ubi,478307,20160910,20161010,20160917,20160924,,,8946,3897,01,CO
ubi,502924,20190223,20190325,20190302,20190309,20190316,20190323,7982,8820,02,CO
bancamarche,328429,20160226,20160327,,20160311,20160318,20160325,7903,9200,03,PU
ubi,502924,20160308,20160407,20160315,20160322,20160329,20160405,6824,5963,10,CO
ubi,328429,20171002,20171101,20171009,20171016,20171023,,9548,1663,21,CO
ubi,463259,20160410,20160510,20160417,20160424,20160501,20160508,5318,4077,01,CO
bancamarche,432906,20180415,20180515,20180422,20180429,20180506,20180513,6125,3995,01,PU
ubi,494454,20171125,20171225,20171202,20171209,20171216,,3803,4628,10,CO
bpm,476314,20180111,20180210,20180118,20180125,20180201,20180208,9090,3042,01,PU
bpm,478307,20150601,20150701,20150608,20150615,20150622,20150629,9998,3321,10,CO
bancamarche,431531,20151230,20160129,20160106,20160113,20160120,20160127,3685,8851,01,CO
bpm,295528,20151216,20160115,20151223,20151230,20160106,20160113,6044,9723,10,PU
bancamarche,284096,20160803,20160902,,20160817,20160824,20160831,2382,6610,03,CO
ubi,351199,20160311,20160410,20160318,20160325,20160401,20160408,5686,3239,01,PU
ubi,295528,20151019,20151118,,20151102,20151109,20151116,4047,6768,10,CO
bancamarche,486194,20161129,20161229,20161206,20161213,20161220,20161227,4953,1514,10,CO
bpm,496737,20160824,20160923,20160831,20160907,20160914,20160921,1462,5688,01,CO
bpm,403995,20190125,20190224,,20190208,20190215,20190222,9732,6379,01,CO
bpm,328429,20180604,20180704,,20180618,20180625,20180702,7761,2899,03,PU
bpm,494454,20180405,20180505,20180412,20180419,20180426,20180503,3903,3598,10,CO
bpm,328429,20170505,20170604,20170512,20170519,20170526,20170602,6870,1469,02,CO
bpm,287879,20151228,20160127,20160104,20160111,20160118,20160125,7759,1330,01,CO
bpm,351199,20160803,20160902,20160810,20160817,,20160831,5858,4873,21,CO
ubi,463259,20160108,20160207,20160115,20160122,20160129,20160205,1415,4199,10,PU
bancamarche,496737,20160513,20160612,20160520,20160527,20160603,20160610,2767,2248,02,CO
ubi,431531,20170509,20170608,20170516,20170523,20170530,20170606,7452,3120,01,PU
bancamarche,463259,20190130,20190301,20190206,20190213,20190220,20190227,5008,7640,03,CO
bancamarche,478307,20151125,20151225,20151202,20151209,,20151223,1632,8628,02,PU
bpm,496737,20170611,20170711,20170618,20170625,20170702,20170709,3309,5613,02,CO
bancamarche,403995,20160603,20160703,20160610,20160617,20160624,20160701,5525,8624,01,PU
bancamarche,351199,20180824,20180923,20180831,20180907,20180914,20180921,1147,8842,03,CO
bancamarche,494454,20151226,20160125,20160102,20160109,20160116,20160123,5253,5072,10,PU
ubi,431531,20180412,20180512,20180419,,20180503,20180510,2171,7825,10,CO
ubi,284096,20160827,20160926,20160903,20160910,20160917,20160924,9633,8426,01,CO
bancamarche,287879,20161206,20170105,20161213,20161220,20161227,20170103,5737,5651,03,CO
bancamarche,440905,20180125,20180224,,20180208,20180215,20180222,2898,9956,21,PU
bancamarche,328429,20181114,20181214,20181121,20181128,20181205,20181212,1523,7665,21,PU
bpm,476314,20160519,20160618,20160526,20160602,20160609,20160616,4847,8244,21,CO
ubi,432906,20170828,20170927,20170904,20170911,20170918,20170925,8833,7505,10,CO
bpm,502924,20160426,20160526,20160503,20160510,20160517,20160524,2300,9217,01,CO
bancamarche,328429,20170613,20170713,20170620,20170627,20170704,20170711,1871,9163,01,CO
ubi,494454,20160902,20161002,20160909,20160916,20160923,20160930,7764,2329,21,PU
bancamarche,328429,20180423,20180523,20180430,20180507,20180514,20180521,8502,5495,01,CO
ubi,431531,20170415,20170515,,20170429,20170506,20170513,5455,5151,03,CO
ubi,319180,20190526,20190625,20190602,20190609,20190616,20190623,6719,8623,03,CO
bancamarche,328429,20160117,20160216,20160124,20160131,20160207,,4164,9950,10,CO
ubi,496737,20160425,20160525,,20160509,20160516,20160523,9953,1495,02,CO
bancamarche,504858,20181219,20190118,20181226,20190102,20190109,20190116,6622,7435,21,CO
bancamarche,334095,20170728,20170827,20170804,20170811,20170818,20170825,5646,4978,01,CO
bpm,351199,20170415,20170515,20170422,20170429,20170506,20170513,2787,6821,10,CO
bpm,504858,20160117,20160216,20160124,20160131,20160207,20160214,3377,1085,10,CO
bpm,502924,20160629,20160729,20160706,20160713,20160720,20160727,6672,3486,03,CO
bancamarche,403995,20160824,20160923,20160831,20160907,20160914,20160921,2111,4992,03,CO
bpm,504858,20160829,20160928,20160905,20160912,20160919,20160926,1378,8199,02,CO
ubi,502924,20160622,20160722,20160629,20160706,20160713,20160720,6911,4614,10,CO
ubi,486194,20150606,20150706,20150613,20150620,,20150704,4656,8668,03,PU
bancamarche,351199,20190312,20190411,20190319,20190326,20190402,20190409,4083,7113,03,CO
ubi,284096,20180805,20180904,20180812,20180819,20180826,20180902,3332,7038,03,CO
bancamarche,295528,20170814,20170913,20170821,,,20170911,2251,6113,10,CO
ubi,287879,20170422,20170522,20170429,20170506,20170513,20170520,6750,1061,03,PU
bancamarche,486194,20151130,20151230,20151207,20151214,20151221,20151228,5396,4024,21,CO
bpm,319180,20190304,20190403,20190311,20190318,20190325,20190401,2680,4989,03,CO
ubi,494454,20161205,20170104,20161212,20161219,20161226,20170102,9687,6074,10,CO
ubi,502924,20170426,20170526,20170503,20170510,20170517,20170524,3159,1144,10,CO
bpm,463259,20190522,20190621,,,20190612,20190619,8430,1073,03,CO
bpm,476314,20190112,20190211,20190119,20190126,20190202,20190209,8656,6285,02,CO
bancamarche,476314,20171217,20180116,20171224,,20180107,20180114,3601,2652,03,CO
bancamarche,319180,20171208,20180107,20171215,,20171229,,1768,2959,03,CO
bpm,295528,20190112,20190211,20190119,20190126,,20190209,5863,2347,02,CO
bancamarche,496737,20161225,20170124,20170101,20170108,20170115,20170122,3852,1364,02,CO
bpm,494454,20160730,20160829,20160806,,,20160827,9559,4203,02,CO
bancamarche,328429,20171003,20171102,20171010,20171017,,20171031,4340,2112,03,CO
bpm,403995,20170417,20170517,20170424,20170501,20170508,,5040,5186,01,CO
ubi,478307,20180609,20180709,20180616,20180623,20180630,20180707,4990,2728,21,CO
bpm,334095,20181025,20181124,20181101,,20181115,,7352,3185,21,CO
bpm,287879,20161222,20170121,20161229,,20170112,20170119,8903,7669,03,CO
bpm,351199,20160322,20160421,20160329,,20160412,20160419,1535,7715,03,CO
bpm,466851,20180628,20180728,20180705,20180712,,20180726,4431,1401,21,CO
ubi,504858,20171004,20171103,20171011,20171018,20171025,20171101,5852,8626,10,CO
ubi,284096,20161103,20161203,20161110,20161117,20161124,20161201,6385,8240,02,CO
ubi,463259,20171118,20171218,20171125,20171202,20171209,20171216,5245,2323,21,PU
bpm,478307,20171216,20180115,20171223,20171230,20180106,20180113,5516,5326,01,CO
ubi,403995,20180226,20180328,20180305,20180312,20180319,20180326,2612,9418,03,PU
bpm,432906,20170201,20170303,,20170215,20170222,20170301,6574,6867,01,CO
bpm,440905,20170610,20170710,20170617,20170624,20170701,20170708,1216,4484,03,PU
bpm,466851,20160719,20160818,20160726,20160802,20160809,,1464,6312,01,CO
bpm,287879,20170901,20171001,20170908,20170915,20170922,20170929,7338,6937,02,PU
bpm,463259,20170430,20170530,20170507,20170514,20170521,20170528,9419,8739,01,CO
bpm,440905,20181227,20190126,20190103,20190110,20190117,,1406,4642,10,CO
ubi,504858,20160221,20160322,20160228,20160306,20160313,20160320,6003,8028,02,CO
bancamarche,328429,20180617,20180717,20180624,20180701,20180708,20180715,5599,4543,02,CO
ubi,463259,20170225,20170327,20170304,20170311,20170318,20170325,4240,6740,21,CO
ubi,351199,20161015,20161114,20161022,20161029,,20161112,4232,3240,01,PU
bpm,494454,20180725,20180824,20180801,20180808,20180815,20180822,2753,3027,10,PU
ubi,478307,20170121,20170220,,20170204,20170211,20170218,5819,4165,03,CO
bpm,466851,20151014,20151113,20151021,20151028,20151104,20151111,9799,3512,21,CO
bancamarche,351199,20190331,20190430,20190407,,20190421,20190428,6347,2537,21,CO
ubi,463259,20151209,20160108,20151216,20151223,20151230,20160106,8486,3216,02,CO
bancamarche,334095,20170805,20170904,20170812,,20170826,20170902,5532,9489,21,CO
bpm,486194,20190209,20190311,20190216,20190223,20190302,20190309,2110,4947,03,PU
bpm,504858,20160925,20161025,,20161009,20161016,20161023,4782,5261,21,CO
ubi,476314,20170517,20170616,20170524,20170531,20170607,20170614,5477,1574,01,CO
ubi,284096,20190210,20190312,20190217,,,20190310,4615,3284,03,CO
ubi,295528,20181130,20181230,20181207,20181214,20181221,20181228,7870,6480,03,CO
bpm,504858,20190513,20190612,20190520,20190527,20190603,20190610,7648,9931,02,CO
bpm,476314,20170924,20171024,20171001,20171008,20171015,20171022,5014,1143,01,CO
bancamarche,287879,20180304,20180403,20180311,20180318,20180325,20180401,4709,8885,10,PU
bpm,334095,20171120,20171220,,20171204,20171211,20171218,4268,9621,10,CO
bpm,431531,20180610,20180710,20180617,20180624,20180701,,1946,9242,01,CO
bpm,466851,20160122,20160221,20160129,20160205,,20160219,3913,4888,10,CO
