20170708,c_key_2017-07-08 17:23:10.839918,,,1,0,,bpm,406021,,,0,,,,,,,,,,,,
20160611,c_key_2016-06-11 04:13:18.237769,,,27,1,,ubi,457999,,,1,,,,,,,,,,,,
20171126,c_key_2017-11-26 05:42:48.913880,,,27,2,,bancamarche,322309,,,0,,,,,,,,,,,,
20170807,c_key_2017-08-07 17:03:18.465615,,,91,1,,bancamarche,429664,,,1,,,,,,,,,,,,
20160118,c_key_2016-01-18 10:20:44.352973,,,1,2,,ubi,346574,,,0,,,,,,,,,,,,
20161109,c_key_2016-11-09 13:56:25.846035,,,0,2,,ubi,406021,,,1,,,,,,,,,,,,
20170406,c_key_2017-04-06 09:35:28.195767,,,88,2,,bancamarche,346574,,,1,,,,,,,,,,,,
20180421,c_key_2018-04-21 00:08:47.343385,,,88,2,,ubi,290675,,,2,,,,,,,,,,,,
20190204,c_key_2019-02-04 01:00:59.302115,,,91,0,,ubi,322309,,,0,,,,,,,,,,,,
20171202,c_key_2017-12-02 21:28:49.057695,,,0,2,,ubi,290106,,,0,,,,,,,,,,,,
20180601,c_key_2018-06-01 18:07:37.871775,,,0,1,,bpm,429664,,,2,,,,,,,,,,,,
20160503,c_key_2016-05-03 19:19:21.205298,,,0,2,,ubi,401995,,,1,,,,,,,,,,,,
20190429,c_key_2019-04-29 23:05:58.617556,,,0,0,,bpm,290106,,,1,,,,,,,,,,,,
20160204,c_key_2016-02-04 09:56:21.503969,,,1,0,,bancamarche,290106,,,0,,,,,,,,,,,,
20170806,c_key_2017-08-06 01:06:58.371479,,,27,1,,ubi,285421,,,2,,,,,,,,,,,,
20160624,c_key_2016-06-24 15:13:10.215920,,,1,1,,bpm,290675,,,0,,,,,,,,,,,,
20160923,c_key_2016-09-23 09:51:29.939957,,,91,1,,bancamarche,509482,,,0,,,,,,,,,,,,
20161003,c_key_2016-10-03 00:54:23.746619,,,27,2,,bancamarche,346574,,,0,,,,,,,,,,,,
20180319,c_key_2018-03-19 14:28:35.192181,,,88,0,,bpm,290106,,,2,,,,,,,,,,,,
20180909,c_key_2018-09-09 12:12:37.108581,,,27,2,,bpm,401995,,,1,,,,,,,,,,,,
20180105,c_key_2018-01-05 07:21:38.450185,,,0,2,,ubi,299409,,,0,,,,,,,,,,,,
20150630,c_key_2015-06-30 19:18:20.447679,,,27,2,,ubi,457999,,,1,,,,,,,,,,,,
20170226,c_key_2017-02-26 00:08:39.749162,,,1,0,,bpm,457999,,,2,,,,,,,,,,,,
20160803,c_key_2016-08-03 19:22:13.824155,,,1,2,,ubi,290675,,,0,,,,,,,,,,,,
20180409,c_key_2018-04-09 14:21:47.570267,,,27,2,,ubi,286707,,,0,,,,,,,,,,,,
20171112,c_key_2017-11-12 21:49:56.834823,,,91,1,,ubi,346574,,,1,,,,,,,,,,,,
20181111,c_key_2018-11-11 07:29:30.661500,,,88,1,,ubi,359362,,,1,,,,,,,,,,,,
20170405,c_key_2017-04-05 23:54:01.780546,,,0,0,,bpm,457999,,,2,,,,,,,,,,,,
20170414,c_key_2017-04-14 10:30:01.293818,,,88,1,,bpm,440946,,,2,,,,,,,,,,,,
20180128,c_key_2018-01-28 14:14:02.660043,,,0,2,,bancamarche,467182,,,2,,,,,,,,,,,,
20150826,c_key_2015-08-26 05:13:53.662074,,,0,1,,bancamarche,285421,,,1,,,,,,,,,,,,
20151103,c_key_2015-11-03 01:32:11.512235,,,1,0,,bpm,299409,,,1,,,,,,,,,,,,
20180930,c_key_2018-09-30 06:48:02.881708,,,0,0,,ubi,355722,,,1,,,,,,,,,,,,
20180525,c_key_2018-05-25 03:08:52.368434,,,1,0,,ubi,509482,,,2,,,,,,,,,,,,
20180803,c_key_2018-08-03 10:56:23.963650,,,91,2,,ubi,509482,,,2,,,,,,,,,,,,
20171215,c_key_2017-12-15 18:49:45.487877,,,0,0,,bpm,429664,,,2,,,,,,,,,,,,
20190122,c_key_2019-01-22 14:12:45.571284,,,1,2,,ubi,299409,,,0,,,,,,,,,,,,
20170712,c_key_2017-07-12 18:50:56.396372,,,91,0,,bpm,429664,,,2,,,,,,,,,,,,
20171122,c_key_2017-11-22 05:57:09.136884,,,0,1,,bpm,440946,,,0,,,,,,,,,,,,
20161228,c_key_2016-12-28 18:44:24.800200,,,1,2,,ubi,312268,,,2,,,,,,,,,,,,
20151225,c_key_2015-12-25 15:00:02.085971,,,27,0,,bancamarche,422013,,,1,,,,,,,,,,,,
20150824,c_key_2015-08-24 05:35:07.050505,,,91,0,,bancamarche,509482,,,1,,,,,,,,,,,,
20170922,c_key_2017-09-22 19:24:05.847912,,,1,1,,bancamarche,346574,,,1,,,,,,,,,,,,
20180819,c_key_2018-08-19 03:08:20.074398,,,88,2,,ubi,309588,,,0,,,,,,,,,,,,
20190510,c_key_2019-05-10 21:58:59.079726,,,88,2,,ubi,509482,,,2,,,,,,,,,,,,
20170418,c_key_2017-04-18 15:04:19.789988,,,27,2,,ubi,299409,,,2,,,,,,,,,,,,
20160222,c_key_2016-02-22 19:31:14.975711,,,0,2,,bancamarche,309588,,,2,,,,,,,,,,,,
20180729,c_key_2018-07-29 09:16:38.680094,,,91,0,,bancamarche,422013,,,1,,,,,,,,,,,,
20190108,c_key_2019-01-08 06:30:38.129613,,,27,2,,bancamarche,406021,,,0,,,,,,,,,,,,
20170608,c_key_2017-06-08 03:37:13.262629,,,27,2,,bpm,440946,,,0,,,,,,,,,,,,
20160414,c_key_2016-04-14 19:26:58.466994,,,27,2,,bancamarche,429664,,,0,,,,,,,,,,,,
20160824,c_key_2016-08-24 00:09:25.227765,,,0,0,,bpm,359362,,,0,,,,,,,,,,,,
20190327,c_key_2019-03-27 10:12:17.306473,,,1,1,,bancamarche,290675,,,0,,,,,,,,,,,,
20180708,c_key_2018-07-08 07:01:10.105889,,,27,1,,ubi,290675,,,0,,,,,,,,,,,,
20180417,c_key_2018-04-17 04:41:11.227285,,,91,2,,bancamarche,509482,,,0,,,,,,,,,,,,
20170910,c_key_2017-09-10 18:13:18.829571,,,88,2,,bpm,322309,,,1,,,,,,,,,,,,
20170923,c_key_2017-09-23 13:05:45.848586,,,88,0,,bpm,285421,,,1,,,,,,,,,,,,
20160320,c_key_2016-03-20 04:43:44.252774,,,91,1,,ubi,285421,,,2,,,,,,,,,,,,
20180720,c_key_2018-07-20 05:51:43.484812,,,27,2,,ubi,440946,,,0,,,,,,,,,,,,
20150820,c_key_2015-08-20 00:27:45.477386,,,0,0,,bpm,357451,,,2,,,,,,,,,,,,
20180109,c_key_2018-01-09 00:30:31.510609,,,88,1,,ubi,359362,,,2,,,,,,,,,,,,
20190416,c_key_2019-04-16 07:12:11.355076,,,88,0,,ubi,285421,,,1,,,,,,,,,,,,
20160802,c_key_2016-08-02 19:27:49.320512,,,88,2,,bancamarche,440946,,,1,,,,,,,,,,,,
20171212,c_key_2017-12-12 16:48:22.104088,,,88,1,,bpm,285421,,,0,,,,,,,,,,,,
20190327,c_key_2019-03-27 09:59:03.315653,,,91,2,,bancamarche,290675,,,1,,,,,,,,,,,,
20170412,c_key_2017-04-12 07:23:11.935647,,,1,2,,bancamarche,355722,,,1,,,,,,,,,,,,
20180320,c_key_2018-03-20 19:10:49.013160,,,0,0,,bpm,422013,,,0,,,,,,,,,,,,
20150919,c_key_2015-09-19 11:14:47.952992,,,91,2,,ubi,285421,,,0,,,,,,,,,,,,
20180809,c_key_2018-08-09 12:09:02.091338,,,91,2,,bpm,355722,,,2,,,,,,,,,,,,
20180305,c_key_2018-03-05 23:54:03.622961,,,0,1,,bancamarche,290106,,,2,,,,,,,,,,,,
20151130,c_key_2015-11-30 08:31:55.913514,,,91,0,,bancamarche,290106,,,1,,,,,,,,,,,,
20180821,c_key_2018-08-21 07:46:44.486192,,,88,0,,ubi,299409,,,0,,,,,,,,,,,,
20170703,c_key_2017-07-03 03:02:17.512605,,,88,0,,bpm,299409,,,0,,,,,,,,,,,,
20190329,c_key_2019-03-29 13:04:30.938192,,,1,1,,bancamarche,285421,,,2,,,,,,,,,,,,
20180815,c_key_2018-08-15 09:19:51.198156,,,0,1,,ubi,312268,,,1,,,,,,,,,,,,
20160124,c_key_2016-01-24 02:50:17.008386,,,91,0,,bpm,290675,,,0,,,,,,,,,,,,
20181214,c_key_2018-12-14 20:42:39.979366,,,0,0,,ubi,401995,,,2,,,,,,,,,,,,
20181225,c_key_2018-12-25 21:52:56.155822,,,27,1,,bpm,312268,,,0,,,,,,,,,,,,
20150824,c_key_2015-08-24 00:17:28.241333,,,88,2,,bancamarche,357451,,,0,,,,,,,,,,,,
20150923,c_key_2015-09-23 01:58:59.244608,,,88,1,,bancamarche,290106,,,2,,,,,,,,,,,,
20150719,c_key_2015-07-19 18:59:25.767460,,,27,0,,bancamarche,440946,,,2,,,,,,,,,,,,
20190324,c_key_2019-03-24 02:12:59.344250,,,88,2,,ubi,509482,,,0,,,,,,,,,,,,
20171028,c_key_2017-10-28 03:51:19.273130,,,0,0,,bancamarche,357451,,,2,,,,,,,,,,,,
20180710,c_key_2018-07-10 05:48:54.932939,,,27,1,,bancamarche,322309,,,1,,,,,,,,,,,,
20170506,c_key_2017-05-06 18:21:38.569632,,,88,0,,bpm,406021,,,0,,,,,,,,,,,,
20190208,c_key_2019-02-08 00:31:51.101561,,,27,1,,ubi,406021,,,0,,,,,,,,,,,,
20160830,c_key_2016-08-30 19:41:39.907659,,,1,2,,bpm,286707,,,2,,,,,,,,,,,,
20160805,c_key_2016-08-05 09:28:27.377399,,,0,1,,bpm,406021,,,2,,,,,,,,,,,,
20180722,c_key_2018-07-22 19:07:05.759839,,,0,1,,bpm,457999,,,0,,,,,,,,,,,,
20170314,c_key_2017-03-14 15:26:16.759106,,,88,1,,ubi,309588,,,2,,,,,,,,,,,,
20180829,c_key_2018-08-29 05:36:01.398014,,,1,2,,bancamarche,509482,,,0,,,,,,,,,,,,
20161011,c_key_2016-10-11 06:10:29.404937,,,88,0,,ubi,357451,,,2,,,,,,,,,,,,
20160719,c_key_2016-07-19 11:00:26.766316,,,0,1,,bancamarche,309588,,,2,,,,,,,,,,,,
20151102,c_key_2015-11-02 01:41:01.177051,,,0,2,,bancamarche,359362,,,1,,,,,,,,,,,,
20170523,c_key_2017-05-23 01:55:13.677456,,,88,1,,bpm,429664,,,1,,,,,,,,,,,,
20151120,c_key_2015-11-20 09:03:20.089263,,,27,0,,bpm,429664,,,0,,,,,,,,,,,,
20160906,c_key_2016-09-06 12:56:22.697073,,,1,1,,ubi,422013,,,1,,,,,,,,,,,,
20190209,c_key_2019-02-09 21:10:22.666524,,,1,0,,bancamarche,467182,,,0,,,,,,,,,,,,
20180526,c_key_2018-05-26 00:50:52.249049,,,91,0,,ubi,285421,,,0,,,,,,,,,,,,
20170805,c_key_2017-08-05 10:38:31.680233,,,88,1,,ubi,355722,,,0,,,,,,,,,,,,
20151010,c_key_2015-10-10 17:53:34.921151,,,88,1,,ubi,355722,,,1,,,,,,,,,,,,
20161230,c_key_2016-12-30 06:35:45.513942,,,1,2,,ubi,509482,,,1,,,,,,,,,,,,
20180223,c_key_2018-02-23 01:50:29.909763,,,88,2,,ubi,309588,,,1,,,,,,,,,,,,
20161205,c_key_2016-12-05 14:31:49.078440,,,1,0,,bpm,467182,,,0,,,,,,,,,,,,
20160717,c_key_2016-07-17 13:35:26.901448,,,27,1,,bancamarche,312268,,,1,,,,,,,,,,,,
20151211,c_key_2015-12-11 06:36:03.804085,,,27,2,,bpm,290675,,,1,,,,,,,,,,,,
20150812,c_key_2015-08-12 04:30:59.521269,,,88,0,,bpm,467182,,,1,,,,,,,,,,,,
20181205,c_key_2018-12-05 00:09:06.990060,,,27,1,,bancamarche,312268,,,1,,,,,,,,,,,,
20181107,c_key_2018-11-07 07:31:01.410254,,,91,0,,bpm,290106,,,1,,,,,,,,,,,,
20170801,c_key_2017-08-01 18:26:43.013088,,,0,0,,ubi,357451,,,0,,,,,,,,,,,,
20160227,c_key_2016-02-27 11:02:01.330711,,,0,2,,bancamarche,429664,,,1,,,,,,,,,,,,
20160812,c_key_2016-08-12 08:25:48.238302,,,1,2,,bpm,290675,,,0,,,,,,,,,,,,
20160826,c_key_2016-08-26 18:57:40.574793,,,27,2,,bpm,299409,,,0,,,,,,,,,,,,
20161022,c_key_2016-10-22 20:28:04.454306,,,27,2,,bancamarche,286707,,,0,,,,,,,,,,,,
20171227,c_key_2017-12-27 04:16:42.758338,,,27,1,,bpm,467182,,,0,,,,,,,,,,,,
20160421,c_key_2016-04-21 09:52:25.292718,,,27,1,,bancamarche,285421,,,1,,,,,,,,,,,,
20151210,c_key_2015-12-10 21:29:42.994581,,,88,1,,bpm,355722,,,1,,,,,,,,,,,,
20180220,c_key_2018-02-20 17:41:49.265191,,,27,2,,ubi,422013,,,0,,,,,,,,,,,,
20180621,c_key_2018-06-21 05:33:45.658981,,,88,1,,bpm,509482,,,1,,,,,,,,,,,,
20170713,c_key_2017-07-13 01:50:18.217428,,,1,0,,bpm,422013,,,0,,,,,,,,,,,,
20180721,c_key_2018-07-21 18:12:16.164501,,,1,0,,bancamarche,401995,,,2,,,,,,,,,,,,
20160925,c_key_2016-09-25 14:51:36.589247,,,88,2,,bpm,440946,,,2,,,,,,,,,,,,
20180809,c_key_2018-08-09 17:20:48.953576,,,0,2,,ubi,290106,,,1,,,,,,,,,,,,
20170726,c_key_2017-07-26 14:46:35.759399,,,27,2,,ubi,312268,,,2,,,,,,,,,,,,
20190324,c_key_2019-03-24 12:56:53.857749,,,88,0,,bancamarche,299409,,,0,,,,,,,,,,,,
20190122,c_key_2019-01-22 12:02:05.042642,,,88,1,,bpm,290675,,,1,,,,,,,,,,,,
20170507,c_key_2017-05-07 07:21:40.104248,,,27,1,,bancamarche,355722,,,1,,,,,,,,,,,,
20171019,c_key_2017-10-19 05:03:23.938609,,,88,0,,bpm,401995,,,2,,,,,,,,,,,,
20161004,c_key_2016-10-04 14:26:36.525727,,,0,1,,bpm,429664,,,0,,,,,,,,,,,,
20180824,c_key_2018-08-24 13:39:36.119110,,,1,2,,bpm,290675,,,0,,,,,,,,,,,,
20190312,c_key_2019-03-12 06:01:55.574429,,,1,0,,bpm,440946,,,2,,,,,,,,,,,,
20190111,c_key_2019-01-11 01:39:39.473436,,,1,2,,bancamarche,309588,,,1,,,,,,,,,,,,
20161210,c_key_2016-12-10 19:29:28.831873,,,0,2,,bpm,355722,,,1,,,,,,,,,,,,
20180917,c_key_2018-09-17 07:05:05.487500,,,27,2,,bpm,440946,,,1,,,,,,,,,,,,
20151108,c_key_2015-11-08 08:45:53.398953,,,91,1,,ubi,422013,,,0,,,,,,,,,,,,
20170730,c_key_2017-07-30 01:10:39.382839,,,0,1,,ubi,359362,,,1,,,,,,,,,,,,
20180310,c_key_2018-03-10 22:45:15.121273,,,1,0,,bpm,290675,,,2,,,,,,,,,,,,
20181126,c_key_2018-11-26 18:01:12.615461,,,27,0,,bancamarche,401995,,,0,,,,,,,,,,,,
20181008,c_key_2018-10-08 04:10:46.358594,,,1,2,,bpm,429664,,,1,,,,,,,,,,,,
20160306,c_key_2016-03-06 16:47:13.317113,,,91,1,,bancamarche,401995,,,2,,,,,,,,,,,,
20160624,c_key_2016-06-24 20:01:53.667145,,,88,1,,bpm,429664,,,0,,,,,,,,,,,,
20151009,c_key_2015-10-09 20:58:45.358732,,,0,2,,bancamarche,357451,,,0,,,,,,,,,,,,
20150719,c_key_2015-07-19 07:38:06.280982,,,27,1,,ubi,322309,,,2,,,,,,,,,,,,
20180302,c_key_2018-03-02 09:31:08.313925,,,88,0,,bancamarche,290106,,,0,,,,,,,,,,,,
20180124,c_key_2018-01-24 10:11:06.103367,,,0,1,,bpm,322309,,,0,,,,,,,,,,,,
20170218,c_key_2017-02-18 09:34:37.092755,,,1,0,,bancamarche,299409,,,0,,,,,,,,,,,,
20170128,c_key_2017-01-28 03:15:27.047951,,,1,0,,bancamarche,422013,,,2,,,,,,,,,,,,
20150723,c_key_2015-07-23 17:27:11.953550,,,1,0,,bancamarche,401995,,,2,,,,,,,,,,,,
20170312,c_key_2017-03-12 22:02:54.024986,,,88,0,,ubi,422013,,,1,,,,,,,,,,,,
20190211,c_key_2019-02-11 20:14:50.618492,,,0,0,,ubi,440946,,,2,,,,,,,,,,,,
20150906,c_key_2015-09-06 08:53:45.554726,,,91,2,,bancamarche,401995,,,0,,,,,,,,,,,,
20170416,c_key_2017-04-16 06:54:00.100216,,,91,2,,bancamarche,509482,,,0,,,,,,,,,,,,
20180905,c_key_2018-09-05 13:25:01.266897,,,0,2,,bancamarche,355722,,,2,,,,,,,,,,,,
20170921,c_key_2017-09-21 02:11:02.829910,,,27,1,,ubi,357451,,,0,,,,,,,,,,,,
20180823,c_key_2018-08-23 08:08:59.875046,,,0,2,,bpm,290675,,,1,,,,,,,,,,,,
20190306,c_key_2019-03-06 16:27:04.947733,,,88,1,,bpm,406021,,,0,,,,,,,,,,,,
20190204,c_key_2019-02-04 21:39:20.761273,,,27,2,,ubi,467182,,,2,,,,,,,,,,,,
20180104,c_key_2018-01-04 23:27:47.135384,,,88,0,,bpm,312268,,,2,,,,,,,,,,,,
20170720,c_key_2017-07-20 15:11:02.863336,,,1,0,,bancamarche,346574,,,0,,,,,,,,,,,,
20160209,c_key_2016-02-09 22:27:45.828783,,,0,2,,bancamarche,422013,,,2,,,,,,,,,,,,
20170721,c_key_2017-07-21 16:16:21.965306,,,1,0,,bpm,290106,,,1,,,,,,,,,,,,
20161022,c_key_2016-10-22 13:43:45.204052,,,0,1,,ubi,290106,,,1,,,,,,,,,,,,
20161013,c_key_2016-10-13 18:17:41.922739,,,91,1,,bancamarche,422013,,,1,,,,,,,,,,,,
20171124,c_key_2017-11-24 11:26:12.164001,,,1,2,,bpm,312268,,,1,,,,,,,,,,,,
20150618,c_key_2015-06-18 08:26:35.111173,,,88,1,,bpm,346574,,,2,,,,,,,,,,,,
20190124,c_key_2019-01-24 17:34:30.403578,,,0,1,,bancamarche,286707,,,1,,,,,,,,,,,,
20161113,c_key_2016-11-13 19:43:19.119607,,,1,1,,ubi,290106,,,0,,,,,,,,,,,,
20171015,c_key_2017-10-15 08:47:40.921777,,,0,1,,bancamarche,406021,,,0,,,,,,,,,,,,
20160921,c_key_2016-09-21 18:25:29.778032,,,88,2,,bpm,355722,,,2,,,,,,,,,,,,
20160205,c_key_2016-02-05 06:40:58.625673,,,91,1,,bancamarche,290675,,,2,,,,,,,,,,,,
20160826,c_key_2016-08-26 02:03:40.787200,,,88,2,,bpm,290675,,,0,,,,,,,,,,,,
20160910,c_key_2016-09-10 01:24:51.778239,,,88,1,,ubi,467182,,,0,,,,,,,,,,,,
20151207,c_key_2015-12-07 04:00:48.052513,,,27,1,,bancamarche,285421,,,1,,,,,,,,,,,,
20161003,c_key_2016-10-03 16:06:26.802668,,,88,0,,bpm,346574,,,2,,,,,,,,,,,,
20160207,c_key_2016-02-07 12:01:29.593082,,,0,0,,ubi,509482,,,1,,,,,,,,,,,,
20180730,c_key_2018-07-30 16:14:22.416055,,,88,2,,ubi,290106,,,1,,,,,,,,,,,,
20180102,c_key_2018-01-02 15:43:42.000728,,,0,1,,bpm,290675,,,0,,,,,,,,,,,,
20181213,c_key_2018-12-13 03:06:10.617964,,,1,0,,bancamarche,509482,,,1,,,,,,,,,,,,
20181006,c_key_2018-10-06 19:27:47.279119,,,0,0,,bancamarche,312268,,,1,,,,,,,,,,,,
20170215,c_key_2017-02-15 11:40:52.661550,,,27,1,,bpm,286707,,,2,,,,,,,,,,,,
20180803,c_key_2018-08-03 12:06:13.329142,,,1,0,,bpm,359362,,,1,,,,,,,,,,,,
20170308,c_key_2017-03-08 18:44:26.513883,,,88,0,,bancamarche,440946,,,1,,,,,,,,,,,,
20170223,c_key_2017-02-23 04:58:15.084893,,,0,0,,ubi,467182,,,0,,,,,,,,,,,,
20160915,c_key_2016-09-15 00:40:49.854344,,,1,2,,ubi,457999,,,1,,,,,,,,,,,,
20180614,c_key_2018-06-14 17:54:48.672411,,,1,2,,bancamarche,359362,,,1,,,,,,,,,,,,
20160321,c_key_2016-03-21 17:55:28.148717,,,91,1,,bpm,359362,,,0,,,,,,,,,,,,
20190305,c_key_2019-03-05 15:31:24.879870,,,91,0,,bancamarche,357451,,,0,,,,,,,,,,,,
20180614,c_key_2018-06-14 19:28:07.059260,,,27,0,,bpm,299409,,,2,,,,,,,,,,,,
20160221,c_key_2016-02-21 08:25:32.162585,,,91,1,,ubi,346574,,,2,,,,,,,,,,,,
20180706,c_key_2018-07-06 04:38:01.700556,,,91,0,,ubi,406021,,,1,,,,,,,,,,,,
20170615,c_key_2017-06-15 05:14:25.753075,,,27,0,,bancamarche,286707,,,1,,,,,,,,,,,,
20180410,c_key_2018-04-10 23:17:24.966201,,,91,2,,bpm,467182,,,1,,,,,,,,,,,,
20170327,c_key_2017-03-27 09:49:47.361519,,,88,1,,bancamarche,346574,,,2,,,,,,,,,,,,
20161024,c_key_2016-10-24 02:18:31.886480,,,91,2,,bpm,309588,,,1,,,,,,,,,,,,
20171006,c_key_2017-10-06 21:27:32.442383,,,91,0,,bpm,509482,,,1,,,,,,,,,,,,
20160429,c_key_2016-04-29 16:12:45.220075,,,1,0,,ubi,299409,,,1,,,,,,,,,,,,
20181026,c_key_2018-10-26 16:41:23.684723,,,88,0,,ubi,322309,,,0,,,,,,,,,,,,
20190417,c_key_2019-04-17 08:45:21.361631,,,27,2,,bpm,285421,,,2,,,,,,,,,,,,
20180202,c_key_2018-02-02 01:53:15.065275,,,1,2,,bancamarche,401995,,,1,,,,,,,,,,,,
20181030,c_key_2018-10-30 15:47:22.780000,,,91,0,,bpm,457999,,,1,,,,,,,,,,,,
20190414,c_key_2019-04-14 14:23:39.360980,,,27,2,,bancamarche,290675,,,1,,,,,,,,,,,,
20151212,c_key_2015-12-12 07:33:25.951762,,,88,0,,bpm,312268,,,0,,,,,,,,,,,,
20170531,c_key_2017-05-31 12:17:35.433861,,,27,2,,bpm,422013,,,2,,,,,,,,,,,,
20160503,c_key_2016-05-03 22:02:50.041749,,,1,2,,ubi,440946,,,1,,,,,,,,,,,,
20160121,c_key_2016-01-21 20:01:51.343709,,,0,1,,bancamarche,322309,,,2,,,,,,,,,,,,
20170121,c_key_2017-01-21 09:10:51.500971,,,1,1,,ubi,322309,,,2,,,,,,,,,,,,
20161001,c_key_2016-10-01 08:30:46.355909,,,88,2,,bancamarche,299409,,,2,,,,,,,,,,,,
20181020,c_key_2018-10-20 11:15:12.658205,,,88,2,,bancamarche,355722,,,1,,,,,,,,,,,,
20190505,c_key_2019-05-05 12:11:28.242511,,,27,2,,bancamarche,440946,,,1,,,,,,,,,,,,
20151020,c_key_2015-10-20 00:45:36.096205,,,0,1,,bpm,290675,,,2,,,,,,,,,,,,
20170610,c_key_2017-06-10 16:47:41.940032,,,0,2,,bpm,285421,,,1,,,,,,,,,,,,
20160503,c_key_2016-05-03 19:24:44.304976,,,27,1,,bancamarche,322309,,,1,,,,,,,,,,,,
20190508,c_key_2019-05-08 09:04:22.785225,,,1,0,,ubi,359362,,,1,,,,,,,,,,,,
20181030,c_key_2018-10-30 15:09:34.432410,,,1,0,,ubi,467182,,,1,,,,,,,,,,,,
20180703,c_key_2018-07-03 10:05:23.375921,,,88,1,,bpm,422013,,,1,,,,,,,,,,,,
20180616,c_key_2018-06-16 13:08:02.972421,,,88,2,,bpm,299409,,,1,,,,,,,,,,,,
20170326,c_key_2017-03-26 08:49:25.766448,,,1,0,,ubi,509482,,,0,,,,,,,,,,,,
20180731,c_key_2018-07-31 05:51:30.310655,,,27,2,,ubi,290106,,,2,,,,,,,,,,,,
20160119,c_key_2016-01-19 22:11:57.319700,,,27,0,,bancamarche,309588,,,2,,,,,,,,,,,,
20170706,c_key_2017-07-06 20:32:05.780364,,,91,1,,bpm,290675,,,2,,,,,,,,,,,,
20170202,c_key_2017-02-02 08:44:51.185174,,,0,0,,bpm,509482,,,1,,,,,,,,,,,,
20171017,c_key_2017-10-17 11:20:34.052079,,,1,0,,bancamarche,286707,,,1,,,,,,,,,,,,
20170608,c_key_2017-06-08 03:56:56.054499,,,91,0,,bpm,357451,,,0,,,,,,,,,,,,
20180524,c_key_2018-05-24 11:31:00.225627,,,27,2,,ubi,440946,,,0,,,,,,,,,,,,
20190411,c_key_2019-04-11 00:57:35.835722,,,91,1,,bpm,309588,,,2,,,,,,,,,,,,
20151104,c_key_2015-11-04 02:48:42.884513,,,88,2,,bancamarche,346574,,,2,,,,,,,,,,,,
20190310,c_key_2019-03-10 17:24:58.200191,,,88,1,,ubi,285421,,,1,,,,,,,,,,,,
20180305,c_key_2018-03-05 09:28:52.142248,,,1,1,,bpm,406021,,,1,,,,,,,,,,,,
20160812,c_key_2016-08-12 11:06:26.379607,,,91,1,,bancamarche,299409,,,2,,,,,,,,,,,,
20170414,c_key_2017-04-14 19:55:35.189868,,,1,0,,ubi,422013,,,2,,,,,,,,,,,,
20160226,c_key_2016-02-26 21:59:11.038499,,,1,2,,bpm,357451,,,0,,,,,,,,,,,,
20161124,c_key_2016-11-24 04:49:24.171553,,,91,2,,bancamarche,457999,,,0,,,,,,,,,,,,
20171106,c_key_2017-11-06 11:33:43.151690,,,88,0,,ubi,309588,,,1,,,,,,,,,,,,
20170226,c_key_2017-02-26 23:43:30.895346,,,91,0,,bpm,355722,,,0,,,,,,,,,,,,
20181116,c_key_2018-11-16 20:00:35.560290,,,88,0,,bancamarche,406021,,,0,,,,,,,,,,,,
20151203,c_key_2015-12-03 18:44:14.091841,,,1,2,,bpm,312268,,,2,,,,,,,,,,,,
20190205,c_key_2019-02-05 17:43:05.935866,,,27,0,,bancamarche,401995,,,2,,,,,,,,,,,,
20160311,c_key_2016-03-11 22:52:45.935927,,,0,0,,bancamarche,429664,,,0,,,,,,,,,,,,
20190205,c_key_2019-02-05 16:47:22.268309,,,1,0,,bpm,322309,,,1,,,,,,,,,,,,
20180722,c_key_2018-07-22 08:59:29.842958,,,27,0,,bpm,509482,,,2,,,,,,,,,,,,
20160915,c_key_2016-09-15 12:26:47.026882,,,91,0,,bpm,286707,,,0,,,,,,,,,,,,
20160726,c_key_2016-07-26 18:39:35.919776,,,1,0,,ubi,346574,,,2,,,,,,,,,,,,
20150617,c_key_2015-06-17 04:51:37.913676,,,0,0,,ubi,285421,,,2,,,,,,,,,,,,
20170214,c_key_2017-02-14 15:28:17.965253,,,91,0,,bpm,285421,,,0,,,,,,,,,,,,
20170408,c_key_2017-04-08 17:54:50.105843,,,1,1,,bancamarche,467182,,,0,,,,,,,,,,,,
20160511,c_key_2016-05-11 14:59:12.370113,,,27,0,,ubi,401995,,,0,,,,,,,,,,,,
20170413,c_key_2017-04-13 07:55:41.459638,,,0,1,,ubi,299409,,,1,,,,,,,,,,,,
20170101,c_key_2017-01-01 09:42:22.642504,,,91,2,,bpm,357451,,,2,,,,,,,,,,,,
20151104,c_key_2015-11-04 05:56:36.508723,,,88,2,,bpm,309588,,,1,,,,,,,,,,,,
20180201,c_key_2018-02-01 11:35:05.424399,,,1,2,,bancamarche,346574,,,0,,,,,,,,,,,,
20181221,c_key_2018-12-21 14:07:53.479947,,,88,1,,bpm,346574,,,1,,,,,,,,,,,,
20180407,c_key_2018-04-07 08:50:19.751824,,,88,0,,bpm,346574,,,0,,,,,,,,,,,,
20160120,c_key_2016-01-20 03:30:48.561318,,,27,2,,ubi,467182,,,2,,,,,,,,,,,,
20160221,c_key_2016-02-21 02:49:56.185721,,,91,2,,bpm,457999,,,1,,,,,,,,,,,,
20190103,c_key_2019-01-03 13:28:11.660072,,,88,0,,bancamarche,457999,,,0,,,,,,,,,,,,
20170604,c_key_2017-06-04 22:17:50.556599,,,1,1,,bpm,290675,,,0,,,,,,,,,,,,
20181004,c_key_2018-10-04 20:28:51.560199,,,27,2,,ubi,401995,,,2,,,,,,,,,,,,
20160727,c_key_2016-07-27 04:11:20.020142,,,1,0,,bpm,429664,,,0,,,,,,,,,,,,
20161210,c_key_2016-12-10 14:44:55.299134,,,0,2,,bpm,467182,,,1,,,,,,,,,,,,
20150829,c_key_2015-08-29 09:23:03.763385,,,91,1,,bpm,355722,,,1,,,,,,,,,,,,
20150831,c_key_2015-08-31 02:11:43.538668,,,27,1,,bancamarche,509482,,,1,,,,,,,,,,,,
20170112,c_key_2017-01-12 08:38:04.227738,,,1,1,,ubi,355722,,,1,,,,,,,,,,,,
20160803,c_key_2016-08-03 01:41:49.541854,,,0,0,,ubi,286707,,,0,,,,,,,,,,,,
20170618,c_key_2017-06-18 21:22:54.904165,,,0,0,,ubi,457999,,,1,,,,,,,,,,,,
20160811,c_key_2016-08-11 19:05:29.319805,,,0,2,,bpm,309588,,,2,,,,,,,,,,,,
20170915,c_key_2017-09-15 21:42:36.624853,,,27,1,,ubi,355722,,,2,,,,,,,,,,,,
20180629,c_key_2018-06-29 23:56:32.729179,,,91,2,,ubi,422013,,,1,,,,,,,,,,,,
20151010,c_key_2015-10-10 11:04:52.984292,,,88,0,,bpm,286707,,,2,,,,,,,,,,,,
20161006,c_key_2016-10-06 13:15:16.208386,,,1,1,,bancamarche,457999,,,2,,,,,,,,,,,,
20151213,c_key_2015-12-13 04:24:46.779199,,,0,1,,ubi,440946,,,0,,,,,,,,,,,,
20151215,c_key_2015-12-15 17:11:40.886690,,,1,1,,ubi,312268,,,0,,,,,,,,,,,,
20160504,c_key_2016-05-04 22:09:03.688150,,,91,2,,ubi,509482,,,2,,,,,,,,,,,,
20180604,c_key_2018-06-04 17:19:11.690767,,,1,0,,bancamarche,355722,,,0,,,,,,,,,,,,
20180228,c_key_2018-02-28 12:03:27.205717,,,91,0,,bancamarche,359362,,,1,,,,,,,,,,,,
20160911,c_key_2016-09-11 22:27:27.770013,,,27,0,,bancamarche,309588,,,1,,,,,,,,,,,,
20160905,c_key_2016-09-05 10:31:11.675007,,,88,2,,bpm,429664,,,0,,,,,,,,,,,,
20171214,c_key_2017-12-14 16:57:40.570224,,,88,1,,bpm,286707,,,0,,,,,,,,,,,,
20150826,c_key_2015-08-26 17:14:20.694598,,,0,0,,bancamarche,290106,,,1,,,,,,,,,,,,
20181123,c_key_2018-11-23 00:30:04.810185,,,88,1,,bancamarche,290675,,,2,,,,,,,,,,,,
20190107,c_key_2019-01-07 23:04:08.222246,,,0,1,,bancamarche,406021,,,1,,,,,,,,,,,,
20171111,c_key_2017-11-11 12:10:43.885628,,,88,1,,bpm,355722,,,0,,,,,,,,,,,,
20180225,c_key_2018-02-25 10:41:15.597994,,,27,2,,bancamarche,406021,,,0,,,,,,,,,,,,
20170624,c_key_2017-06-24 02:28:14.875538,,,1,0,,bancamarche,290106,,,1,,,,,,,,,,,,
20180703,c_key_2018-07-03 01:15:18.991142,,,27,2,,bancamarche,346574,,,0,,,,,,,,,,,,
20190504,c_key_2019-05-04 09:38:59.725852,,,88,1,,bancamarche,299409,,,1,,,,,,,,,,,,
20170306,c_key_2017-03-06 21:39:01.949416,,,0,2,,bancamarche,457999,,,0,,,,,,,,,,,,
20160504,c_key_2016-05-04 03:44:57.253381,,,27,1,,bancamarche,359362,,,1,,,,,,,,,,,,
20161221,c_key_2016-12-21 10:14:58.341311,,,27,0,,bancamarche,286707,,,1,,,,,,,,,,,,
20171121,c_key_2017-11-21 18:07:01.790831,,,88,0,,bpm,422013,,,2,,,,,,,,,,,,
20180107,c_key_2018-01-07 13:31:13.402910,,,88,1,,ubi,312268,,,0,,,,,,,,,,,,
20180915,c_key_2018-09-15 07:01:28.300906,,,27,2,,bancamarche,429664,,,2,,,,,,,,,,,,
20181127,c_key_2018-11-27 04:28:20.016025,,,1,2,,bancamarche,406021,,,0,,,,,,,,,,,,
20151020,c_key_2015-10-20 19:17:21.408056,,,1,2,,bancamarche,422013,,,2,,,,,,,,,,,,
20180727,c_key_2018-07-27 08:53:00.493240,,,0,2,,bancamarche,401995,,,0,,,,,,,,,,,,
20160811,c_key_2016-08-11 14:25:09.837344,,,27,0,,bpm,357451,,,0,,,,,,,,,,,,
20170901,c_key_2017-09-01 08:11:45.033238,,,88,0,,bpm,309588,,,2,,,,,,,,,,,,
20160316,c_key_2016-03-16 00:48:00.437395,,,91,0,,bpm,467182,,,1,,,,,,,,,,,,
20151222,c_key_2015-12-22 12:43:53.327046,,,0,0,,ubi,312268,,,1,,,,,,,,,,,,
20180422,c_key_2018-04-22 23:54:57.769543,,,27,1,,bancamarche,322309,,,2,,,,,,,,,,,,
20170709,c_key_2017-07-09 17:17:29.836323,,,27,0,,ubi,312268,,,2,,,,,,,,,,,,
20150910,c_key_2015-09-10 08:55:37.874796,,,88,1,,ubi,359362,,,0,,,,,,,,,,,,
20160417,c_key_2016-04-17 20:49:00.641000,,,91,2,,bpm,357451,,,1,,,,,,,,,,,,
20181205,c_key_2018-12-05 17:56:04.052675,,,91,2,,ubi,357451,,,1,,,,,,,,,,,,
20170927,c_key_2017-09-27 15:14:10.461841,,,0,0,,bancamarche,440946,,,2,,,,,,,,,,,,
20180630,c_key_2018-06-30 18:50:13.144484,,,1,0,,bpm,359362,,,0,,,,,,,,,,,,
20170629,c_key_2017-06-29 10:46:39.755188,,,91,1,,bancamarche,290675,,,1,,,,,,,,,,,,
20150605,c_key_2015-06-05 19:41:48.752107,,,91,2,,ubi,290106,,,0,,,,,,,,,,,,
20161104,c_key_2016-11-04 20:17:58.339585,,,0,2,,bpm,457999,,,1,,,,,,,,,,,,
20170809,c_key_2017-08-09 10:25:31.240329,,,91,0,,bancamarche,322309,,,0,,,,,,,,,,,,
20180724,c_key_2018-07-24 20:47:23.753315,,,88,0,,bancamarche,322309,,,0,,,,,,,,,,,,
20190301,c_key_2019-03-01 08:01:42.941383,,,91,0,,ubi,285421,,,0,,,,,,,,,,,,
20180704,c_key_2018-07-04 06:59:21.251573,,,27,0,,bancamarche,429664,,,2,,,,,,,,,,,,
20170909,c_key_2017-09-09 07:05:35.418126,,,0,2,,bancamarche,457999,,,0,,,,,,,,,,,,
20151008,c_key_2015-10-08 06:14:28.601190,,,0,1,,bpm,509482,,,1,,,,,,,,,,,,
20181003,c_key_2018-10-03 19:36:01.941248,,,0,0,,ubi,406021,,,2,,,,,,,,,,,,
20161109,c_key_2016-11-09 01:01:58.401260,,,27,0,,bpm,299409,,,2,,,,,,,,,,,,
20160707,c_key_2016-07-07 01:07:46.884663,,,0,0,,ubi,467182,,,1,,,,,,,,,,,,
20150925,c_key_2015-09-25 08:41:20.421045,,,27,2,,bpm,286707,,,1,,,,,,,,,,,,
20151208,c_key_2015-12-08 07:09:58.856412,,,0,2,,bancamarche,359362,,,0,,,,,,,,,,,,
20190525,c_key_2019-05-25 20:53:07.455923,,,91,0,,bpm,322309,,,1,,,,,,,,,,,,
20161130,c_key_2016-11-30 06:45:47.904461,,,1,1,,bpm,429664,,,1,,,,,,,,,,,,
20170128,c_key_2017-01-28 00:22:34.017128,,,1,2,,bancamarche,285421,,,1,,,,,,,,,,,,
20190504,c_key_2019-05-04 17:42:48.052391,,,27,0,,bpm,299409,,,1,,,,,,,,,,,,
20170503,c_key_2017-05-03 11:37:58.110580,,,91,1,,bpm,355722,,,1,,,,,,,,,,,,
20180917,c_key_2018-09-17 18:50:16.165108,,,88,2,,bpm,429664,,,0,,,,,,,,,,,,
20190128,c_key_2019-01-28 10:59:21.292770,,,91,2,,ubi,285421,,,1,,,,,,,,,,,,
20170328,c_key_2017-03-28 09:46:00.715636,,,0,2,,ubi,355722,,,1,,,,,,,,,,,,
20170526,c_key_2017-05-26 12:12:13.074754,,,27,2,,bpm,467182,,,1,,,,,,,,,,,,
20181120,c_key_2018-11-20 13:39:27.813280,,,0,1,,bancamarche,509482,,,2,,,,,,,,,,,,
20150831,c_key_2015-08-31 10:38:58.811656,,,27,0,,ubi,359362,,,1,,,,,,,,,,,,
20180916,c_key_2018-09-16 19:26:18.832425,,,0,0,,bancamarche,357451,,,0,,,,,,,,,,,,
20160227,c_key_2016-02-27 23:17:33.077722,,,27,2,,ubi,457999,,,1,,,,,,,,,,,,
20170512,c_key_2017-05-12 20:05:15.132723,,,88,1,,bancamarche,309588,,,0,,,,,,,,,,,,
20160810,c_key_2016-08-10 21:41:17.401092,,,91,1,,ubi,299409,,,1,,,,,,,,,,,,
20190410,c_key_2019-04-10 05:01:08.660099,,,27,2,,bpm,359362,,,2,,,,,,,,,,,,
20180302,c_key_2018-03-02 04:31:51.300739,,,88,0,,bancamarche,309588,,,1,,,,,,,,,,,,
20160824,c_key_2016-08-24 08:06:08.703683,,,27,2,,bpm,322309,,,0,,,,,,,,,,,,
20170313,c_key_2017-03-13 12:13:32.230886,,,91,2,,bancamarche,346574,,,2,,,,,,,,,,,,
20160925,c_key_2016-09-25 06:16:23.835920,,,91,1,,ubi,406021,,,0,,,,,,,,,,,,
20180909,c_key_2018-09-09 23:22:17.046323,,,27,1,,bpm,309588,,,0,,,,,,,,,,,,
20170111,c_key_2017-01-11 02:28:30.206367,,,91,2,,bancamarche,440946,,,1,,,,,,,,,,,,
20180615,c_key_2018-06-15 15:39:52.518124,,,0,1,,bpm,322309,,,1,,,,,,,,,,,,
20170224,c_key_2017-02-24 05:15:55.634667,,,27,0,,ubi,406021,,,2,,,,,,,,,,,,
20170329,c_key_2017-03-29 15:58:17.331073,,,27,2,,ubi,346574,,,2,,,,,,,,,,,,
20160919,c_key_2016-09-19 16:13:36.753701,,,88,1,,bancamarche,357451,,,0,,,,,,,,,,,,
20160427,c_key_2016-04-27 21:16:58.947972,,,0,1,,bpm,457999,,,1,,,,,,,,,,,,
20160610,c_key_2016-06-10 09:12:51.833954,,,88,2,,bancamarche,509482,,,1,,,,,,,,,,,,
20190301,c_key_2019-03-01 21:11:21.013830,,,27,2,,bpm,355722,,,2,,,,,,,,,,,,
20170518,c_key_2017-05-18 04:00:02.236648,,,91,1,,bpm,357451,,,2,,,,,,,,,,,,
20171116,c_key_2017-11-16 19:09:03.648206,,,88,0,,ubi,322309,,,1,,,,,,,,,,,,
20150908,c_key_2015-09-08 16:30:19.629774,,,88,2,,bancamarche,357451,,,0,,,,,,,,,,,,
20161229,c_key_2016-12-29 21:56:42.150563,,,0,2,,bancamarche,467182,,,2,,,,,,,,,,,,
20190420,c_key_2019-04-20 16:49:31.155495,,,0,1,,bpm,406021,,,0,,,,,,,,,,,,
20160703,c_key_2016-07-03 16:47:22.100402,,,91,0,,bpm,457999,,,0,,,,,,,,,,,,
20180721,c_key_2018-07-21 04:36:13.540924,,,88,2,,bpm,290675,,,1,,,,,,,,,,,,
20151119,c_key_2015-11-19 23:06:48.212405,,,0,1,,bpm,440946,,,1,,,,,,,,,,,,
20150828,c_key_2015-08-28 20:03:45.912692,,,1,2,,bpm,290106,,,2,,,,,,,,,,,,
20171019,c_key_2017-10-19 20:16:39.050492,,,0,1,,bpm,346574,,,2,,,,,,,,,,,,
20151009,c_key_2015-10-09 15:53:11.809876,,,88,0,,bpm,429664,,,1,,,,,,,,,,,,
20160729,c_key_2016-07-29 19:36:29.216475,,,91,0,,bancamarche,422013,,,1,,,,,,,,,,,,
20181021,c_key_2018-10-21 05:15:58.940334,,,88,0,,bpm,346574,,,0,,,,,,,,,,,,
20160731,c_key_2016-07-31 14:59:48.395854,,,88,2,,bpm,509482,,,1,,,,,,,,,,,,
20170228,c_key_2017-02-28 02:06:21.710778,,,88,1,,bpm,429664,,,1,,,,,,,,,,,,
20171220,c_key_2017-12-20 08:53:06.930991,,,0,0,,ubi,359362,,,0,,,,,,,,,,,,
20161012,c_key_2016-10-12 02:20:28.022135,,,1,0,,bpm,322309,,,2,,,,,,,,,,,,
20190212,c_key_2019-02-12 14:34:36.498622,,,27,2,,bancamarche,406021,,,2,,,,,,,,,,,,
20150622,c_key_2015-06-22 13:07:08.440164,,,0,2,,bancamarche,357451,,,2,,,,,,,,,,,,
20161025,c_key_2016-10-25 14:08:44.295261,,,0,2,,bpm,309588,,,0,,,,,,,,,,,,
20171215,c_key_2017-12-15 02:39:08.740967,,,27,2,,bancamarche,357451,,,1,,,,,,,,,,,,
20170816,c_key_2017-08-16 11:23:06.960825,,,88,0,,bpm,286707,,,0,,,,,,,,,,,,
20170122,c_key_2017-01-22 12:40:00.214359,,,1,2,,ubi,509482,,,2,,,,,,,,,,,,
20160225,c_key_2016-02-25 11:11:58.016556,,,0,0,,bpm,290675,,,0,,,,,,,,,,,,
20170813,c_key_2017-08-13 12:01:18.596552,,,1,2,,bancamarche,467182,,,0,,,,,,,,,,,,
20160325,c_key_2016-03-25 23:47:58.934050,,,91,0,,bpm,429664,,,2,,,,,,,,,,,,
20180628,c_key_2018-06-28 12:18:34.667033,,,1,0,,ubi,285421,,,2,,,,,,,,,,,,
20151117,c_key_2015-11-17 15:43:57.652598,,,1,0,,ubi,359362,,,2,,,,,,,,,,,,
20170109,c_key_2017-01-09 12:31:34.675580,,,0,2,,ubi,309588,,,0,,,,,,,,,,,,
20181125,c_key_2018-11-25 17:18:41.367666,,,91,2,,ubi,286707,,,1,,,,,,,,,,,,
20170912,c_key_2017-09-12 06:20:51.292041,,,0,1,,ubi,290106,,,0,,,,,,,,,,,,
20160426,c_key_2016-04-26 04:53:05.241073,,,1,1,,bpm,406021,,,1,,,,,,,,,,,,
20160502,c_key_2016-05-02 15:55:21.595606,,,27,2,,bancamarche,355722,,,0,,,,,,,,,,,,
20160304,c_key_2016-03-04 03:10:49.337504,,,88,0,,ubi,422013,,,1,,,,,,,,,,,,
20150708,c_key_2015-07-08 13:57:31.146271,,,0,0,,ubi,309588,,,2,,,,,,,,,,,,
20161217,c_key_2016-12-17 06:00:14.107756,,,27,0,,bpm,355722,,,1,,,,,,,,,,,,
20180111,c_key_2018-01-11 04:11:51.543372,,,1,2,,bpm,286707,,,2,,,,,,,,,,,,
20160923,c_key_2016-09-23 03:51:55.357362,,,27,1,,bancamarche,401995,,,0,,,,,,,,,,,,
20160930,c_key_2016-09-30 00:25:36.555517,,,0,2,,bpm,359362,,,0,,,,,,,,,,,,
20170104,c_key_2017-01-04 19:15:26.389552,,,0,0,,bancamarche,299409,,,1,,,,,,,,,,,,
20180831,c_key_2018-08-31 07:53:40.213279,,,27,2,,ubi,285421,,,2,,,,,,,,,,,,
20190514,c_key_2019-05-14 20:25:49.148767,,,88,2,,bancamarche,422013,,,0,,,,,,,,,,,,
20161212,c_key_2016-12-12 19:33:59.388566,,,27,2,,bancamarche,309588,,,1,,,,,,,,,,,,
20190526,c_key_2019-05-26 13:21:35.577163,,,27,2,,ubi,346574,,,2,,,,,,,,,,,,
20170209,c_key_2017-02-09 23:25:40.023615,,,27,1,,ubi,359362,,,1,,,,,,,,,,,,
20190325,c_key_2019-03-25 10:01:02.804141,,,27,1,,bpm,457999,,,0,,,,,,,,,,,,
20170722,c_key_2017-07-22 12:25:29.062279,,,27,2,,bpm,440946,,,2,,,,,,,,,,,,
20181115,c_key_2018-11-15 04:56:15.877876,,,0,2,,bancamarche,290675,,,1,,,,,,,,,,,,
20180613,c_key_2018-06-13 05:36:14.014389,,,1,0,,ubi,322309,,,1,,,,,,,,,,,,
20180930,c_key_2018-09-30 23:16:58.459756,,,0,2,,ubi,285421,,,1,,,,,,,,,,,,
20160225,c_key_2016-02-25 07:18:12.980277,,,1,2,,bancamarche,285421,,,1,,,,,,,,,,,,
20150604,c_key_2015-06-04 04:09:37.316364,,,91,2,,ubi,440946,,,1,,,,,,,,,,,,
20180613,c_key_2018-06-13 01:27:49.663777,,,27,0,,bancamarche,312268,,,2,,,,,,,,,,,,
20180614,c_key_2018-06-14 17:06:31.092360,,,0,0,,bpm,422013,,,1,,,,,,,,,,,,
20180923,c_key_2018-09-23 00:49:43.991865,,,91,0,,bpm,285421,,,0,,,,,,,,,,,,
20150904,c_key_2015-09-04 09:12:21.563357,,,91,2,,bpm,509482,,,0,,,,,,,,,,,,
20170119,c_key_2017-01-19 13:28:15.318827,,,1,1,,bpm,422013,,,2,,,,,,,,,,,,
20181108,c_key_2018-11-08 17:55:02.917117,,,27,1,,ubi,309588,,,2,,,,,,,,,,,,
20170430,c_key_2017-04-30 09:24:12.232153,,,27,1,,ubi,457999,,,1,,,,,,,,,,,,
20151126,c_key_2015-11-26 11:21:31.670513,,,1,2,,bpm,359362,,,2,,,,,,,,,,,,
20150630,c_key_2015-06-30 09:45:02.243211,,,1,2,,ubi,309588,,,1,,,,,,,,,,,,
20180510,c_key_2018-05-10 12:22:30.972218,,,1,0,,ubi,286707,,,0,,,,,,,,,,,,
20171026,c_key_2017-10-26 05:38:49.064665,,,91,2,,bpm,286707,,,1,,,,,,,,,,,,
20170620,c_key_2017-06-20 08:06:11.678624,,,27,0,,bpm,357451,,,2,,,,,,,,,,,,
20190131,c_key_2019-01-31 10:41:03.247116,,,1,2,,ubi,309588,,,2,,,,,,,,,,,,
20180626,c_key_2018-06-26 18:03:10.516402,,,27,2,,bancamarche,346574,,,0,,,,,,,,,,,,
20160424,c_key_2016-04-24 15:56:00.982523,,,88,1,,bpm,355722,,,2,,,,,,,,,,,,
20180709,c_key_2018-07-09 13:16:16.545858,,,0,0,,bpm,312268,,,0,,,,,,,,,,,,
20151206,c_key_2015-12-06 10:33:23.960069,,,1,1,,bancamarche,299409,,,1,,,,,,,,,,,,
20170919,c_key_2017-09-19 16:22:50.068908,,,0,1,,bancamarche,457999,,,0,,,,,,,,,,,,
20150708,c_key_2015-07-08 21:04:38.614127,,,27,2,,bpm,457999,,,2,,,,,,,,,,,,
20161121,c_key_2016-11-21 14:17:30.252980,,,0,2,,bpm,467182,,,1,,,,,,,,,,,,
20170902,c_key_2017-09-02 08:37:04.249764,,,27,2,,bancamarche,355722,,,0,,,,,,,,,,,,
20160325,c_key_2016-03-25 07:10:09.908975,,,0,2,,ubi,509482,,,0,,,,,,,,,,,,
20181122,c_key_2018-11-22 19:21:51.831580,,,0,2,,ubi,346574,,,0,,,,,,,,,,,,
20180115,c_key_2018-01-15 20:23:18.282603,,,1,1,,bpm,467182,,,0,,,,,,,,,,,,
20170513,c_key_2017-05-13 09:10:36.089719,,,0,1,,bancamarche,359362,,,1,,,,,,,,,,,,
20190210,c_key_2019-02-10 06:00:07.140186,,,88,2,,ubi,322309,,,2,,,,,,,,,,,,
20180316,c_key_2018-03-16 00:28:59.551659,,,0,2,,bancamarche,309588,,,2,,,,,,,,,,,,
20170524,c_key_2017-05-24 03:28:04.418352,,,1,1,,bancamarche,457999,,,2,,,,,,,,,,,,
20180816,c_key_2018-08-16 15:49:52.491787,,,88,1,,bpm,286707,,,0,,,,,,,,,,,,
20170114,c_key_2017-01-14 19:08:51.659416,,,0,0,,bpm,359362,,,0,,,,,,,,,,,,
20170622,c_key_2017-06-22 00:29:05.588615,,,27,2,,bancamarche,285421,,,2,,,,,,,,,,,,
20181219,c_key_2018-12-19 16:13:25.895811,,,27,2,,bancamarche,286707,,,2,,,,,,,,,,,,
20190106,c_key_2019-01-06 17:11:46.492189,,,1,1,,ubi,355722,,,0,,,,,,,,,,,,
20161001,c_key_2016-10-01 05:27:47.546803,,,88,2,,ubi,401995,,,0,,,,,,,,,,,,
20170126,c_key_2017-01-26 10:32:32.417851,,,88,2,,bpm,457999,,,0,,,,,,,,,,,,
20180524,c_key_2018-05-24 05:22:41.377414,,,1,2,,bancamarche,290106,,,0,,,,,,,,,,,,
20181005,c_key_2018-10-05 14:46:40.643497,,,1,1,,bancamarche,355722,,,0,,,,,,,,,,,,
20180706,c_key_2018-07-06 05:22:58.638063,,,0,1,,bancamarche,322309,,,0,,,,,,,,,,,,
20161017,c_key_2016-10-17 14:50:16.429108,,,27,1,,bpm,509482,,,0,,,,,,,,,,,,
20181026,c_key_2018-10-26 04:44:05.981494,,,88,0,,bancamarche,299409,,,2,,,,,,,,,,,,
20170204,c_key_2017-02-04 03:46:35.804625,,,91,2,,bpm,285421,,,0,,,,,,,,,,,,
20160608,c_key_2016-06-08 10:19:06.163219,,,88,1,,bancamarche,440946,,,1,,,,,,,,,,,,
20170125,c_key_2017-01-25 00:03:21.325676,,,27,2,,bancamarche,359362,,,1,,,,,,,,,,,,
20170311,c_key_2017-03-11 04:40:16.855222,,,27,2,,bpm,309588,,,2,,,,,,,,,,,,
20190306,c_key_2019-03-06 05:17:35.227775,,,0,2,,ubi,401995,,,2,,,,,,,,,,,,
20160614,c_key_2016-06-14 05:25:31.684830,,,0,2,,bpm,312268,,,0,,,,,,,,,,,,
20160303,c_key_2016-03-03 06:24:59.159389,,,1,2,,bpm,509482,,,2,,,,,,,,,,,,
20170929,c_key_2017-09-29 00:05:12.793274,,,0,0,,ubi,509482,,,2,,,,,,,,,,,,
20160109,c_key_2016-01-09 19:54:25.297046,,,27,0,,ubi,457999,,,2,,,,,,,,,,,,
20170201,c_key_2017-02-01 08:11:58.785635,,,27,1,,bancamarche,509482,,,2,,,,,,,,,,,,
20180321,c_key_2018-03-21 08:05:32.545857,,,0,0,,ubi,346574,,,1,,,,,,,,,,,,
20181105,c_key_2018-11-05 09:34:46.325708,,,91,1,,ubi,286707,,,0,,,,,,,,,,,,
20160830,c_key_2016-08-30 18:50:45.324653,,,91,1,,bancamarche,290106,,,2,,,,,,,,,,,,
20190128,c_key_2019-01-28 22:42:02.923967,,,1,2,,bpm,355722,,,0,,,,,,,,,,,,
20171202,c_key_2017-12-02 19:21:04.303716,,,1,2,,ubi,359362,,,0,,,,,,,,,,,,
20161025,c_key_2016-10-25 01:44:34.498387,,,27,1,,bpm,509482,,,1,,,,,,,,,,,,
20190220,c_key_2019-02-20 11:35:28.061053,,,1,0,,bancamarche,359362,,,1,,,,,,,,,,,,
20180522,c_key_2018-05-22 03:33:33.929001,,,27,2,,bpm,290675,,,0,,,,,,,,,,,,
20161204,c_key_2016-12-04 10:46:10.931431,,,91,1,,bpm,286707,,,1,,,,,,,,,,,,
20160929,c_key_2016-09-29 21:48:21.562629,,,27,1,,ubi,422013,,,0,,,,,,,,,,,,
20151118,c_key_2015-11-18 14:15:20.435256,,,27,2,,bancamarche,309588,,,1,,,,,,,,,,,,
20151214,c_key_2015-12-14 14:54:40.332869,,,0,1,,bpm,290106,,,1,,,,,,,,,,,,
20180110,c_key_2018-01-10 09:45:12.953962,,,91,0,,bancamarche,509482,,,2,,,,,,,,,,,,
20190421,c_key_2019-04-21 00:40:18.286943,,,27,0,,bancamarche,359362,,,1,,,,,,,,,,,,
20170422,c_key_2017-04-22 11:34:14.862271,,,1,2,,ubi,286707,,,1,,,,,,,,,,,,
20171229,c_key_2017-12-29 21:54:09.683014,,,27,1,,bancamarche,290675,,,0,,,,,,,,,,,,
20160118,c_key_2016-01-18 05:29:58.659909,,,91,0,,bancamarche,429664,,,1,,,,,,,,,,,,
20190227,c_key_2019-02-27 18:21:51.196481,,,91,1,,ubi,509482,,,1,,,,,,,,,,,,
20181009,c_key_2018-10-09 14:25:54.370589,,,88,2,,bpm,290106,,,2,,,,,,,,,,,,
20161229,c_key_2016-12-29 06:14:01.478690,,,0,0,,ubi,467182,,,2,,,,,,,,,,,,
20180219,c_key_2018-02-19 20:15:10.562846,,,91,0,,bancamarche,509482,,,0,,,,,,,,,,,,
20170812,c_key_2017-08-12 01:21:54.447621,,,91,1,,bpm,509482,,,1,,,,,,,,,,,,
20170925,c_key_2017-09-25 09:15:59.501417,,,88,0,,bpm,357451,,,0,,,,,,,,,,,,
20170916,c_key_2017-09-16 10:31:14.673890,,,1,2,,bancamarche,286707,,,1,,,,,,,,,,,,
20190220,c_key_2019-02-20 01:18:00.258674,,,91,2,,bpm,457999,,,1,,,,,,,,,,,,
20151215,c_key_2015-12-15 16:25:21.968897,,,27,1,,bancamarche,290106,,,1,,,,,,,,,,,,
20160920,c_key_2016-09-20 21:19:44.581235,,,88,0,,bpm,309588,,,0,,,,,,,,,,,,
20161130,c_key_2016-11-30 23:28:35.793311,,,1,1,,ubi,440946,,,2,,,,,,,,,,,,
20171011,c_key_2017-10-11 10:00:42.383309,,,27,0,,bancamarche,309588,,,1,,,,,,,,,,,,
20170906,c_key_2017-09-06 14:20:30.088097,,,27,0,,bpm,322309,,,2,,,,,,,,,,,,
20170104,c_key_2017-01-04 06:54:41.169779,,,91,1,,bpm,290675,,,1,,,,,,,,,,,,
20160502,c_key_2016-05-02 12:58:29.111390,,,1,0,,bpm,429664,,,1,,,,,,,,,,,,
20160826,c_key_2016-08-26 13:47:28.388043,,,91,0,,bancamarche,457999,,,0,,,,,,,,,,,,
20150821,c_key_2015-08-21 06:53:08.171607,,,27,1,,bpm,457999,,,1,,,,,,,,,,,,
20181111,c_key_2018-11-11 19:12:14.068278,,,91,0,,ubi,312268,,,0,,,,,,,,,,,,
20151129,c_key_2015-11-29 13:27:01.508476,,,1,1,,ubi,429664,,,0,,,,,,,,,,,,
20151126,c_key_2015-11-26 16:19:01.522039,,,27,2,,bancamarche,286707,,,2,,,,,,,,,,,,
20160211,c_key_2016-02-11 15:59:10.966410,,,27,2,,bancamarche,509482,,,2,,,,,,,,,,,,
20150928,c_key_2015-09-28 19:46:47.726575,,,91,1,,bpm,406021,,,0,,,,,,,,,,,,
20180124,c_key_2018-01-24 23:29:21.205268,,,27,0,,bpm,357451,,,0,,,,,,,,,,,,
20180331,c_key_2018-03-31 03:13:33.861734,,,88,2,,ubi,285421,,,0,,,,,,,,,,,,
20150626,c_key_2015-06-26 23:56:10.893717,,,27,0,,bpm,312268,,,1,,,,,,,,,,,,
20171222,c_key_2017-12-22 15:13:17.086569,,,1,2,,bpm,422013,,,1,,,,,,,,,,,,
20181019,c_key_2018-10-19 19:49:54.921267,,,91,1,,bpm,359362,,,0,,,,,,,,,,,,
20160315,c_key_2016-03-15 18:43:38.766766,,,91,0,,ubi,290675,,,0,,,,,,,,,,,,
20190217,c_key_2019-02-17 07:51:47.879727,,,0,2,,bancamarche,290675,,,0,,,,,,,,,,,,
20160325,c_key_2016-03-25 19:44:16.623328,,,0,0,,ubi,467182,,,2,,,,,,,,,,,,
20151117,c_key_2015-11-17 00:55:57.315635,,,0,1,,ubi,422013,,,0,,,,,,,,,,,,
20160606,c_key_2016-06-06 11:53:50.090664,,,1,2,,bancamarche,312268,,,0,,,,,,,,,,,,
20161031,c_key_2016-10-31 09:12:40.049609,,,91,0,,ubi,299409,,,1,,,,,,,,,,,,
